,location_id,age_group_id,draw,hgb_mean,hgb_std,rr,burden,paf
0,180,8,166,121.28722893540048,14.573865005517332,1.175405,1.0991258177278522,0.09018605161397106
1,214,8,166,106.80641608912639,14.873537851076962,1.175405,1.2926372927705942,0.226387784421232
2,179,8,166,118.69708164726597,14.917421235440992,1.175405,1.126370640998414,0.11219276887969946
3,165,8,166,107.9594943027085,15.455136396125523,1.175405,1.2775086215967943,0.21722641781464333
4,180,9,166,119.50032634362287,13.559855231295636,1.175405,1.106145151914741,0.09595951465411509
5,214,9,166,106.89440310365741,16.238370694902457,1.175405,1.303237601013946,0.23268021178795084
6,179,9,166,117.8838371720301,16.24983270418375,1.175405,1.1474977780698221,0.1285386175805277
7,165,9,166,108.82675450770903,13.468176551804367,1.175405,1.2455444034712673,0.19713821746294055
8,180,10,166,118.41805736143895,13.659578702244046,1.175405,1.1176527370067757,0.10526770356404758
9,214,10,166,108.03920212980555,15.53495023501413,1.175405,1.276869915600933,0.21683486486611273
10,179,10,166,116.88078696237253,15.682492194180437,1.175405,1.1530767490544582,0.13275503922872756
11,165,10,166,108.95075618849536,13.76321310472013,1.175405,1.2459079348320523,0.19737247669523877
12,180,11,166,117.97986862325533,14.489599615253148,1.175405,1.1297946000038666,0.11488336021735486
13,214,11,166,106.7551348349677,16.468268783552134,1.175405,1.3078412125417096,0.23538118357918925
14,179,11,166,116.72169322361758,16.428522688495235,1.175405,1.1621375886800713,0.13951668912475623
15,165,11,166,109.2273303134659,14.410115965670144,1.175405,1.246874033944792,0.19799436608984897
16,180,12,166,117.84848142419342,13.539393885353936,1.175405,1.1224574524128035,0.10909763407920035
17,214,12,166,106.88975601226275,15.438694493575916,1.175405,1.2960742630840167,0.22843927351778917
18,179,12,166,117.22269458725823,15.10181527062099,1.175405,1.1437061209271506,0.12564951633786361
19,165,12,166,108.72958194164694,15.885815358757506,1.175405,1.2684948843704866,0.2116641443956095
20,180,13,166,119.09653150919972,16.42067396158058,1.175405,1.1365258210147107,0.12012557787100513
21,214,13,166,106.58738590288027,14.740040992121841,1.175405,1.2954616227674103,0.22807439261398949
22,179,13,166,117.68225431956569,15.328593529442283,1.175405,1.1408405846258038,0.12345334354667932
23,165,13,166,108.4243268118662,14.012020201345624,1.175405,1.2569199415416838,0.2044043801441776
24,180,14,166,120.29883255767932,15.588962457271041,1.175405,1.117090625847826,0.10481748135605287
25,214,14,166,107.73461482927672,14.58552036220112,1.175405,1.2737143090609604,0.21489458594742092
26,179,14,166,117.45001715389363,14.563380098542538,1.175405,1.1361486706437498,0.11983349904956278
27,165,14,166,108.34100959526351,13.892877728215064,1.175405,1.2573475613495606,0.20467495962161755
28,180,15,166,107.47663578395863,10.175278107722564,1.175405,1.2466506814758405,0.1978506771310183
29,214,15,166,105.15061177484097,11.503972816987394,1.175405,1.2992054910513384,0.23029881963415688
30,179,15,166,114.04649241416968,12.519048415736432,1.175405,1.1584305928374672,0.13676312920000352
31,165,15,166,105.67747129299853,13.595123924024227,1.175405,1.3031759588501257,0.23264391641911272
32,180,8,76,122.53124666742119,17.558943804625123,1.179033,1.11832764430108,0.10580767175350565
33,214,8,76,108.46772725035758,19.443847971554472,1.179033,1.3160077356753215,0.24012604721746503
34,179,8,76,120.10159189669326,18.1574786964588,1.179033,1.1468083169971035,0.12801469506387814
35,165,8,76,111.90231663411299,25.066709854160337,1.179033,1.3247633839294308,0.245148218820887
36,180,9,76,121.30837071635963,17.002908929893632,1.179033,1.1239087374538785,0.11024804178903658
37,214,9,76,108.83235987410401,20.852590065509393,1.179033,1.325334820522503,0.24547368369469258
38,179,9,76,119.19208741765101,19.5202185209614,1.179033,1.1701233362926557,0.1453892346354391
39,165,9,76,112.82144716919436,22.63712387634413,1.179033,1.283861927715615,0.22110004322715027
40,180,10,76,120.29915035903565,17.515681179942217,1.179033,1.138469831785489,0.12162802027729061
41,214,10,76,109.86144014222687,20.36238290484177,1.179033,1.3031859359690707,0.23264979125455082
42,179,10,76,118.40020958270547,19.96229373273041,1.179033,1.183397322215439,0.15497527227127805
43,165,10,76,112.98162524603124,23.17167321774027,1.179033,1.2875947006703412,0.22335809592926648
44,180,11,76,119.89838356094575,19.008036511996472,1.179033,1.1574626244142916,0.13604121730839652
45,214,11,76,108.50839699694134,20.530214897102187,1.179033,1.3271703462551712,0.24651722152950145
46,179,11,76,118.13562051129362,20.20160500696584,1.179033,1.188902569261868,0.158888183225265
47,165,11,76,113.29329124863305,22.89720913266413,1.179033,1.2800872134551788,0.21880322724197404
48,180,12,76,119.73195203448766,17.666496303462708,1.179033,1.1456186071377037,0.12710914979072113
49,214,12,76,108.75277141468469,20.374677216617407,1.179033,1.3213816679835695,0.24321638158791656
50,179,12,76,118.03023061599009,18.126634249440052,1.179033,1.168379493208589,0.1441137012309137
51,165,12,76,112.68727653842886,25.43797549787359,1.179033,1.3174442974785172,0.24095462562332248
52,180,13,76,116.06507672287093,15.620984149219387,1.179033,1.1657305070009665,0.14216879974028943
53,214,13,76,108.58471971144598,20.01685868259388,1.179033,1.3202640861865254,0.24257577672326294
54,179,13,76,118.06110496662139,17.889774742303516,1.179033,1.1656025847499183,0.1420746547035571
55,165,13,76,112.42665937826573,24.245420016085365,1.179033,1.3077341302276113,0.23531857364160874
56,180,14,76,117.3203388539891,14.811173323763043,1.179033,1.1431415808015521,0.12521771861468253
57,214,14,76,109.72819986972056,19.625408563510064,1.179033,1.2972413242962637,0.2291334069684476
58,179,14,76,118.11504060403203,17.292119658326282,1.179033,1.1589153411611584,0.13712420184371313
59,165,14,76,112.40642894109152,22.78552407865148,1.179033,1.2915242150284685,0.2257210601522036
60,180,15,76,118.50513401401595,32.817369105030096,1.179033,1.3202907292851525,0.24259106133280817
61,214,15,76,112.55737617788128,25.2996339574155,1.179033,1.3177657536669267,0.24113978738837671
62,179,15,76,122.07987886857862,24.385165062274215,1.179033,1.1910066453893644,0.1603741222845322
63,165,15,76,109.6514286493864,24.291800478931076,1.179033,1.3507204229664609,0.25965434223331463
64,180,8,194,120.65580670344627,14.06926179346065,1.282024,1.1719085318750984,0.14669108313431095
65,214,8,194,108.2162425807866,13.197756615015464,1.282024,1.4420536250880849,0.30654451221332557
66,179,8,194,120.34236848080143,15.2398237930176,1.282024,1.1971041120629236,0.16465076853111932
67,165,8,194,113.20387860778503,19.07418408692781,1.282024,1.425050466473616,0.29827046583510286
68,180,9,194,119.12444196457575,12.846350185865244,1.282024,1.1758318193871986,0.14953823879237751
69,214,9,194,108.5812150429929,15.416339792324928,1.282024,1.4735133977471049,0.32134990999815305
70,179,9,194,119.38457729068955,15.850034714019136,1.282024,1.2243357986270824,0.1832306127768566
71,165,9,194,114.11174918924496,16.775803249171382,1.282024,1.3515160580966898,0.26009018242204396
72,180,10,194,118.05418134007694,13.017884464323986,1.282024,1.1971832350329674,0.1647059775503267
73,214,10,194,109.60649175884026,13.952102075766417,1.282024,1.4136183108289644,0.2925954677160436
74,179,10,194,118.53716666768165,16.049036723434405,1.282024,1.243322670640686,0.19570355820448557
75,165,10,194,114.25021186004952,17.297512020047662,1.282024,1.3593735657344324,0.2643670399315678
76,180,11,194,117.61577308015046,13.509324847727983,1.282024,1.2137152914533755,0.17608354525834474
77,214,11,194,108.3955020416157,15.289222256313401,1.282024,1.4766391825625695,0.32278649259151226
78,179,11,194,118.38536927831142,16.24450594374706,1.282024,1.2499078219489974,0.19994100169667944
79,165,11,194,114.55586079638245,17.555161011681026,1.282024,1.357705031769017,0.2634629933594239
80,180,12,194,117.5027498956989,12.973594875050315,1.282024,1.2065052071649787,0.17115981426240207
81,214,12,194,108.56948197636906,13.866050951448246,1.282024,1.4432599907184716,0.30712414503904567
82,179,12,194,119.31568621953382,16.08084319235311,1.282024,1.229872602207516,0.18690765352030309
83,165,12,194,114.0409780694861,18.603648020896994,1.282024,1.3933004349503373,0.2822797044230852
84,180,13,194,119.53185292872385,16.128028845077132,1.282024,1.226970319926878,0.1849843604533192
85,214,13,194,108.43091913647733,14.006506831994704,1.282024,1.450196051801511,0.31043806197255425
86,179,13,194,119.68714098667643,15.887022902473813,1.282024,1.219785952265687,0.18018403299156419
87,165,13,194,113.71696332917756,17.798716436149228,1.282024,1.3832447766913725,0.27706215353154484
88,180,14,194,120.79628364687349,15.950042681072587,1.282024,1.2025395867396071,0.16842654410134128
89,214,14,194,109.66297836071573,14.467671451101015,1.282024,1.4218763901191716,0.29670398429206135
90,179,14,194,119.44387114959713,15.188385503934528,1.282024,1.2111350300531625,0.17432823328039215
91,165,14,194,113.63220626563961,17.232633272233883,1.282024,1.3729242444378884,0.271627692459152
92,180,15,194,117.67119286021597,14.501760082934664,1.282024,1.2304866155578134,0.18731338695084257
93,214,15,194,113.17183984914809,17.493952208784286,1.282024,1.3900916149239233,0.2806229537218467
94,179,15,194,122.74632697801964,16.515155967616437,1.282024,1.182958608688445,0.15466188533112965
95,165,15,194,110.89313975511888,18.441335499229496,1.282024,1.472473336996324,0.3208705550893813
96,180,8,73,118.26053998013326,12.468815090436022,1.315432,1.2097580206872471,0.17338841082292344
97,214,8,73,110.0150048515717,14.490042163807649,1.315432,1.4742174419487397,0.32167401392421513
98,179,8,73,118.22217373493604,13.277479535859925,1.315432,1.2266647678172815,0.18478134675752297
99,165,8,73,114.2339672746552,16.01560142247711,1.315432,1.3838523457692657,0.27737955349267207
100,180,9,73,117.18038915791159,11.778299381488951,1.315432,1.2187226930130501,0.17946879488417636
101,214,9,73,110.23700666934745,15.414064796781565,1.315432,1.4896387920334067,0.3286963219889255
102,179,9,73,118.08062612089763,14.635354663534219,1.315432,1.2582218805169547,0.20522761884482674
103,165,9,73,115.18852947382436,14.285836090050834,1.315432,1.3176221244360482,0.24105706677625255
104,180,10,73,116.1651963496394,11.893653695688043,1.315432,1.2435530657482574,0.19585257151990476
105,214,10,73,111.26280590633294,14.737144839810604,1.315432,1.439595052612336,0.3053602134951996
106,179,10,73,117.35576857255512,14.704662855304553,1.315432,1.2755275573052756,0.2160106661179197
107,165,10,73,115.33792319072622,14.681465269778865,1.315432,1.3228761646785296,0.24407134492213892
108,180,11,73,115.71814106183578,12.517450919449097,1.315432,1.2665586494293437,0.21045898628495685
109,214,11,73,110.02819280704823,15.0481583325227,1.315432,1.4874281637998608,0.3276986248227623
110,179,11,73,117.32929866705634,15.250197525110224,1.315432,1.2883922795962415,0.22383887591023002
111,165,11,73,115.54281925537535,14.691338361404956,1.315432,1.3179725309816033,0.24125884531507102
112,180,12,73,115.62144260226887,11.799067854123473,1.315432,1.254479083225724,0.20285637810027515
113,214,12,73,110.37875254307029,13.735926476818458,1.315432,1.4444764250017483,0.3077076353123661
114,179,12,73,119.83832704904474,16.482119275976515,1.315432,1.263131486528911,0.20831678200976292
115,165,12,73,115.02940598392289,14.91280112285324,1.315432,1.3360972489033813,0.2515514863751403
116,180,13,73,121.80979963753538,19.239240298640325,1.315432,1.2887233273747285,0.22403825649908096
117,214,13,73,110.26933321200423,12.27926770960115,1.315432,1.416541885018439,0.29405546664299087
118,179,13,73,120.37049671273253,16.111230442386116,1.315432,1.2444427287713729,0.19642746357054852
119,165,13,73,114.77584666547449,15.19867789561056,1.315432,1.3494285723387311,0.2589455859328123
120,180,14,73,123.09853604451709,19.14194325403944,1.315432,1.2623019473548887,0.20779651643929853
121,214,14,73,111.34440767431396,13.776000834422321,1.315432,1.414442942652585,0.2930078903538921
122,179,14,73,119.71752619225019,15.22699698158036,1.315432,1.2377826300328307,0.19210370566156987
123,165,14,73,114.58514407564168,14.581448735281535,1.315432,1.33994005058229,0.25369795494549496
124,180,15,73,115.46951799062192,12.483529689860955,1.315432,1.271865848930393,0.21375355675995641
125,214,15,73,112.71229794291156,13.912571453837959,1.315432,1.3763251967663361,0.2734275283563135
126,179,15,73,122.24790721955179,15.141783109597547,1.315432,1.1908839649265315,0.16028762713108458
127,165,15,73,111.73948234316384,13.556049147549478,1.315432,1.3972556271599572,0.284311345353043
128,180,8,70,115.8710836175411,11.050646195553151,1.363348,1.2755349269049938,0.21601519573718156
129,214,8,70,108.26229220375248,19.263621226050446,1.363348,1.8232926279944073,0.4515416863720971
130,179,8,70,118.09263068171654,15.684988805058536,1.363348,1.3378522836854867,0.25253332360040415
131,165,8,70,117.20938131148446,29.43326505545986,1.363348,1.8905604602089559,0.4710563237477874
132,180,9,70,114.5920688243782,10.142581454977792,1.363348,1.2920515039935279,0.22603704503329985
133,214,9,70,108.83882859821314,20.842327039536325,1.363348,1.8643447462693516,0.46361851690732053
134,179,9,70,117.91912591196228,17.158826629799496,1.363348,1.387243984195045,0.2791462703078473
135,165,9,70,118.10299875434467,27.49039166518241,1.363348,1.7725749900585381,0.43584897360704855
136,180,10,70,113.58471607413601,10.041739558516882,1.363348,1.3215353312045697,0.24330437757686932
137,214,10,70,109.78650443269913,20.46758422419441,1.363348,1.804443575024329,0.44581254086234473
138,179,10,70,117.11782445595051,17.149191438491165,1.363348,1.409722355818714,0.29064046131322263
139,165,10,70,118.26782537252923,27.704123100835663,1.363348,1.77561841582375,0.4368159334864315
140,180,11,70,113.12056187096691,10.891122432702085,1.363348,1.3560485629435008,0.2625632832578249
141,214,11,70,109.06509564357752,21.27522087816977,1.363348,1.8729165774270469,0.4660733894652328
142,179,11,70,117.32631534002661,18.463227981706545,1.363348,1.4470302587989163,0.3089294477988086
143,165,11,70,118.56004666745214,27.881269205537272,1.363348,1.7724896581808265,0.4358218140317174
144,180,12,70,113.01580220220305,9.638717739029397,1.363348,1.331862760353436,0.24917188935094917
145,214,12,70,109.08101512730346,21.146045890236888,1.363348,1.8664239112929102,0.4642160369091717
146,179,12,70,120.09296554352849,19.85476858970366,1.363348,1.4156996963441717,0.29363550576273534
147,165,12,70,118.05337750066279,28.722523460468814,1.363348,1.8270852045702408,0.4526801500561569
148,180,13,70,121.70550533550788,21.264443935676525,1.363348,1.4205691469139434,0.29605679373481497
149,214,13,70,109.19627160129285,21.075286817967008,1.363348,1.8579093174461387,0.4617605979959298
150,179,13,70,120.61601216706292,20.218956760468973,1.363348,1.4139472866227747,0.2927600558656549
151,165,13,70,117.75316990503646,28.356657944811165,1.363348,1.8226473180794622,0.45134750421507336
152,180,14,70,122.97309734413793,20.51109769423213,1.363348,1.3646381906543275,0.26720503145195423
153,214,14,70,110.83358006509046,21.621035051720764,1.363348,1.807960950103187,0.4468907085947148
154,179,14,70,119.78785272568345,18.741885045358924,1.363348,1.3872640027309224,0.2791566723915327
155,165,14,70,117.5507063567587,27.6561353027286,1.363348,1.800110584124058,0.444478573250207
156,180,15,70,119.49657095349563,29.88536508205064,1.363348,1.8231896229151956,0.4515107000219503
157,214,15,70,115.88752909334124,28.718901810791138,1.363348,1.9119864049805604,0.4769837288617294
158,179,15,70,125.69176711916026,27.134429364139667,1.363348,1.5216984458909524,0.342839573306851
159,165,15,70,114.77493973652983,27.936660061223165,1.363348,1.9228856743839315,0.4799482812100166
160,180,8,126,120.30968336085493,16.462600440591444,1.3716110000000001,1.3144768972702607,0.23924109881529798
161,214,8,126,105.58028854948171,13.098525096053033,1.3716110000000001,1.7500806834140608,0.4285977729614168
162,179,8,126,118.89206100810303,16.961257957197947,1.3716110000000001,1.3660519481457516,0.2679634172350637
163,165,8,126,109.36567181363695,21.19615608819997,1.3716110000000001,1.8865917643970682,0.4699436206223513
164,180,9,126,118.54615894211831,14.923537130860947,1.3716110000000001,1.3135881875811266,0.23872640645358997
165,214,9,126,105.919755407975,15.07039298458835,1.3716110000000001,1.7986794007236642,0.4440365528188797
166,179,9,126,117.82776414514828,17.543498993341572,1.3716110000000001,1.4149278944440942,0.29325020453223427
167,165,9,126,110.34379928615702,19.043677168455797,1.3716110000000001,1.7455036557752308,0.4270994525325873
168,180,10,126,117.46675498143878,15.371892149848911,1.3716110000000001,1.3558385586560933,0.2624490625261464
169,214,10,126,106.94378071821113,14.739191579063817,1.3716110000000001,1.7353899437945666,0.4237606345618084
170,179,10,126,116.92214445613185,18.0582233525909,1.3716110000000001,1.45997115658884,0.3150549615401601
171,165,10,126,110.54047512927895,19.51322031181892,1.3716110000000001,1.7568288259348561,0.4307925819307564
172,180,11,126,117.0288594760421,16.14407758945787,1.3716110000000001,1.3924356717393005,0.2818339688533737
173,214,11,126,105.79996025029953,15.280460620543622,1.3716110000000001,1.812556162069963,0.4482929572466396
174,179,11,126,116.57643966858147,17.68799947638495,1.3716110000000001,1.4578146316180094,0.3140417318420566
175,165,11,126,110.7167537815615,19.612067989804288,1.3716110000000001,1.7532921214066262,0.42964438852453013
176,180,12,126,116.90453176167922,15.299667435682304,1.3716110000000001,1.369637862468384,0.2698799971856915
177,214,12,126,105.8880572020416,15.312054565512264,1.3716110000000001,1.8091586504354624,0.4472568783509942
178,179,12,126,116.80178844940143,16.719561778930853,1.3716110000000001,1.417924467535262,0.2947438154175647
179,165,12,126,110.19114952115476,20.261510834557164,1.3716110000000001,1.805299108794997,0.44607517107373906
180,180,13,126,116.51444040205726,17.15556136369742,1.3716110000000001,1.441385295421935,0.3062229764823075
181,214,13,126,105.73500650104904,15.229036849975754,1.3716110000000001,1.8140371210715098,0.44874336451873537
182,179,13,126,117.06112096892794,16.77753233777473,1.3716110000000001,1.4120509643224892,0.29181026374653113
183,165,13,126,109.92408810201742,20.2487855669702,1.3716110000000001,1.8169936266443647,0.44964033701823913
184,180,14,126,117.75881693388025,17.25644954753889,1.3716110000000001,1.4073542764509681,0.28944686015963533
185,214,14,126,107.04565325920014,15.673290822844608,1.3716110000000001,1.7641387780481856,0.43315117130048936
186,179,14,126,116.947368686538,16.545169695693804,1.3716110000000001,1.4078135583434936,0.2896786693994823
187,165,14,126,109.74766134545155,19.593825487112753,1.3716110000000001,1.7961379269542825,0.44324988354557854
188,180,15,126,112.4643332334601,17.42859364834163,1.3716110000000001,1.5925859062796042,0.3720903870510368
189,214,15,126,108.3243654640138,18.57188273523882,1.3716110000000001,1.8188068232048342,0.45018899905051657
190,179,15,126,117.4887498573476,18.34370942545322,1.3716110000000001,1.4525495701591267,0.3115553365311656
191,165,15,126,107.13720477524109,19.373170014658015,1.3716110000000001,1.913386510270408,0.4773664418389384
192,180,8,38,123.70691616834587,19.463142024778477,1.419662,1.392365652662452,0.2817978538268153
193,214,8,38,108.71366403629581,18.526205584031548,1.419662,1.9631274985446892,0.4906087349184795
194,179,8,38,120.03638943781384,18.109000148877772,1.419662,1.4448412222407394,0.30788242707448166
195,165,8,38,106.0256337283894,15.469855666701552,1.419662,1.9618717306478282,0.4902826803718759
196,180,9,38,122.14246935681153,18.492694338668283,1.419662,1.3974315958252082,0.2844014669573273
197,214,9,38,108.56920518908437,18.696407927755192,1.419662,1.9812452260297653,0.4952669226091165
198,179,9,38,119.32655472313357,19.638600612109492,1.419662,1.5347461859642255,0.34842646351211737
199,165,9,38,107.08104027981885,13.749653188235738,1.419662,1.819843387822063,0.4505021659051817
200,180,10,38,121.10016674751739,18.962009282887777,1.419662,1.4471266868588977,0.30897549669920144
201,214,10,38,109.88863231898678,18.576508654825748,1.419662,1.8995432054131154,0.47355764420082325
202,179,10,38,118.16893566992462,19.840341224653127,1.419662,1.5859813009083732,0.3694755420967142
203,165,10,38,107.17958871383212,14.044871811849966,1.419662,1.8266788141399968,0.45255838505424306
204,180,11,38,120.68020186531074,20.33867427316435,1.419662,1.52035459364045,0.34225870452660273
205,214,11,38,107.87710298673693,18.49515490578897,1.419662,2.0108775423672967,0.5027046754807583
206,179,11,38,117.87538169627088,19.517545272817575,1.419662,1.5816895979297532,0.36776469839032694
207,165,11,38,107.37113035274285,14.434455348501256,1.419662,1.8326333378893693,0.4543371118896632
208,180,12,38,120.51008956704942,19.232051664990863,1.419662,1.4770963945049775,0.32299611337475903
209,214,12,38,108.27607843553216,18.08650441418228,1.419662,1.9639685841826795,0.49082688590145773
210,179,12,38,118.457399946818,18.569815751451788,1.419662,1.5171349038223285,0.34086283462297173
211,165,12,38,106.9376876532452,14.69027939306368,1.419662,1.8694536108716913,0.46508434647184493
212,180,13,38,121.90714285296676,24.049107129065256,1.419662,1.6553094118497236,0.39588333586374574
213,214,13,38,107.53991342161589,17.138169685133057,1.419662,1.9556065213839189,0.48864969048460083
214,179,13,38,119.43984608754238,19.321360624306145,1.419662,1.516517606675166,0.3405945334242352
215,165,13,38,106.44124873810296,14.330953393617946,1.419662,1.8828464339076347,0.4688892402527947
216,180,14,38,123.13128951783528,22.39566588352798,1.419662,1.5341125862353004,0.34815735887155996
217,214,14,38,108.214824299645,15.871563298242384,1.419662,1.8514807595668068,0.4598917678010485
218,179,14,38,118.70629388094977,18.378576982892675,1.419662,1.5000765479781029,0.3333673529208475
219,165,14,38,106.49875669642937,13.916378623182677,1.419662,1.861221885863981,0.46271854656609146
220,180,15,38,104.04186726640623,7.587951298357304,1.419662,1.817290626474878,0.44973028230505546
221,214,15,38,102.44584794311652,11.493753182914277,1.419662,2.028624739886937,0.507055208221638
222,179,15,38,111.11290198982245,10.987028840561468,1.419662,1.5118740429511905,0.33856923818336626
223,165,15,38,103.71262497851524,13.704589175065106,1.419662,2.0295258236185463,0.5072740694587229
224,180,8,179,121.59828883878288,17.057920782343572,1.2639340000000001,1.193352780209718,0.16202482904991297
225,214,8,179,103.77284420295548,11.667698344035111,1.2639340000000001,1.527090027707104,0.34515976016064975
226,179,8,179,119.3159345559507,16.953859678200022,1.2639340000000001,1.2269367388580692,0.184962053601299
227,165,8,179,107.7166813600242,16.783164827296122,1.2639340000000001,1.486308225912676,0.327192043638227
228,180,9,179,118.96789461772282,15.368732244131401,1.2639340000000001,1.2055303330048408,0.17048955748176559
229,214,9,179,104.11988009828661,12.983238100903144,1.2639340000000001,1.5333571974551767,0.3478362369448935
230,179,9,179,117.66809644228579,17.632400436651846,1.2639340000000001,1.2679032149203113,0.21129626596707482
231,165,9,179,108.56483983380893,13.989982246550337,1.2639340000000001,1.410956006290254,0.2912606803175651
232,180,10,179,117.8817236488113,15.82256394891658,1.2639340000000001,1.2316470483605555,0.18807908375122623
233,214,10,179,105.1876009254025,13.096100345037417,1.2639340000000001,1.4995469683991856,0.33313192512567175
234,179,10,179,116.76459274815647,17.62912988274715,1.2639340000000001,1.2848394088761148,0.22169261536371448
235,165,10,179,108.699891474663,14.306096513550553,1.2639340000000001,1.4125059886178666,0.2920383997957436
236,180,11,179,117.42885818757473,16.879447384719363,1.2639340000000001,1.2585149717941264,0.20541271068518957
237,214,11,179,104.22613493920913,14.06606129579614,1.2639340000000001,1.5466313378580896,0.3534335070535377
238,179,11,179,116.34372060890077,17.575691491285227,1.2639340000000001,1.292027349863063,0.22602257598804998
239,165,11,179,109.01775947149142,14.615332300557474,1.2639340000000001,1.4089959618092813,0.2902747579802093
240,180,12,179,117.31246468973967,15.78869362901746,1.2639340000000001,1.2412218455715094,0.1943422494795368
241,214,12,179,104.15480036955903,12.857043659851064,1.2639340000000001,1.530320008887014,0.34654190352821057
242,179,12,179,115.55706820746727,14.668548480227564,1.2639340000000001,1.2550564670461357,0.20322310090670995
243,165,12,179,108.47632658875017,15.761415854394372,1.2639340000000001,1.4448733910675446,0.30789783645946306
244,180,13,179,115.38009278427155,15.068904049406433,1.2639340000000001,1.2655197832576868,0.20981085145440298
245,214,13,179,104.03644316744695,12.548261440404328,1.2639340000000001,1.5299020577577795,0.3463633865127305
246,179,13,179,116.0459076965296,14.550616560976303,1.2639340000000001,1.2435072758662002,0.1958229602609911
247,165,13,179,108.18822095974441,14.85484342145647,1.2639340000000001,1.4365926940755378,0.303908474459067
248,180,14,179,116.57853096210827,14.59324343088832,1.2639340000000001,1.2341521594850744,0.1897271399523133
249,214,14,179,105.52639250183154,11.68854461761272,1.2639340000000001,1.4686734580483871,0.3191134526739341
250,179,14,179,115.9370431146839,14.307418867979301,1.2639340000000001,1.2414902615772796,0.1945164364563543
251,165,14,179,108.10509257460082,14.274717041798535,1.2639340000000001,1.428902727512742,0.30016229884263923
252,180,15,179,109.7124041425067,10.272254517738622,1.2639340000000001,1.3247789393610343,0.24515708222058638
253,214,15,179,105.69332723003151,12.87062128060322,1.2639340000000001,1.4798253986785719,0.3242446028477669
254,179,15,179,114.63512231368858,13.198821556937695,1.2639340000000001,1.2491555391310638,0.1994591796826047
255,165,15,179,105.50410430090378,15.157363381832655,1.2639340000000001,1.523401146196429,0.3435740792917462
256,180,8,183,124.22926152239731,18.64873530264542,1.183259,1.1175846771049338,0.10521321517178728
257,214,8,183,107.39653936421327,13.960755110026328,1.183259,1.2885502466020444,0.22393402768961654
258,179,8,183,120.54001033411708,16.340712941139074,1.183259,1.1280824705238004,0.11353998831692519
259,165,8,183,107.61897207457051,9.50125455820621,1.183259,1.2520895499083986,0.20133508016806081
260,180,9,183,122.85426182045714,17.699666293887226,1.183259,1.1200955122948937,0.10721899246684552
261,214,9,183,107.51043405209943,14.57734059241711,1.183259,1.2919680564813834,0.22598705518814852
262,179,9,183,119.4626813139557,17.559566180289828,1.183259,1.1513518419314244,0.13145576913962936
263,165,9,183,108.48735462064067,9.11628567699084,1.183259,1.2329304714572267,0.18892425554372194
264,180,10,183,121.78480259562006,17.975036593312172,1.183259,1.1324914800488899,0.1169911494991293
265,214,10,183,108.66859823681409,14.389802044048308,1.183259,1.26919527259091,0.2120991768598224
266,179,10,183,118.3852399139025,17.18214141847179,1.183259,1.1591097203991914,0.13726890353779
267,165,10,183,108.5889325248203,9.188371023428445,1.183259,1.231351376898278,0.1878841257164485
268,180,11,183,121.39313494010895,18.95340856162095,1.183259,1.1461545009609746,0.12751727698005264
269,214,11,183,106.95316062144242,14.11817061425912,1.183259,1.2983177441963532,0.22977252335175402
270,179,11,183,117.99965060487948,17.244663581654436,1.183259,1.1640982224811922,0.14096595915371177
271,165,11,183,108.87367654131765,9.344345700633214,1.183259,1.2267534467333532,0.18484027686016377
272,180,12,183,121.19894901198255,18.093677703651103,1.183259,1.1392651963374854,0.12224124530899014
273,214,12,183,107.25042405974692,13.68044857580472,1.183259,1.2888687141558361,0.2241257864227351
274,179,12,183,117.17686842708385,15.095089048794671,1.183259,1.1514626620932307,0.13153936039739964
275,165,12,183,108.40766454085394,9.035633043829318,1.183259,1.2340541606890132,0.189662794506793
276,180,13,183,117.09060680403151,15.938338211805638,1.183259,1.1610507015050984,0.13871117023255264
277,214,13,183,106.78784200004968,12.457797734830919,1.183259,1.2878493057598952,0.22351163639448465
278,179,13,183,117.5022950960119,15.000796191999608,1.183259,1.1467586677997148,0.12797694224653264
279,165,13,183,108.16021303617273,9.246467663026094,1.183259,1.2400209303859018,0.1935619992407756
280,180,14,183,118.34049901044256,16.504187467804513,1.183259,1.1525930261016528,0.132391071823295
281,214,14,183,107.6131631106121,12.188444350851261,1.183259,1.2698584036050518,0.21251062546732766
282,179,14,183,117.39277130407221,14.523996634579719,1.183259,1.1432661008265788,0.12531299644325822
283,165,14,183,108.01176198285908,8.904144036584276,1.183259,1.2411714776418887,0.19430955511489217
284,180,15,183,110.45435548632096,11.223020071640903,1.183259,1.2109047852872503,0.17417123778003699
285,214,15,183,106.25951631153688,9.302552015966437,1.183259,1.2787329532897325,0.2179758897842197
286,179,15,183,115.2492117393135,11.272379035737101,1.183259,1.1386460363708204,0.12176394765551869
287,165,15,183,105.44612060296288,10.893906858889734,1.183259,1.304316111985398,0.2333146920359479
288,180,8,62,117.93010446694356,12.904651095584182,1.2739511000000001,1.1909645135054325,0.16034441945155525
289,214,8,62,110.36004423924402,20.803776231612442,1.2739511000000001,1.5235297978243099,0.3436295099524415
290,179,8,62,119.05631442566889,16.27173384607262,1.2739511000000001,1.2296850385714166,0.18678363269203685
291,165,8,62,117.64792583036282,29.375299034854507,1.2739511000000001,1.5425892888634527,0.35173930791599173
292,180,9,62,116.62287300050238,12.186183090372207,1.2739511000000001,1.2030649866748706,0.16878970705989726
293,214,9,62,110.76584745507517,22.264837050338826,1.2739511000000001,1.5472514325672577,0.3536926326571484
294,179,9,62,118.65584765744363,17.1872096592282,1.2739511000000001,1.253825072533665,0.202440578110907
295,165,9,62,118.56593869650744,27.353032684215414,1.2739511000000001,1.4743036994678134,0.32171370094168866
296,180,10,62,115.68078094204175,12.330706586015308,1.2739511000000001,1.223840724426827,0.1829002091196634
297,214,10,62,111.75272429153566,21.80919329952346,1.2739511000000001,1.5090863233405638,0.3373473839545728
298,179,10,62,117.94490595648175,18.041569839219694,1.2739511000000001,1.2836496819512684,0.2209712555843851
299,165,10,62,118.71664725038318,27.788971030257315,1.2739511000000001,1.4810372811980657,0.3247975505443974
300,180,11,62,115.28426738598083,13.100696307039234,1.2739511000000001,1.244802074289575,0.19665943634395588
301,214,11,62,110.78465187086873,22.310221250906434,1.2739511000000001,1.5478275293844683,0.35393318634300647
302,179,11,62,118.06766842872119,18.531102750244997,1.2739511000000001,1.2910516888527672,0.22543767330601358
303,165,11,62,119.04973756744508,27.923295104289103,1.2739511000000001,1.4767795227571168,0.32285084903329325
304,180,12,62,115.16636595953105,12.162866050453587,1.2739511000000001,1.2316682402113457,0.188093053508949
305,214,12,62,111.06500931265212,22.45814692561807,1.2739511000000001,1.5435812657105858,0.35215591027554277
306,179,12,62,120.80483536452832,20.02692965567267,1.2739511000000001,1.2710121787617943,0.213225477529107
307,165,12,62,118.49009298162966,28.37393319245335,1.2739511000000001,1.4996730329927095,0.3331879829802465
308,180,13,62,121.56634151482923,20.516228370695828,1.2739511000000001,1.267685756302723,0.2111609718511342
309,214,13,62,111.10792675664686,22.74146446516074,1.2739511000000001,1.5492960363844157,0.3545455635879022
310,179,13,62,121.1226105741271,20.097818472163,1.2739511000000001,1.266963602019862,0.21071134292591687
311,165,13,62,118.1810584193928,28.331305796807005,1.2739511000000001,1.5056993601058923,0.3358567941945115
312,180,14,62,122.82220860522045,19.832075151818177,1.2739511000000001,1.2343114357788836,0.18983169805198052
313,214,14,62,112.51560998289351,23.300520860701983,1.2739511000000001,1.5246054751116134,0.3440926086620593
314,179,14,62,120.56380652854853,19.10136261638105,1.2739511000000001,1.25704875760022,0.20448590879715856
315,165,14,62,118.05501227167223,27.679629640918648,1.2739511000000001,1.4933584690442352,0.3303684140620234
316,180,15,62,120.28156624246496,31.88809369624992,1.2739511000000001,1.5403616113663214,0.3508017905529426
317,214,15,62,116.6998113922792,30.073084456878483,1.2739511000000001,1.5820339999496287,0.367902333305201
318,179,15,62,126.57276957345294,28.268861200955804,1.2739511000000001,1.3405782762527334,0.2540532561848896
319,165,15,62,115.16696352732792,27.99863435907375,1.2739511000000001,1.5703808403374522,0.36321179276161164
320,180,8,207,123.4674870051172,20.108865723904138,1.272059,1.2275479936745608,0.1853678999494066
321,214,8,207,110.54213007336767,21.67825747826883,1.272059,1.5340821099853221,0.3481444092913854
322,179,8,207,120.17320747099745,18.46295883697056,1.272059,1.249200859919809,0.1994882231635721
323,165,8,207,112.89354893051085,21.92845878881413,1.272059,1.4771970679300088,0.3230422523101156
324,180,9,207,122.40183689047358,19.474241665605202,1.272059,1.2320164192884009,0.18832250581726095
325,214,9,207,110.86455426368066,22.67552497081638,1.272059,1.5490118874986507,0.3544271621989918
326,179,9,207,119.43775120118377,20.566818682183893,1.272059,1.3036671408888558,0.23293303279993077
327,165,9,207,113.78665199511468,19.8959393292294,1.272059,1.4089905813372856,0.2902720477727459
328,180,10,207,121.34421818151546,20.342581647718234,1.272059,1.2655442156580465,0.2098261067235578
329,214,10,207,111.92275675300888,21.794085570161542,1.272059,1.49926415774037,0.3330061318165844
330,179,10,207,118.64655647746284,20.646385592703655,1.272059,1.3202854979537697,0.24258806027193416
331,165,10,207,113.95202664025618,20.30620917810019,1.272059,1.4141191393138777,0.29284600413145234
332,180,11,207,120.93537382091,22.228222312451525,1.272059,1.3103352676180047,0.23683653740172025
333,214,11,207,110.57947639310284,22.23570815337273,1.272059,1.546378436513842,0.3533277648035486
334,179,11,207,118.34405755770173,20.958807572905346,1.272059,1.3327128664848358,0.24965082490904394
335,165,11,207,114.30092837074501,20.345404929279162,1.272059,1.4067187010859066,0.28912582222155925
336,180,12,207,120.80789776436193,20.837670498833095,1.272059,1.2844680996428421,0.22146762517647658
337,214,12,207,110.7270875846748,21.51334450949083,1.272059,1.5250178620595385,0.34426997553359884
338,179,12,207,118.72990244491409,19.258499707411232,1.272059,1.2904314730213444,0.2250653979644067
339,165,12,207,113.71423162115397,21.13728951614345,1.272059,1.4385317192619085,0.30484674991171784
340,180,13,207,117.83329901632351,20.18389832218221,1.272059,1.3266213134684282,0.24620538668603362
341,214,13,207,110.54304684074549,20.860468488349472,1.272059,1.5147381428336557,0.3398198858785738
342,179,13,207,118.7387539510251,18.853503099839774,1.272059,1.2822203937745151,0.22010287400259912
343,165,13,207,113.44223400474283,21.21577821469639,1.272059,1.446992724214989,0.30891152162322577
344,180,14,207,119.11353605009757,18.908755019132585,1.272059,1.2764324781647272,0.21656647170415605
345,214,14,207,111.77570556755104,21.035215626178083,1.272059,1.4854223319210733,0.3267907863572269
346,179,14,207,118.85757684687802,18.569139038457987,1.272059,1.2744471943373012,0.21534606969730968
347,165,14,207,113.33155421796371,20.46692661843348,1.272059,1.4327492070998749,0.3020411422706923
348,180,15,207,116.98358099340969,18.83219191282893,1.272059,1.3157970639043604,0.24000438408586863
349,214,15,207,111.68878703917935,19.79469850871588,1.272059,1.4593150529210137,0.3147470123066526
350,179,15,207,121.13780594150826,18.71424025473909,1.272059,1.237908344695885,0.19218575083951916
351,165,15,207,110.67539373313679,21.0602015448939,1.272059,1.5157565891379639,0.3402634650140517
352,180,8,108,120.22850591806419,23.23683544873966,1.2828799,1.3640544572511322,0.26689143920601344
353,214,8,108,111.65461817190881,26.11317097378356,1.2828799,1.6486967118130798,0.3934603054431429
354,179,8,108,119.22880080067233,23.282074032040168,1.2828799,1.3856426225328806,0.27831319292700923
355,165,8,108,116.4650456775126,31.94190375281362,1.2828799,1.6663503661951258,0.3998861102162099
356,180,9,108,119.28857045659477,23.21119801879138,1.2828799,1.3827446929127842,0.2768006956559157
357,214,9,108,111.98384059051517,26.988386538289497,1.2828799,1.6624361478898095,0.3984731375882699
358,179,9,108,118.7470044216222,25.345463711695363,1.2828799,1.4449858624032252,0.3079517066437923
359,165,9,108,117.34711151073391,30.379614861652037,1.2828799,1.6035655216463278,0.3763896850480216
360,180,10,108,118.4175449332807,23.795646007979826,1.2828799,1.4151683851644634,0.29337030809673914
361,214,10,108,113.06611502211787,26.882510123674326,1.2828799,1.6281690967661924,0.38581317997856485
362,179,10,108,118.09154757542922,25.863702246270066,1.2828799,1.4725159734227593,0.3208902191562848
363,165,10,108,117.51439168548109,30.84832691022471,1.2828799,1.611135928960444,0.37931990589693343
364,180,11,108,118.07743228374414,26.086894594787356,1.2828799,1.4783232184924118,0.32355794220712025
365,214,11,108,111.94999839158957,26.887203110802815,1.2828799,1.6607207912327848,0.3978518211615326
366,179,11,108,118.10263213542625,26.00298641958809,1.2828799,1.4756761697028145,0.32234454921001443
367,165,11,108,117.78795132298289,30.644538489268328,1.2828799,1.599061077826577,0.3746330181713966
368,180,12,108,117.9275085485395,25.115198041091613,1.2828799,1.457996648448987,0.3141273671213186
369,214,12,108,112.1066135175128,26.291698343387292,1.2828799,1.6401443594567227,0.39029757092160017
370,179,12,108,120.33394553615993,25.8770698371932,1.2828799,1.4231457468576494,0.29733128022338434
371,165,12,108,117.28511252390992,30.500193157061823,1.2828799,1.6082017443294252,0.3781874671346213
372,180,13,108,119.79977264067094,27.58874385262997,1.2828799,1.4756726418132011,0.3223429291395743
373,214,13,108,112.07862191318281,26.228567884504617,1.2828799,1.6392763879638819,0.3899747429156327
374,179,13,108,120.3634452550365,25.762204134072874,1.2828799,1.419815165105452,0.29568297016624107
375,165,13,108,117.00662021925189,31.60998643102511,1.2828799,1.6435470048536722,0.3915598415823637
376,180,14,108,121.06007854225003,27.02648603573138,1.2828799,1.4349287822173822,0.3031013020348583
377,214,14,108,113.58067870357112,26.988503549350874,1.2828799,1.6164479004257455,0.38135958496613676
378,179,14,108,120.15154302143414,25.460392700059103,1.2828799,1.4171807149129745,0.2943736889184189
379,165,14,108,116.8825335366466,30.331111265723855,1.2828799,1.6142851169608798,0.38053074423269073
380,180,15,108,118.17532670057504,29.142501027880243,1.2828799,1.551808951294213,0.3555907773531032
381,214,15,108,115.17960777065565,30.977214707401007,1.2828799,1.6765350888801511,0.4035317204914844
382,179,15,108,124.92395471755134,31.23908794866203,1.2828799,1.4535952224283748,0.312050573247344
383,165,15,108,114.11610799628143,30.446058733893373,1.2828799,1.6925373750295551,0.4091710973398517
384,180,8,3,120.49606981502316,15.9230495455622,1.2190681,1.1528358177146882,0.13257379356729276
385,214,8,3,105.18113582876741,10.74804436340295,1.2190681,1.3778252785654446,0.27421857070210404
386,179,8,3,119.93701373441678,16.953417071304404,1.2190681,1.1728981849182791,0.14741107722860505
387,165,8,3,108.9882520650773,18.195836276450404,1.2190681,1.376683710229268,0.27361674103526396
388,180,9,3,118.43162228600102,14.26582957634617,1.2190681,1.1580560673188622,0.1364839508028264
389,214,9,3,105.39674274941197,12.244805277900376,1.2190681,1.3856145849571102,0.2782985897691358
390,179,9,3,118.80685841096064,17.68676774945249,1.2190681,1.1974944136772916,0.16492303548274725
391,165,9,3,109.83413604379113,16.028833913856097,1.2190681,1.3278726772643943,0.24691574943755784
392,180,10,3,117.33169933612231,14.395280064851077,1.2190681,1.1747313782625952,0.14874156040763933
393,214,10,3,106.4926572856034,11.696726314026922,1.2190681,1.3527236766154858,0.26075072293995794
394,179,10,3,117.6696697040886,17.55041214936745,1.2190681,1.2115856555891245,0.1746353257097968
395,165,10,3,109.96184551000121,16.339438814626565,1.2190681,1.3294849810619656,0.24782903587130384
396,180,11,3,116.78084966546618,14.988728137529382,1.2190681,1.190278734068017,0.15986065164560334
397,214,11,3,105.4384078767966,13.205974620867613,1.2190681,1.3944280059456535,0.28286007184585044
398,179,11,3,117.43640138401341,17.521432591996366,1.2190681,1.2145750920784664,0.1766667976957031
399,165,11,3,110.191966267135,16.5732895028205,1.2190681,1.3279845306592517,0.24697918016893636
400,180,12,3,116.67907345905346,14.365134814051041,1.2190681,1.1837794440060558,0.15524804467302075
401,214,12,3,105.48235493599275,11.8187542832928,1.2190681,1.37935022937945,0.2750209637113804
402,179,12,3,117.82875703221401,16.79190696914054,1.2190681,1.1989871094913886,0.1659626762591294
403,165,12,3,109.80879105106737,16.933539707655537,1.2190681,1.3409950247183169,0.2542850781940408
404,180,13,3,120.09388544544986,19.723224640987596,1.2190681,1.2081999458724273,0.17232242608824858
405,214,13,3,105.24680207065593,11.91119353082211,1.2190681,1.3862763066421402,0.27864308492567735
406,179,13,3,118.34370714239442,17.56012265750836,1.2190681,1.202155109971974,0.16816058784351623
407,165,13,3,109.51202920613154,16.95376643607686,1.2190681,1.3475180227066605,0.2578948977681401
408,180,14,3,121.31394213159932,19.55309686709879,1.2190681,1.1902680122581766,0.1598530837581698
409,214,14,3,106.55291673041246,12.818604786234033,1.2190681,1.3625335197188326,0.26607310166845927
410,179,14,3,117.8321720102196,16.440600588785937,1.2190681,1.1942323255048266,0.16264199298299903
411,165,14,3,109.46168778927327,16.168626229181598,1.2190681,1.3376323202060565,0.2524104083804178
412,180,15,3,108.44370073332777,8.997382148002556,1.2190681,1.2828684823102376,0.22049686792588238
413,214,15,3,106.43333945315503,13.092247370587414,1.2190681,1.3684037776430409,0.2692215438615531
414,179,15,3,115.4377405482986,14.77647465060479,1.2190681,1.2080590725906721,0.17222590956954717
415,165,15,3,106.52829567937866,15.742760635333283,1.2190681,1.3981003887345895,0.28474377944698753
416,180,8,187,118.3965136500065,14.859432307084516,1.213781,1.161343928656766,0.13892863662134922
417,214,8,187,114.78767854729766,27.973097135514216,1.213781,1.4027888737673355,0.28713435164737516
418,179,8,187,119.44459968245049,18.994002877577426,1.213781,1.2006382005793694,0.16710962593273412
419,165,8,187,121.1791413867408,35.95789609796939,1.213781,1.413746293989111,0.2926595074011899
420,180,9,187,117.85779383340744,14.661360179141669,1.213781,1.1660172756394618,0.14237977353158457
421,214,9,187,115.23483318177831,29.391896437894474,1.213781,1.4163666028291393,0.2939681026066716
422,179,9,187,119.78710633724907,21.305265616344897,1.213781,1.2274737997877956,0.18531866002119232
423,165,9,187,122.18746960230001,33.394245628765965,1.213781,1.3638607914281669,0.26678733908550156
424,180,10,187,116.89932660595679,15.019617724566935,1.213781,1.1836598132495553,0.15516266683528404
425,214,10,187,116.26233222753316,28.81832588444858,1.213781,1.3901993653227709,0.28067871059067556
426,179,10,187,119.11637977558402,21.794710114774723,1.213781,1.2434214912922856,0.1957674794886311
427,165,10,187,122.3676649424563,33.68607328204298,1.213781,1.3652687590418537,0.26754348301223824
428,180,11,187,116.50559237162959,16.11266510638879,1.213781,1.2032527893177694,0.16891944163537853
429,214,11,187,115.19686313862572,29.52823829168706,1.213781,1.4190750626195183,0.29531564161654256
430,179,11,187,119.32845972066664,22.419995212762835,1.213781,1.2492712168046487,0.1995333066603645
431,165,11,187,122.65237961142901,34.58047938553251,1.213781,1.3733470507965788,0.27185193326044377
432,180,12,187,116.35795020056868,15.103453494481096,1.213781,1.1925243521022855,0.16144270074056502
433,214,12,187,115.32471570094509,29.33240386404643,1.213781,1.4139091651348845,0.29274098742785803
434,179,12,187,123.03246098564718,25.26056129880066,1.213781,1.2401031446214754,0.19361546308695446
435,165,12,187,122.0368938526445,35.875189254659674,1.213781,1.399779144692228,0.2856015866561065
436,180,13,187,125.32520866808179,26.57930694649263,1.213781,1.2303085670002094,0.18719577606596494
437,214,13,187,115.34103361778446,28.9968305164681,1.213781,1.4085878858981555,0.2900691465464566
438,179,13,187,123.64692801683114,24.807617697330155,1.213781,1.2264699974201343,0.18465188540813177
439,165,13,187,121.75507619951534,34.64414901228782,1.213781,1.3872626167615996,0.27915595222022077
440,180,14,187,126.6258237941287,25.647535172086876,1.213781,1.2036823688060037,0.16921604410310254
441,214,14,187,116.72404711979169,29.588251105975935,1.213781,1.3939357562136812,0.2826068234907186
442,179,14,187,122.88245769473028,23.796906344616364,1.213781,1.2220916162703044,0.18173074204379597
443,165,14,187,121.65554077202924,34.39606429087723,1.213781,1.3853418547328717,0.2781565094683256
444,180,15,187,125.20236092088655,37.70913625998491,1.213781,1.3788670238251663,0.27476690447940166
445,214,15,187,120.27566562668827,36.41051827940859,1.213781,1.4338098407901025,0.30255744412456476
446,179,15,187,130.4511457990898,35.32767175840945,1.213781,1.2836951963786558,0.220998876664
447,165,15,187,118.76342002374568,35.13467300613939,1.213781,1.440341729467587,0.3057203165462383
448,180,8,236,122.0433155861311,15.646813450195351,1.159629,1.0920680609775695,0.08430615661001417
449,214,8,236,109.48730241296113,17.249611290445948,1.159629,1.2411612342316396,0.19430290568246297
450,179,8,236,119.16208110345927,14.52362862957563,1.159629,1.1063995939983629,0.09616741959733609
451,165,8,236,108.36560178784612,11.329279131544407,1.159629,1.2141466406414165,0.17637625758968117
452,180,9,236,120.78013835456349,14.869734544870823,1.159629,1.0956336313428836,0.08728614073818497
453,214,9,236,109.49908275546984,17.39049537815061,1.159629,1.2422039997494536,0.19497924640260775
454,179,9,236,118.62614182604547,16.362162606293694,1.159629,1.126481409870536,0.11228006850558879
455,165,9,236,109.36775619556285,10.05405687204087,1.159629,1.1911360815002061,0.16046536115292134
456,180,10,236,119.72188992692364,15.300477497265197,1.159629,1.1078701260837172,0.09736712232239202
457,214,10,236,110.69565827958962,16.98451181556266,1.159629,1.2221216711846032,0.18175086525493045
458,179,10,236,117.65896994564294,16.08694762704182,1.159629,1.1333269523947302,0.11764209093678499
459,165,10,236,109.47494243720071,10.250075061719173,1.159629,1.1905092111782336,0.16002329876111482
460,180,11,236,119.27142160510441,16.521090659035135,1.159629,1.12195395515086,0.10869782542409398
461,214,11,236,108.78690937814933,17.38496973101989,1.159629,1.2523898534548548,0.2015265875546737
462,179,11,236,117.40390861946031,16.488767789035656,1.159629,1.1392620947645176,0.12223885566323758
463,165,11,236,109.73043333468596,10.66131842442913,1.159629,1.1888779467542918,0.15887076320150437
464,180,12,236,119.14088266471514,15.393811931226521,1.159629,1.1137117135215426,0.10210156914125254
465,214,12,236,109.218881252568,16.078219342449064,1.159629,1.2351745465310704,0.19039782449496473
466,179,12,236,118.22392926799833,15.740623891503098,1.159629,1.124992225984743,0.1111049686368571
467,165,12,236,109.22369841356266,10.826735279940053,1.159629,1.1976771327455171,0.16505043583187426
468,180,13,236,120.78188642678893,18.727748151427956,1.159629,1.1275390999702326,0.11311279579892146
469,214,13,236,108.67269352023223,15.364683658134528,1.159629,1.2374491113813464,0.19188596055985319
470,179,13,236,119.01968590735133,15.756817493802185,1.159629,1.117807042171786,0.10539121487631611
471,165,13,236,108.8891620825359,10.366320328086376,1.159629,1.2003973841041462,0.1669425364948644
472,180,14,236,122.02842850559695,18.270329280271643,1.159629,1.1134735231179882,0.10190949381556519
473,214,14,236,109.3043337788268,14.431509754028614,1.159629,1.2208713420854824,0.180912873020831
474,179,14,236,118.47565703343443,14.573721872610992,1.159629,1.1129757338324875,0.10150781405041066
475,165,14,236,108.86890533347872,10.066178603008508,1.159629,1.1991467180113455,0.16607368808181264
476,180,15,236,108.75106260963659,10.607534195453592,1.159629,1.2039093616289966,0.1693726854595508
477,214,15,236,106.01670517635736,10.856780368869762,1.159629,1.250952848950116,0.20060935882653977
478,179,15,236,114.98585846139203,10.125331006941535,1.159629,1.114212750694861,0.10250533448269548
479,165,15,236,106.31072067249644,12.4817956940478,1.159629,1.2547072279205236,0.20300132353796993
480,180,8,37,123.38834650323292,17.06463767727598,1.406311,1.2979727077366543,0.22956777593285882
481,214,8,37,108.56623102152385,17.585322349818842,1.406311,1.875120053047639,0.46670081290278104
482,179,8,37,120.71962552040097,18.071668614566335,1.406311,1.4024613359486455,0.286967865446654
483,165,8,37,111.7900625396387,21.04972027436908,1.406311,1.888878112096257,0.47058521479175247
484,180,9,37,121.91883754792826,16.27689845201639,1.406311,1.3073633777517837,0.23510171921776118
485,214,9,37,108.84968304034523,19.756581870646173,1.406311,1.9739557361233862,0.49340302738303504
486,179,9,37,119.81054643781073,20.138384808501442,1.406311,1.5137315723887683,0.3393808927286005
487,165,9,37,112.75384129281055,18.435030623408956,1.406311,1.7090193426648705,0.4148691152665938
488,180,10,37,120.86442595022262,16.46302055268471,1.406311,1.3405623023190727,0.2540443675985259
489,214,10,37,109.93861760047399,18.78481780983636,1.406311,1.8631444884636394,0.46327297416175905
490,179,10,37,118.95766247547829,19.055762243983487,1.406311,1.4959804641000873,0.33154207290965276
491,165,10,37,112.90978167522704,18.928461911310112,1.406311,1.7257805501110235,0.42055205110773347
492,180,11,37,120.42869858526426,17.363466382695957,1.406311,1.3844518390041538,0.2776924615020865
493,214,11,37,108.65313278098114,20.094864744109174,1.406311,2.0038895353981303,0.5009704964593663
494,179,11,37,118.62096525448439,20.49579244674671,1.406311,1.5700576451981412,0.3630807104067825
495,165,11,37,113.14880271350592,19.07252957512854,1.406311,1.7220245356595514,0.41928818127031464
496,180,12,37,120.29456936499845,16.199933794202455,1.406311,1.3468722078923272,0.25753906410700633
497,214,12,37,108.84292024984005,18.11525853660322,1.406311,1.8869266208183006,0.470037685108109
498,179,12,37,118.5833744087643,17.79986791600976,1.406311,1.4570034745137725,0.3136598385026381
499,165,12,37,112.6440846241785,22.614489712671503,1.406311,1.9325829235782406,0.48255777912573744
500,180,13,37,118.12286802532749,16.256424685400173,1.406311,1.4124977428775531,0.2920342669271874
501,214,13,37,108.6626192049057,18.06747018305614,1.406311,1.8942849830210027,0.4720963271296162
502,179,13,37,118.73740511477895,17.45193353988247,1.406311,1.4384399418723801,0.30480239675608156
503,165,13,37,112.36992038028148,20.18638892464002,1.406311,1.8143653049347357,0.44884307626463854
504,180,14,37,119.3714107359919,15.781866956919982,1.406311,1.3581861337992702,0.2637238923926516
505,214,14,37,109.8926911805957,17.29855122657659,1.406311,1.7914109624108348,0.4417807968227314
506,179,14,37,118.75830435217487,16.748890977357405,1.406311,1.4110545275786834,0.2913101652308487
507,165,14,37,112.15273296660452,18.40443176065689,1.406311,1.7350487804206132,0.4236473283721865
508,180,15,37,115.92572410745109,23.931981800438987,1.406311,1.8491006532254464,0.4591965568474234
509,214,15,37,110.8089956656615,19.456606933419113,1.406311,1.8533092058357332,0.4604246302499431
510,179,15,37,120.18358305576004,19.31877475071723,1.406311,1.467488240175684,0.31856353419208144
511,165,15,37,109.4821298836934,20.562598807343583,1.406311,1.9837236512445402,0.49589752616367494
512,180,8,110,119.9976021404315,11.414635967484081,1.30571,1.1524191056898863,0.13226013430126343
513,214,8,110,107.4088580397772,13.11514388396181,1.30571,1.5150690887649334,0.3399640931126195
514,179,8,110,117.85259679946327,11.966911955489932,1.30571,1.2009061060812614,0.16729543222729412
515,165,8,110,110.10498882240984,15.45823772101496,1.30571,1.4754916896143697,0.32225982224179306
516,180,9,110,118.67062257312101,10.968185062298955,1.30571,1.1676627237913981,0.14358831567988883
517,214,9,110,107.65516972424672,14.320687035431368,1.30571,1.5321403581216724,0.3473182827544925
518,179,9,110,117.25364303360938,12.953762411036225,1.30571,1.2317198806619991,0.18812709309965764
519,165,9,110,111.06887932106875,14.080855251005001,1.30571,1.4136626330670221,0.29261764680697355
520,180,10,110,117.62736904632898,10.967250703343774,1.30571,1.1874035447622404,0.15782633089558878
521,214,10,110,108.76481980528314,13.711112983187824,1.30571,1.4799117420974424,0.3242840288686914
522,179,10,110,116.28159047214821,13.21425998401908,1.30571,1.2578901901789807,0.20501804703818102
523,165,10,110,111.20307583616581,14.346009110928662,1.30571,1.4154695395786927,0.2935206501881737
524,180,11,110,117.18587098576022,11.40498622125737,1.30571,1.2040815660575124,0.1694914794898243
525,214,11,110,107.59374563350033,14.760518198532118,1.30571,1.544419068042875,0.3525073468127896
526,179,11,110,116.18788821659177,13.199601640845039,1.30571,1.2596992045249453,0.20615969557818564
527,165,11,110,111.49717542037138,14.433821703564098,1.30571,1.4085996108824514,0.2900750559106532
528,180,12,110,117.08182555374192,10.632873378082612,1.30571,1.1925526957601735,0.16146263091328966
529,214,12,110,107.6548567157741,14.157376460197314,1.30571,1.5284918226757243,0.3457603206215163
530,179,12,110,117.13936353988524,12.952002550045883,1.30571,1.2340821389636771,0.18968116592324077
531,165,12,110,110.87788998774053,15.223107992775741,1.30571,1.4455480077938916,0.3082208307103271
532,180,13,110,117.6973258231248,12.446354820530047,1.30571,1.2129117928433453,0.17553773827545271
533,214,13,110,107.46005489887072,14.467081765768143,1.30571,1.542483561873104,0.3516948739566099
534,179,13,110,117.24817960405092,12.72898197914445,1.30571,1.2274815412414393,0.18532379803558677
535,165,13,110,110.58546783661633,14.68217213108751,1.30571,1.442072545069738,0.30655361034445017
536,180,14,110,118.97059178307278,12.284072693650023,1.30571,1.1855306432007633,0.1564958647545854
537,214,14,110,108.8431212499916,15.011923433408205,1.30571,1.5065938905663299,0.33625112496367604
538,179,14,110,116.9875080941546,12.18354766120394,1.30571,1.222551616358012,0.1820386259199382
539,165,14,110,110.56333345498948,14.450038976931548,1.30571,1.4374897411066336,0.30434286144528416
540,180,15,110,111.84861969778628,14.189317978930513,1.30571,1.392780866844406,0.28201196339975665
541,214,15,110,108.00397936367956,14.784703271883894,1.30571,1.5303616995813776,0.3465597052817352
542,179,15,110,117.14125866975851,14.551577760655421,1.30571,1.2664709557611185,0.21040431645822927
543,165,15,110,108.0167046295012,14.759711625735193,1.30571,1.5293313657121046,0.3461194725877026
544,180,8,8,120.22850591806419,23.23683544873966,1.1920600000000001,1.2164452871551041,0.1779326118820386
545,214,8,8,111.65461817190881,26.11317097378356,1.1920600000000001,1.3734422574931109,0.2719024083143765
546,179,8,8,119.22880080067233,23.282074032040168,1.1920600000000001,1.228966650151165,0.18630826973457876
547,165,8,8,116.4650456775126,31.94190375281362,1.1920600000000001,1.3715555344456043,0.2709008312928361
548,180,9,8,119.28857045659477,23.21119801879138,1.1920600000000001,1.227386633263015,0.18526080299449427
549,214,9,8,111.98384059051517,26.988386538289497,1.1920600000000001,1.3791843653252003,0.2749337759754779
550,179,9,8,118.7470044216222,25.345463711695363,1.1920600000000001,1.2599444082481186,0.2063141885835714
551,165,9,8,117.34711151073391,30.379614861652037,1.1920600000000001,1.3401237684095768,0.25380026563757363
552,180,10,8,118.4175449332807,23.795646007979826,1.1920600000000001,1.2453001546043556,0.19698074692867112
553,214,10,8,113.06611502211787,26.882510123674326,1.1920600000000001,1.3603859633020896,0.26491449707943043
554,179,10,8,118.09154757542922,25.863702246270066,1.1920600000000001,1.2747823935619058,0.21555239149022798
555,165,10,8,117.51439168548109,30.84832691022471,1.1920600000000001,1.3434484639046582,0.25564692143563467
556,180,11,8,118.07743228374414,26.086894594787356,1.1920600000000001,1.2777047619034374,0.21734658129451737
557,214,11,8,111.94999839158957,26.887203110802815,1.1920600000000001,1.3784511659020773,0.27454811259448114
558,179,11,8,118.10263213542625,26.00298641958809,1.1920600000000001,1.2763435566173311,0.21651189069322305
559,165,11,8,117.78795132298289,30.644538489268328,1.1920600000000001,1.3371907343918015,0.2521635288963971
560,180,12,8,117.9275085485395,25.115198041091613,1.1920600000000001,1.2677629129873895,0.211208980988745
561,214,12,8,112.1066135175128,26.291698343387292,1.1920600000000001,1.368292496650729,0.269162110844155
562,179,12,8,120.33394553615993,25.8770698371932,1.1920600000000001,1.2466201658135914,0.1978310415447497
563,165,12,8,117.28511252390992,30.500193157061823,1.1920600000000001,1.3424533903523934,0.2550951808185307
564,180,13,8,119.79977264067094,27.58874385262997,1.1920600000000001,1.273741870246783,0.21491157403324312
565,214,13,8,112.07862191318281,26.228567884504617,1.1920600000000001,1.3679437784055464,0.26897580457174625
566,179,13,8,120.3634452550365,25.762204134072874,1.1920600000000001,1.2448913971634952,0.19671707726592386
567,165,13,8,117.00662021925189,31.60998643102511,1.1920600000000001,1.3597787531778578,0.26458624414967535
568,180,14,8,121.06007854225003,27.02648603573138,1.1920600000000001,1.2515814134170482,0.2010108257601753
569,214,14,8,113.58067870357112,26.988503549350874,1.1920600000000001,1.3536478670144079,0.2612554384578687
570,179,14,8,120.15154302143414,25.460392700059103,1.1920600000000001,1.2438448613692394,0.19604121779368214
571,165,14,8,116.8825335366466,30.331111265723855,1.1920600000000001,1.346088021219758,0.2571065307498615
572,180,15,8,118.17532670057504,29.142501027880243,1.1920600000000001,1.313723420400154,0.23880477087376223
573,214,15,8,115.17960777065565,30.977214707401007,1.1920600000000001,1.3788636877914389,0.2747651498447062
574,179,15,8,124.92395471755134,31.23908794866203,1.1920600000000001,1.256032786574839,0.20384243891676765
575,165,15,8,114.11610799628143,30.446058733893373,1.1920600000000001,1.3885848789780417,0.2798423667583281
576,180,8,151,122.26947291325389,22.727689656054686,1.2140229999999999,1.2154643165792605,0.17726914203919372
577,214,8,151,106.47341933940605,18.182317716564295,1.2140229999999999,1.4208811525518326,0.2962113698221352
578,179,8,151,119.63280659748787,22.354614482880876,1.2140229999999999,1.2445129306023104,0.19647279235899365
579,165,8,151,110.88886316185113,27.814951980157662,1.2140229999999999,1.4740866859387147,0.3216138443288436
580,180,9,151,120.6825691308812,21.459368421302134,1.2140229999999999,1.2181663457153755,0.1790940510569236
581,214,9,151,106.88876286455975,20.142835363117893,1.2140229999999999,1.4398505226931513,0.3054834621794199
582,179,9,151,118.44961615542937,23.816808949284564,1.2140229999999999,1.282213919939846,0.22009893634058017
583,165,9,151,111.87887429422672,26.765976891157596,1.2140229999999999,1.4383866439400144,0.3047766369264873
584,180,10,151,119.60884362670848,22.257892834179195,1.2140229999999999,1.2434833728163484,0.19580750184450493
585,214,10,151,107.9417940886155,20.3141026981282,1.2140229999999999,1.4190777845362588,0.29531699326348726
586,179,10,151,117.61083652063047,24.184895857295764,1.2140229999999999,1.3001777494317113,0.23087439356881365
587,165,10,151,112.04806630517726,27.04478430870249,1.2140229999999999,1.4394600668825972,0.3052950734745459
588,180,11,151,119.19504438361606,24.233820737517657,1.2140229999999999,1.2773958772734093,0.21715732938289142
589,214,11,151,106.99105904796879,20.390904633920197,1.2140229999999999,1.4412490449985071,0.30615738933514036
590,179,11,151,117.27994020159134,24.158960129383274,1.2140229999999999,1.3048932299073321,0.23365377558820222
591,165,11,151,112.32607882402272,26.86615247039874,1.2140229999999999,1.4313941114820963,0.3013803871495751
592,180,12,151,119.07865812795411,22.99690076289383,1.2140229999999999,1.2613322451949838,0.20718747672591656
593,214,12,151,106.93771927878569,19.75834906562675,1.2140229999999999,1.4330472983820373,0.30218632620916525
594,179,12,151,116.89424499898169,21.552804685266235,1.2140229999999999,1.2727497428925783,0.21429958592857376
595,165,12,151,111.74277144914129,27.70628563867862,1.2140229999999999,1.4555948749490086,0.31299565750736014
596,180,13,151,115.3511208550546,21.807383010297407,1.2140229999999999,1.3008929655225328,0.23129725004060758
597,214,13,151,106.89950121729825,19.89199908741153,1.2140229999999999,1.435884538346342,0.30356517303844993
598,179,13,151,116.76222737423178,21.493930509622714,1.2140229999999999,1.2739228281566402,0.21502309410139472
599,165,13,151,111.4733762226638,27.60497228517325,1.2140229999999999,1.459274586387233,0.3147280098423916
600,180,14,151,116.5811133593413,20.682674102079755,1.2140229999999999,1.26502869990231,0.20950410051785892
601,214,14,151,108.48269416001757,21.10040254353522,1.2140229999999999,1.4192833318592595,0.29541904878851694
602,179,14,151,117.11986109843214,21.874432828515026,1.2140229999999999,1.2739590454541463,0.2150454101579727
603,165,14,151,111.3635722474977,26.77098878967116,1.2140229999999999,1.4484675311730715,0.30961517708986597
604,180,15,151,113.98974656362746,25.174467322779993,1.2140229999999999,1.3748175627810144,0.2726307642032331
605,214,15,151,109.6782640596911,25.15778055150785,1.2140229999999999,1.4571133105794671,0.3137115742890864
606,179,15,151,118.95719006245139,26.491125407422643,1.2140229999999999,1.313605779324197,0.23873660139158034
607,165,15,151,108.63382714142715,26.395614276007507,1.2140229999999999,1.4984616729587756,0.3326489305359023
608,180,8,246,122.32763510395135,20.98718440233423,1.1753959999999999,1.1499622604676532,0.13040624516379196
609,214,8,246,107.28858318653116,19.457932744770922,1.1753959999999999,1.328079938234685,0.24703327622791788
610,179,8,246,120.56179908257862,21.0034663132831,1.1753959999999999,1.1670010680439022,0.14310275510186568
611,165,8,246,111.33498754464614,24.130754175073314,1.1753959999999999,1.3142937108380903,0.23913506413849728
612,180,9,246,120.7303512504389,19.959488468926327,1.1753959999999999,1.154914411137249,0.13413497107954872
613,214,9,246,107.63342279981207,20.684677819578354,1.1753959999999999,1.3350983597575834,0.2509915148262394
614,179,9,246,119.38351583921637,22.67572673201248,1.1753959999999999,1.1962981536083983,0.16408798510329844
615,165,9,246,112.34160939721077,22.355335737944134,1.1753959999999999,1.280330571900342,0.21895171298163943
616,180,10,246,119.64981287090319,20.69078940577629,1.1753959999999999,1.1731039509922174,0.1475606239718187
617,214,10,246,108.70111114491486,20.260853148238947,1.1753959999999999,1.3129747887698258,0.23837075277207975
618,179,10,246,118.4515466223606,23.017839912692153,1.1753959999999999,1.210094049866331,0.173617951339847
619,165,10,246,112.4946561001645,22.911104804294855,1.1753959999999999,1.284220252608191,0.22131737295915788
620,180,11,246,119.16096255468513,22.633543749208453,1.1753959999999999,1.198261027759129,0.1654572945010967
621,214,11,246,107.42055395483202,20.290098281670435,1.1753959999999999,1.3345207692927559,0.25066733841095545
622,179,11,246,118.15376490676475,23.159094802861013,1.1753959999999999,1.2149398234307829,0.17691396667188788
623,165,11,246,112.77872284884167,22.926491048858114,1.1753959999999999,1.280398434027153,0.2189931091568382
624,180,12,246,119.03384734600618,21.418034444426734,1.1753959999999999,1.1870466386230119,0.15757311679007674
625,214,12,246,107.5608295425395,19.765574033390763,1.1753959999999999,1.3266476530972753,0.24622035273244036
626,179,12,246,118.069647281067,20.728817731579067,1.1753959999999999,1.1904677574421982,0.159994049609064
627,165,12,246,112.13697309590515,23.264479192860847,1.1753959999999999,1.2931629219220906,0.22670223291458771
628,180,13,246,117.34917125378918,22.43968106742178,1.1753959999999999,1.21660665782846,0.1780416508776013
629,214,13,246,107.35818513372202,19.351705921050335,1.1753959999999999,1.3257933377350437,0.2457346318330592
630,179,13,246,118.35483605028327,21.185950531492583,1.1753959999999999,1.1920436174813815,0.16110452223815633
631,165,13,246,111.87067473335857,23.548990966377303,1.1753959999999999,1.3001043070222988,0.23083094594897882
632,180,14,246,118.60703159656435,22.57333941678094,1.1753959999999999,1.2037046890579854,0.1692314492995819
633,214,14,246,108.59461841858791,19.28228552826851,1.1753959999999999,1.3044278660490702,0.23338037615766344
634,179,14,246,118.19346358924743,20.45038772949971,1.1753959999999999,1.186217208300175,0.15698407256038752
635,165,14,246,111.74864159976313,22.619490005456196,1.1753959999999999,1.2917121697949372,0.2258337241192419
636,180,15,246,116.56752479752187,22.268520174230513,1.1753959999999999,1.2240518634198887,0.18304115218934297
637,214,15,246,110.69596948098152,22.921329076170863,1.1753959999999999,1.3105623531545167,0.23696877329567326
638,179,15,246,120.06099470657084,22.201994801673607,1.1753959999999999,1.1842660976764428,0.15559518087866997
639,165,15,246,109.09291918638033,22.888220076983192,1.1753959999999999,1.3350092798624082,0.2509415364490468
640,180,8,81,123.02474908348621,15.610191614919815,1.2943850000000001,1.172352214810618,0.14701402243562087
641,214,8,81,102.56022829619269,9.671299116100615,1.2943850000000001,1.6226593143350387,0.38372769245786065
642,179,8,81,119.66706587407465,13.25618589668471,1.2943850000000001,1.182711053059706,0.1544849459105227
643,165,8,81,108.10608772529372,8.054153139112232,1.2943850000000001,1.3936439177751543,0.28245659651970256
644,180,9,81,120.77460244001317,14.017275312787081,1.2943850000000001,1.1780407910774204,0.15113295942374516
645,214,9,81,103.11763528139193,9.300255117380546,1.2943850000000001,1.595341142751063,0.3731748193520764
646,179,9,81,117.75884595957736,14.084451027611932,1.2943850000000001,1.232914551868521,0.18891378280476256
647,165,9,81,109.05718352336275,7.377242408915744,1.2943850000000001,1.3544982228528202,0.26171922330483555
648,180,10,81,119.60179828006889,14.22234458242002,1.2943850000000001,1.2013556381193706,0.16760701971197914
649,214,10,81,104.10756953803045,10.244206359292498,1.2943850000000001,1.5674011498155638,0.362001233623141
650,179,10,81,116.74741424799561,14.26634022769838,1.2943850000000001,1.2570306728621146,0.20447446383856746
651,165,10,81,109.21636107084454,7.668889492894274,1.2943850000000001,1.3518604182283183,0.2602786600479428
652,180,11,81,119.1399050033,14.756715643545094,1.2943850000000001,1.2196722448009716,0.18010760328223924
653,214,11,81,103.59886388280201,10.072302363843454,1.2943850000000001,1.5854003568164534,0.3692444966973266
654,179,11,81,116.33143004122435,13.831058203587512,1.2943850000000001,1.2573471931079787,0.20467472669331216
655,165,11,81,109.48919029082553,8.33848542979532,1.2943850000000001,1.3497535562388117,0.25912401165545057
656,180,12,81,119.0336351494965,14.028884910493764,1.2943850000000001,1.2078382559966363,0.17207457618167635
657,214,12,81,103.26380609615008,8.829172411895271,1.2943850000000001,1.5840910122920233,0.36872314012242347
658,179,12,81,114.28598244434048,10.999687495714321,1.2943850000000001,1.251899896479397,0.20121408843294256
659,165,12,81,108.8482317923909,7.971311498187683,1.2943850000000001,1.3672512233219254,0.2686055181794886
660,180,13,81,111.68330339829717,8.577581405244542,1.2943850000000001,1.2844351733055017,0.2214476675950146
661,214,13,81,103.33546363995097,10.173314881255177,1.2943850000000001,1.5973446156729099,0.37396101618389205
662,179,13,81,113.72776241534841,10.066946902785695,1.2943850000000001,1.2503699581093777,0.20023670313380662
663,165,13,81,108.59717191602773,7.972020620890779,1.2943850000000001,1.3758078349673075,0.27315430644879096
664,180,14,81,112.73748941323733,8.840644101549326,1.2943850000000001,1.2581342122840253,0.20517223819500682
665,214,14,81,105.31061775671193,8.225511872797169,1.2943850000000001,1.4973740137425895,0.33216418154568833
666,179,14,81,114.80747309941901,10.713251192423737,1.2943850000000001,1.234747918468458,0.1901180920876804
667,165,14,81,108.43680002202241,7.1192317683494295,1.2943850000000001,1.3735454517520942,0.27195711017469404
668,180,15,81,110.55576924103838,9.301095056308423,1.2943850000000001,1.327676274702172,0.24680434601851814
669,214,15,81,106.74495031127219,6.758108892087926,1.2943850000000001,1.4310530473945593,0.3012138845442202
670,179,15,81,115.7757140965889,10.250615688454104,1.2943850000000001,1.2053720725327055,0.17038064611965126
671,165,15,81,105.87468910440208,9.97988220447775,1.2943850000000001,1.4960716012888862,0.33158279380580025
672,180,8,228,123.02920581347087,15.197744185038369,1.280308,1.1554981042463188,0.1345723577346269
673,214,8,228,102.90156950631118,9.477426758870031,1.280308,1.572222745636595,0.36395780892032653
674,179,8,228,120.38198411944208,14.352257718980848,1.280308,1.1796580306882463,0.15229670465043893
675,165,8,228,107.421839125279,10.861296136495836,1.280308,1.4274081166400105,0.2994295125952419
676,180,9,228,120.45830640949194,13.366887011805344,1.280308,1.1620947506702104,0.13948496934241045
677,214,9,228,103.22813011519754,10.206881373890326,1.280308,1.56801867178438,0.3622524922729293
678,179,9,228,118.72866074467724,14.563884230933958,1.280308,1.2107410388830466,0.17405954875161664
679,165,9,228,108.40996139005563,9.883187979497475,1.280308,1.3827140660102544,0.2767846769032695
680,180,10,228,119.25730902637926,13.366364336225615,1.280308,1.18104638920018,0.1532932074944041
681,214,10,228,104.30079812929468,11.161879521638726,1.280308,1.5400893075976732,0.35068700557381177
682,179,10,228,117.61854725647272,14.65076434059491,1.280308,1.2325059000910152,0.18864485766262512
683,165,10,228,108.56436767187493,9.811915263764124,1.280308,1.3769390166459652,0.27375142405662745
684,180,11,228,118.65165646201494,13.773638833834553,1.280308,1.1982186697462094,0.16542779273185035
685,214,11,228,103.3839824205263,11.456078556107856,1.280308,1.5783347777689636,0.36642085438075556
686,179,11,228,117.23717278555517,14.20197617212899,1.280308,1.2316025217483193,0.18804973005377443
687,165,11,228,108.83156128012578,9.661319175222497,1.280308,1.3666899329393234,0.26830513937472844
688,180,12,228,118.61992819286057,13.171540457835604,1.280308,1.1884927634273859,0.15859815829572976
689,214,12,228,103.247490690513,10.644972561069373,1.280308,1.57267426989415,0.364140420465259
690,179,12,228,115.38971031442925,12.180067909516465,1.280308,1.2333849912442627,0.18922314840949978
691,165,12,228,108.16838734675116,10.24582590414287,1.280308,1.3950149410404478,0.28316179950433557
692,180,13,228,114.83483803798771,10.95273657740349,1.280308,1.2253460944310341,0.18390403776956524
693,214,13,228,103.09547439160762,10.530848364301598,1.280308,1.5770322648289583,0.3658975644937373
694,179,13,228,115.81928900623451,11.904222861460832,1.280308,1.2198395567330989,0.1802200588754967
695,165,13,228,107.89767850593002,10.185721191857242,1.280308,1.4029503373658003,0.28721639436103324
696,180,14,228,116.00146180996752,11.179478214217951,1.280308,1.2043782650128394,0.16969607551881602
697,214,14,228,104.6963730781792,10.033913003421324,1.280308,1.5113171603941815,0.3383255174981404
698,179,14,228,116.29401819003469,11.877239837152331,1.280308,1.2098108863517467,0.1734245316509288
699,165,14,228,107.7859938241258,9.56344382079951,1.280308,1.39899188895639,0.28519957271090907
700,180,15,228,109.79878435087473,11.45160373132634,1.280308,1.3622001123722747,0.2658934682816186
701,214,15,228,105.56219291473275,11.325004846788067,1.280308,1.497023232087756,0.3320076946264921
702,179,15,228,114.4928938621136,10.916421167608817,1.280308,1.2323564606724857,0.18854647018744147
703,165,15,228,104.8673616136292,10.960495949508177,1.280308,1.5167514131154114,0.340696180433419
704,180,8,121,127.56473763221328,24.97320102064513,1.2042741000000001,1.1746390635190072,0.14867466010862943
705,214,8,121,108.99198830355475,20.330680251325,1.2042741000000001,1.3739240878209593,0.272157749569703
706,179,8,121,120.62843368192473,20.88574025506366,1.2042741000000001,1.199081939161379,0.1660286362920403
707,165,8,121,107.10722053825981,19.15592272118136,1.2042741000000001,1.396287062641072,0.28381489254186487
708,180,9,121,126.63648164051997,24.903878251242624,1.2042741000000001,1.1828382782210007,0.15457588884931178
709,214,9,121,108.95515762614039,21.179304483573407,1.2042741000000001,1.3864209682510504,0.2787183525783765
710,179,9,121,119.65642471594768,22.948059294841865,1.2042741000000001,1.23777316253951,0.19209752621528525
711,165,9,121,108.00758933724669,16.966630476393032,1.2042741000000001,1.3492340878045332,0.25883876709104287
712,180,10,121,125.56097700588755,25.853881894123266,1.2042741000000001,1.2052625592799173,0.1703052647736367
713,214,10,121,110.22581537022344,20.963497531210237,1.2042741000000001,1.3590120248917978,0.26417133793969316
714,179,10,121,118.92970591359492,22.604818361334,1.2042741000000001,1.2428199459061544,0.1953782176621824
715,165,10,121,108.11373537381202,17.668895702531678,1.2042741000000001,1.355953601600821,0.26251163843702824
716,180,11,121,125.17859398750988,27.43259802115634,1.2042741000000001,1.228778353034969,0.18618358019565334
717,214,11,121,108.48841778063165,20.38742139893662,1.2042741000000001,1.3846814164894357,0.27781221868688993
718,179,11,121,118.25170442930744,22.001879847590725,1.2042741000000001,1.243985789431325,0.1961322962884171
719,165,11,121,108.36333527966809,17.52580397332551,1.2042741000000001,1.3490597082685172,0.25874296454715573
720,180,12,121,125.01542517376676,26.391524724132413,1.2042741000000001,1.2177357068859629,0.1788037467035966
721,214,12,121,108.70949804549151,19.603238588365283,1.2042741000000001,1.369552406683437,0.2698344399820084
722,179,12,121,116.45621676770388,18.70525302117664,1.2042741000000001,1.2257991317793626,0.18420565484623402
723,165,12,121,107.88462156019878,18.060875494663556,1.2042741000000001,1.3656962228563936,0.2677727423830237
724,180,13,121,114.8406052920749,17.54323835591019,1.2042741000000001,1.234705732797238,0.19009042119332337
725,214,13,121,108.14339427129083,19.10155962686558,1.2042741000000001,1.374144601929947,0.27227454913003446
726,179,13,121,116.45425360132114,17.963078856078354,1.2042741000000001,1.2163432862674015,0.17786367443297624
727,165,13,121,107.64611829125097,18.404372234629587,1.2042741000000001,1.3750912205701356,0.2727755184231462
728,180,14,121,116.1368044853453,17.093340374763002,1.2042741000000001,1.2099131511488328,0.17349439581635817
729,214,14,121,109.15823826769386,18.69728313302679,1.2042741000000001,1.348556504613541,0.25846637009357476
730,179,14,121,117.05185662935915,18.081303399079765,1.2042741000000001,1.2095076501701332,0.1732173005608217
731,165,14,121,107.35504337975644,17.4184071771789,1.2042741000000001,1.3684527846189576,0.2692477144701433
732,180,15,121,110.79116924234899,19.232445756745015,1.2042741000000001,1.3248370397052258,0.2451901856378514
733,214,15,121,106.12853567911905,16.742690267496428,1.2042741000000001,1.3864394613044098,0.27872797340955247
734,179,15,121,115.10714997239347,17.450400795187257,1.2042741000000001,1.2294889440149706,0.18665393058807062
735,165,15,121,105.23160841957937,18.030283521528016,1.2042741000000001,1.4224893780259724,0.29700705295407726
736,180,8,83,124.22926152239731,18.64873530264542,1.170927,1.1083928818497326,0.09779283467504954
737,214,8,83,107.39653936421327,13.960755110026328,1.170927,1.2664493884045174,0.21039086981611824
738,179,8,83,120.54001033411708,16.340712941139074,1.170927,1.1183090932095046,0.10579283842713105
739,165,8,83,107.61897207457051,9.50125455820621,1.170927,1.2337670955475986,0.18947425035990503
740,180,9,83,122.85426182045714,17.699666293887226,1.170927,1.1108030668236721,0.09975041493224551
741,214,9,83,107.51043405209943,14.57734059241711,1.170927,1.2694477644077073,0.21225588949965574
742,179,9,83,119.4626813139557,17.559566180289828,1.170927,1.1395997663559145,0.12249894259131971
743,165,9,83,108.48735462064067,9.11628567699084,1.170927,1.2161367615547893,0.1777240589935509
744,180,10,83,121.78480259562006,17.975036593312172,1.170927,1.1221884752841313,0.10888409387130264
745,214,10,83,108.66859823681409,14.389802044048308,1.170927,1.2485599304564872,0.19907729248175612
746,179,10,83,118.3852399139025,17.18214141847179,1.170927,1.146789971754437,0.1280007458818878
747,165,10,83,108.5889325248203,9.188371023428445,1.170927,1.214664786138998,0.1767275947970334
748,180,11,83,121.39313494010895,18.95340856162095,1.170927,1.1346420103657482,0.1186647498820767
749,214,11,83,106.95316062144242,14.11817061425912,1.170927,1.2753892665637812,0.21592565798028782
750,179,11,83,117.99965060487948,17.244663581654436,1.170927,1.1513726560594884,0.13147147039044094
751,165,11,83,108.87367654131765,9.344345700633214,1.170927,1.2103902327477842,0.17382016729444677
752,180,12,83,121.19894901198255,18.093677703651103,1.170927,1.1284095820595585,0.11379696176027418
753,214,12,83,107.25042405974692,13.68044857580472,1.170927,1.2668060731687225,0.21061319393689654
754,179,12,83,117.17686842708385,15.095089048794671,1.170927,1.1400167384703168,0.1228198970641364
755,165,12,83,108.40766454085394,9.035633043829318,1.170927,1.2171882770345341,0.17843441407739755
756,180,13,83,117.09060680403151,15.938338211805638,1.170927,1.1487452909796947,0.12948500607374758
757,214,13,83,106.78784200004968,12.457797734830919,1.170927,1.2661422329037997,0.2101993172547629
758,179,13,83,117.5022950960119,15.000796191999608,1.170927,1.1356893297901447,0.1194775069474481
759,165,13,83,108.16021303617273,9.246467663026094,1.170927,1.2226655300370988,0.18211483399744044
760,180,14,83,118.34049901044256,16.504187467804513,1.170927,1.140878641857861,0.1234825832381676
761,214,14,83,107.6131631106121,12.188444350851261,1.170927,1.249636672250404,0.19976740263299622
762,179,14,83,117.39277130407221,14.523996634579719,1.170927,1.1325240172626028,0.11701651818645176
763,165,14,83,108.01176198285908,8.904144036584276,1.170927,1.2237862585817483,0.1828638432671202
764,180,15,83,110.45435548632096,11.223020071640903,1.170927,1.1954429180237132,0.16348996265485952
765,214,15,83,106.25951631153688,9.302552015966437,1.170927,1.2583885789054392,0.20533290212327623
766,179,15,83,115.2492117393135,11.272379035737101,1.170927,1.128623794767086,0.11396516302726911
767,165,15,83,105.44612060296288,10.893906858889734,1.170927,1.2816417523849282,0.21975076253628473
768,180,8,211,120.80112888743005,14.98645650219221,1.1872690000000001,1.115191853389532,0.10329330602569953
769,214,8,211,111.80450922066457,19.937598746365822,1.1872690000000001,1.28381294282942,0.22107032369055202
770,179,8,211,119.29281905455805,15.577828333802602,1.1872690000000001,1.136345663654275,0.11998608171373919
771,165,8,211,114.17767016747369,23.031872658117035,1.1872690000000001,1.2851215744319264,0.2218635031148405
772,180,9,211,119.99311528649824,14.53876024721612,1.1872690000000001,1.118687244053214,0.10609510806897904
773,214,9,211,111.9972615658879,21.338856191935626,1.1872690000000001,1.297489001944799,0.22928055767632285
774,179,9,211,119.07143871429444,17.09194036545376,1.1872690000000001,1.1545234589500626,0.13384176627349614
775,165,9,211,115.00406664421278,20.715565330074377,1.1872690000000001,1.2458084991117626,0.19730841400345184
776,180,10,211,118.96786709646622,14.774527448201717,1.1872690000000001,1.1316531567459558,0.11633702072154475
777,214,10,211,113.02714493999622,20.62919098610477,1.1872690000000001,1.2732468594109847,0.2146063486364232
778,179,10,211,118.22384238619719,18.21965776849324,1.1872690000000001,1.1763036010489676,0.14987933463074415
779,165,10,211,115.1592780346462,20.976635031358615,1.1872690000000001,1.246742408125733,0.19790969370863754
780,180,11,211,118.59507276476972,15.678843038705152,1.1872690000000001,1.1449549509541717,0.12660319153462804
781,214,11,211,111.52283586766302,21.352576013039585,1.1872690000000001,1.3051350417084742,0.23379576209143857
782,179,11,211,118.12115261327146,18.017048849501165,1.1872690000000001,1.1752806526526276,0.14913940109285073
783,165,11,211,115.47771869406373,21.067789239542822,1.1872690000000001,1.2434648740056056,0.19579553801252614
784,180,12,211,118.4209131459207,14.731556788539043,1.1872690000000001,1.1371752627908918,0.12062807491453152
785,214,12,211,111.95133442836229,20.77151676288659,1.1872690000000001,1.2914113954072874,0.22565341799185662
786,179,12,211,120.36994003400073,18.27462521806587,1.1872690000000001,1.1532051665244483,0.13285161302752477
787,165,12,211,114.97732610289725,22.145807402836944,1.1872690000000001,1.2631281866593553,0.20831471377046915
788,180,13,211,121.31380727058648,19.069862235477675,1.1872690000000001,1.1519912033957895,0.1319378159726884
789,214,13,211,111.82968703447422,20.53268512294537,1.1872690000000001,1.2904707356301113,0.22508897537167333
790,179,13,211,120.59473742286016,17.969253676614354,1.1872690000000001,1.147643670523269,0.128649400781299
791,165,13,211,114.69932733508128,22.010218763421488,1.1872690000000001,1.265409149671921,0.2097417659266435
792,180,14,211,122.59383076050777,18.35345431868387,1.1872690000000001,1.1321527704691525,0.11672697706192935
793,214,14,211,112.72291887147759,20.121134664435832,1.1872690000000001,1.27181248180061,0.21372056469817202
794,179,14,211,120.14220125902949,17.16167954452534,1.1872690000000001,1.1438277706755087,0.12574250631331368
795,165,14,211,114.69425558207797,21.171549825909175,1.1872690000000001,1.2555053909457368,0.20350799987666462
796,180,15,211,116.4165458291193,21.61661601137489,1.1872690000000001,1.2373930528201096,0.19184934995317243
797,214,15,211,112.93676325115501,21.751797373902495,1.1872690000000001,1.288026784297076,0.2236186295258316
798,179,15,211,122.49136258934703,20.657629104633713,1.1872690000000001,1.1572159444492642,0.1358570500202411
799,165,15,211,112.01526756748116,22.62706901612325,1.1872690000000001,1.312779009854663,0.2382571685765227
800,180,8,66,121.28722893540048,14.573865005517332,1.162809,1.0912870599361617,0.08365082230655409
801,214,8,66,106.80641608912639,14.873537851076962,1.162809,1.2685699370757684,0.2117107848975672
802,179,8,66,118.69708164726597,14.917421235440992,1.162809,1.1162907630120542,0.10417605060017723
803,165,8,66,107.9594943027085,15.455136396125523,1.162809,1.2546188766778452,0.2029451982677485
804,180,9,66,119.50032634362287,13.559855231295636,1.162809,1.097831177929844,0.08911313496700109
805,214,9,66,106.89440310365741,16.238370694902457,1.162809,1.2779143687084205,0.21747495412333978
806,179,9,66,117.8838371720301,16.24983270418375,1.162809,1.1355207254221318,0.11934676522240642
807,165,9,66,108.82675450770903,13.468176551804367,1.162809,1.2258063676436082,0.18421047043317307
808,180,10,66,118.41805736143895,13.659578702244046,1.162809,1.1084074765084126,0.09780471424634048
809,214,10,66,108.03920212980555,15.53495023501413,1.162809,1.254017524801096,0.20256297840924245
810,179,10,66,116.88078696237253,15.682492194180437,1.162809,1.1407076074835654,0.12335116077113792
811,165,10,66,108.95075618849536,13.76321310472013,1.162809,1.2260810503921884,0.1843932342970895
812,180,11,66,117.97986862325533,14.489599615253148,1.162809,1.1194817523868723,0.10672952205975897
813,214,11,66,106.7551348349677,16.468268783552134,1.162809,1.2820546765617433,0.22000206521469653
814,179,11,66,116.72169322361758,16.428522688495235,1.162809,1.148912592659577,0.12961176821542572
815,165,11,66,109.2273303134659,14.410115965670144,1.162809,1.2268364405145809,0.18489542128324554
816,180,12,66,117.84848142419342,13.539393885353936,1.162809,1.1128379997398694,0.10139660917963421
817,214,12,66,106.88975601226275,15.438694493575916,1.162809,1.271573538670658,0.2135728138496569
818,179,12,66,117.22269458725823,15.10181527062099,1.162809,1.1321843533595826,0.11675161643715166
819,165,12,66,108.72958194164694,15.885815358757506,1.162809,1.246290695928109,0.19761897985180502
820,180,13,66,119.09653150919972,16.42067396158058,1.162809,1.1254414746028563,0.11145979371972392
821,214,13,66,106.58738590288027,14.740040992121841,1.162809,1.2711808371964028,0.2133298656346125
822,179,13,66,117.68225431956569,15.328593529442283,1.162809,1.1295276419038134,0.11467416741169359
823,165,13,66,108.4243268118662,14.012020201345624,1.162809,1.2361099339306034,0.19101046553344736
824,180,14,66,120.29883255767932,15.588962457271041,1.162809,1.107699866192072,0.09722838241581697
825,214,14,66,107.73461482927672,14.58552036220112,1.162809,1.2513464930829132,0.20086082829359014
826,179,14,66,117.45001715389363,14.563380098542538,1.162809,1.125309650414788,0.11135570584380834
827,165,14,66,108.34100959526351,13.892877728215064,1.162809,1.2365258688061176,0.19128258839783635
828,180,15,66,107.47663578395863,10.175278107722564,1.162809,1.2274433213078138,0.18529843077843947
829,214,15,66,105.15061177484097,11.503972816987394,1.162809,1.275348065236317,0.21590032771586637
830,179,15,66,114.04649241416968,12.519048415736432,1.162809,1.1460301410224747,0.1274226006762687
831,165,15,66,105.67747129299853,13.595123924024227,1.162809,1.2785000684558538,0.21783344039411787
832,180,8,20,117.36070971397244,13.128489771109987,1.2908648999999999,1.219633211664444,0.180081363449187
833,214,8,20,110.00646671230288,20.86543596059151,1.2908648999999999,1.5822567783394854,0.3679913313125701
834,179,8,20,117.97899447554248,15.546663319013769,1.2908648999999999,1.2536458402029966,0.2023265519406382
835,165,8,20,115.65655953252394,26.597824591764336,1.2908648999999999,1.5746092803711298,0.36492181745283275
836,180,9,20,116.09007700149941,12.223176273139165,1.2908648999999999,1.2291855560177938,0.1864531802344707
837,214,9,20,110.303285813182,22.296911087117113,1.2908648999999999,1.6119887464349645,0.3796482747093763
838,179,9,20,117.69651776523506,16.443227648648666,1.2908648999999999,1.2775644077426769,0.21726059841718998
839,165,9,20,116.61656996097356,24.738854077317455,1.2908648999999999,1.499973257705828,0.3333214476573567
840,180,10,20,115.07122843362197,12.563512640783374,1.2908648999999999,1.2575588347922058,0.20480857647886017
841,214,10,20,111.31623173766893,21.869386901643214,1.2908648999999999,1.569153249484012,0.36271361619470105
842,179,10,20,116.95682856622355,16.864691153378605,1.2908648999999999,1.3019122540766839,0.23189908008877297
843,165,10,20,116.75179220974411,24.99383554526016,1.2908648999999999,1.5032524760222887,0.33477575061371595
844,180,11,20,114.63200157641896,13.210553792365827,1.2908648999999999,1.279627679849865,0.21852268769512148
845,214,11,20,110.38989308680293,22.44143422677005,1.2908648999999999,1.613265192082426,0.38013910861785494
846,179,11,20,117.0836511019257,17.518863725615738,1.2908648999999999,1.3133649098402598,0.23859698663517157
847,165,11,20,117.03959664759797,25.192171227131205,1.2908648999999999,1.5012318263699655,0.33388036249002445
848,180,12,20,114.55280305171085,11.993251550149445,1.2908648999999999,1.2592456296977945,0.20587375773542346
849,214,12,20,110.55103646924832,22.71554637891231,1.2908648999999999,1.6158149465055824,0.38111724850507495
850,179,12,20,120.58193714602058,20.250531161703123,1.2908648999999999,1.3028950903607768,0.23247849546881316
851,165,12,20,116.45464616416744,26.267991640024913,1.2908648999999999,1.5445949994678785,0.35258109708725877
852,180,13,20,123.07447850217838,23.756143696313398,1.2908648999999999,1.3348661894521427,0.25086124144741345
853,214,13,20,110.56790730440694,22.734370627285696,1.2908648999999999,1.615810032072622,0.38111536619358277
854,179,13,20,120.97001127496758,20.281126292766277,1.2908648999999999,1.2962312011492612,0.2285326883711929
855,165,13,20,116.15429030747033,25.673938111846883,1.2908648999999999,1.5365635487002884,0.3491971088043472
856,180,14,20,124.37950391140191,23.11728810871249,1.2908648999999999,1.297300463717269,0.22916854809824688
857,214,14,20,111.90703489813428,23.058893747534405,1.2908648999999999,1.5839273135105092,0.36865789770133595
858,179,14,20,120.03830123463378,19.101170003707118,1.2908648999999999,1.2880702346691024,0.2236448191376039
859,165,14,20,116.11693039941696,25.012689054878738,1.2908648999999999,1.5199465304729267,0.34208211936978267
860,180,15,20,112.95411195602684,17.81645342595337,1.2908648999999999,1.4195108273982628,0.2955319672814045
861,214,15,20,111.92881186447983,22.410504066201604,1.2908648999999999,1.5655844780172237,0.3612609130703207
862,179,15,20,121.39813718405425,21.096834764246807,1.2908648999999999,1.3062460040626673,0.23444741887070694
863,165,15,20,113.12103278228437,25.444109444397476,1.2908648999999999,1.6141219120113544,0.38046810928060454
864,180,8,35,120.96083621740217,16.191518930511645,1.380636,1.300737716040777,0.2312055015642747
865,214,8,35,109.13175775721245,19.482858852359705,1.380636,1.8509499498904738,0.4597368772401582
866,179,8,35,120.55360475019874,17.994377891851364,1.380636,1.367826200832283,0.2689129661418032
867,165,8,35,113.69051717639925,24.399500382934526,1.380636,1.8755852458328115,0.4668330846482147
868,180,9,35,119.51757738732599,15.333880506828903,1.380636,1.3105724251602262,0.236974637340059
869,214,9,35,109.53581987621506,20.528712417052834,1.380636,1.880599739525558,0.46825473864402306
870,179,9,35,119.70565500430786,19.248799697553288,1.380636,1.4346979371033388,0.3029891699579605
871,165,9,35,114.58891490078258,22.511383474780878,1.380636,1.7471866644897198,0.4276513092022379
872,180,10,35,118.46939126196652,15.61899038100136,1.380636,1.3468856205797142,0.257546457753711
873,214,10,35,110.51540408934706,20.19597268676545,1.380636,1.8178432285060666,0.4498975575458086
874,179,10,35,118.95582607063002,19.39234805562553,1.380636,1.4620830046749855,0.3160443033654608
875,165,10,35,114.73121680840545,22.930424296691637,1.380636,1.7607474696020704,0.4320593854233961
876,180,11,35,118.01951725372015,16.536438386648637,1.380636,1.389125881814091,0.28012283617228606
877,214,11,35,109.0807244612512,19.915698736637108,1.380636,1.873811553923199,0.4663284053797725
878,179,11,35,118.77227551849818,19.719324968361292,1.380636,1.4799399954723145,0.324296928889434
879,165,11,35,115.01410357160466,23.002205854278277,1.380636,1.7525089189208225,0.4293894945677138
880,180,12,35,117.88687149169036,15.669961473618836,1.380636,1.3647473613314476,0.2672636501569053
881,214,12,35,109.41313710545137,19.77407490643752,1.380636,1.85077989196199,0.45968723544974777
882,179,12,35,119.69120188754795,19.344240934588278,1.380636,1.4385730048859273,0.3048667001232268
883,165,12,35,114.5260888995573,23.31509265501877,1.380636,1.7872685084654851,0.4404869804042029
884,180,13,35,119.97281606003715,19.449486824612162,1.380636,1.4342817806593233,0.3027869324671257
885,214,13,35,109.29121899351864,20.03122224912934,1.380636,1.868881323609622,0.4649205450517503
886,179,13,35,120.16075029102487,19.58014987042519,1.380636,1.4336475374403521,0.3024784865983103
887,165,13,35,114.2606380681306,23.73292442350315,1.380636,1.8183593207435922,0.4500536892834447
888,180,14,35,121.24504125760159,19.46038337916717,1.380636,1.399507324386549,0.2854628321160566
889,214,14,35,110.3293255026865,19.907665739376505,1.380636,1.8131678974828354,0.44847909485477383
890,179,14,35,119.81620847680351,18.700401293062125,1.380636,1.412001139549962,0.2917852741119434
891,165,14,35,114.13820240009429,22.975621918621748,1.380636,1.7875833127672407,0.44058551405250845
892,180,15,35,119.33688859232544,31.35363981643752,1.380636,1.9731501770574078,0.4931962039040957
893,214,15,35,113.8704459343616,26.11530917186343,1.380636,1.9529507827900154,0.48795432592961474
894,179,15,35,123.50403606076331,24.52195657844758,1.380636,1.5255056192704086,0.34447963523185055
895,165,15,35,111.42128158531602,22.746915109324114,1.380636,1.8981217179362846,0.4731633959242399
896,180,8,26,120.30968336085493,16.462600440591444,1.164907,1.1166566837069984,0.1044696059309203
897,214,8,26,105.58028854948171,13.098525096053033,1.164907,1.2809840570713662,0.21935015937182115
898,179,8,26,118.89206100810303,16.961257957197947,1.164907,1.1339913850524388,0.11815908552624733
899,165,8,26,109.36567181363695,21.19615608819997,1.164907,1.2894713994394442,0.22448842181787243
900,180,9,26,118.54615894211831,14.923537130860947,1.164907,1.1194394763604483,0.10669578738528421
901,214,9,26,105.919755407975,15.07039298458835,1.164907,1.2890783359869837,0.22425195421940802
902,179,9,26,117.82776414514828,17.543498993341572,1.164907,1.149705316057776,0.1302119020994879
903,165,9,26,110.34379928615702,19.043677168455797,1.164907,1.2547198827158448,0.20300936187007962
904,180,10,26,117.46675498143878,15.371892149848911,1.164907,1.1339537868378617,0.11812984655345139
905,214,10,26,106.94378071821113,14.739191579063817,1.164907,1.26921387196059,0.21211072295067807
906,179,10,26,116.92214445613185,18.0582233525909,1.164907,1.16384341230183,0.1407778834936078
907,165,10,26,110.54047512927895,19.51322031181892,1.164907,1.2564139831602235,0.2040839934901651
908,180,11,26,117.0288594760421,16.14407758945787,1.164907,1.1453027814718166,0.1268684437185157
909,214,11,26,105.79996025029953,15.280460620543622,1.164907,1.2927580933581206,0.22646007390109651
910,179,11,26,116.57643966858147,17.68799947638495,1.164907,1.1641314937597118,0.1409905106420823
911,165,11,26,110.7167537815615,19.612067989804288,1.164907,1.254893496253341,0.20311962490391486
912,180,12,26,116.90453176167922,15.299667435682304,1.164907,1.1391264269733294,0.12213431598017595
913,214,12,26,105.8880572020416,15.312054565512264,1.164907,1.2914899974837082,0.22570054592109626
914,179,12,26,116.80178844940143,16.719561778930853,1.164907,1.1528704695770495,0.1325998658228558
915,165,12,26,110.19114952115476,20.261510834557164,1.164907,1.2685336512592071,0.21168823625029404
916,180,13,26,116.51444040205726,17.15556136369742,1.164907,1.1599139240359726,0.13786706127256831
917,214,13,26,105.73500650104904,15.229036849975754,1.164907,1.293479731689742,0.22689163540765625
918,179,13,26,117.06112096892794,16.77753233777473,1.164907,1.1506576015178578,0.13093173965836755
919,165,13,26,109.92408810201742,20.2487855669702,1.164907,1.272220712470565,0.21397286634481139
920,180,14,26,117.75881693388025,17.25644954753889,1.164907,1.147796734931678,0.12876559972134397
921,214,14,26,107.04565325920014,15.673290822844608,1.164907,1.274944236237391,0.2156519700412977
922,179,14,26,116.947368686538,16.545169695693804,1.164907,1.1497560963311322,0.1302503172707702
923,165,14,26,109.74766134545155,19.593825487112753,1.164907,1.2684806497506915,0.21165529785847265
924,180,15,26,112.4643332334601,17.42859364834163,1.164907,1.2107232249202085,0.1740473962858819
925,214,15,26,108.3243654640138,18.57188273523882,1.164907,1.2800537045892284,0.2187827773047211
926,179,15,26,117.4887498573476,18.34370942545322,1.164907,1.1605278423410335,0.13832312891107756
927,165,15,26,107.13720477524109,19.373170014658015,1.164907,1.3059970253977133,0.23430147193829062
928,180,8,33,119.22165410910621,17.677214355751136,1.319984,1.309754093435925,0.23649790062754147
929,214,8,33,108.3034987999794,18.31195134097477,1.319984,1.650843862434297,0.39424919415127324
930,179,8,33,117.92055622309826,17.289041660703102,1.319984,1.3294388739211505,0.24780294933717245
931,165,8,33,112.59921878094568,25.928992867972244,1.319984,1.7477778763948684,0.4278449146737717
932,180,9,33,118.03836428007989,16.648838766946184,1.319984,1.310839440114848,0.23713006383727214
933,214,9,33,108.68296978164516,19.620523006782793,1.319984,1.677585737790361,0.4039052803839676
934,179,9,33,117.32650738232694,19.104833491909638,1.319984,1.3915036983314801,0.2813529700286986
935,165,9,33,113.32740453565073,23.234623354540943,1.319984,1.632121267118124,0.3873004291122778
936,180,10,33,117.00397696836744,17.44429517193668,1.319984,1.3553604154202936,0.2621888697480495
937,214,10,33,109.70394946462622,19.241418139079943,1.319984,1.6277680975470887,0.3856618756032159
938,179,10,33,116.6106075905848,19.99880253333395,1.319984,1.4349985929618108,0.30313520521576376
939,165,10,33,113.48245581021635,23.691350257862577,1.319984,1.6420805176724274,0.39101646402975815
940,180,11,33,116.59330183756593,18.620162462232635,1.319984,1.3969554980078116,0.28415758309688965
941,214,11,33,108.66195584984781,19.963911135616602,1.319984,1.689477618244913,0.4081010667434386
942,179,11,33,116.39320366920116,19.77394263259676,1.319984,1.4343851520306603,0.30283717829601126
943,165,11,33,113.74899852515139,23.2173478591742,1.319984,1.617852860033715,0.3818968184911694
944,180,12,33,116.4376563220161,17.442748690695442,1.319984,1.3694765288895354,0.2697939841211679
945,214,12,33,108.68518117117057,18.703759494669608,1.319984,1.648529215544755,0.3933986789129783
946,179,12,33,117.6407334810448,20.48608586306095,1.319984,1.4220015707906046,0.29676589636675305
947,165,12,33,113.41435348255615,25.66181114870854,1.319984,1.7104433930007852,0.41535627306226736
948,180,13,33,117.47590279822222,22.192502819948064,1.319984,1.4759607221700837,0.3224751953224646
949,214,13,33,108.60299093245386,18.64438316939953,1.319984,1.6497760970656676,0.3938571411122851
950,179,13,33,117.67621630791811,19.57290549676982,1.319984,1.395578983924473,0.28345151974994287
951,165,13,33,113.01523554095861,25.277265332092718,1.319984,1.7109861452881012,0.415541731443058
952,180,14,33,118.72902475857826,19.998496112257257,1.319984,1.3815069788861476,0.2761527699221187
953,214,14,33,110.04546149517157,18.579579808534533,1.319984,1.5951486045321661,0.3730991600664783
954,179,14,33,117.63148218609442,19.16001956812161,1.319984,1.3853947368948882,0.2781840630914196
955,165,14,33,112.9162629164697,23.14640436204853,1.319984,1.64280414132252,0.3912847095728881
956,180,15,33,114.59207814451071,22.014807978448168,1.319984,1.5529791123455075,0.35607633608820904
957,214,15,33,111.10270858950761,22.100496344350635,1.319984,1.6703552785530398,0.40132496790367916
958,179,15,33,120.50214448090064,21.06370450229144,1.319984,1.369279577473748,0.26968895435879525
959,165,15,33,110.19521503679272,24.662909046442202,1.319984,1.7914410326331598,0.4417901668076988
960,180,8,171,129.0681920373328,22.222051095489935,1.199403,1.1267565217164406,0.11249681654679618
961,214,8,171,105.49998928785789,13.557595007552083,1.199403,1.355196867048116,0.26209982895090683
962,179,8,171,121.27392526096143,17.758454041653312,1.199403,1.1492462023685948,0.1298644294503637
963,165,8,171,103.5639289160233,12.961861187676453,1.199403,1.3947706391647603,0.28303624128563776
964,180,9,171,127.72778133915004,21.336552387230785,1.199403,1.1283171938648906,0.11372439821231319
965,214,9,171,105.56054085473588,14.63231709488887,1.199403,1.3644005960275956,0.26707742366027626
966,179,9,171,119.45454298976502,18.714810529498788,1.199403,1.180862251648828,0.1531611764168866
967,165,9,171,104.40872013767637,10.70933942888769,1.199403,1.3576159617861747,0.2634146709027125
968,180,10,171,126.58034137160996,22.09756667365194,1.199403,1.146317791046377,0.1276415599489352
969,214,10,171,106.75250017073931,14.168935135675689,1.199403,1.3338088213565176,0.25026736666580557
970,179,10,171,118.67854819075359,18.942187332078554,1.199403,1.1930406559902274,0.16180559733733718
971,165,10,171,104.54932610619916,10.861676028627356,1.199403,1.3552888243104277,0.2621498959760102
972,180,11,171,126.181644983693,23.845731768183718,1.199403,1.1695162235797778,0.14494559388060885
973,214,11,171,105.12135477616886,14.628445349758733,1.199403,1.374152826573635,0.272278904746397
974,179,11,171,117.70562496564857,18.06609060446331,1.199403,1.1947537183033272,0.16300741761230714
975,165,11,171,104.79005810741367,11.22084188727866,1.199403,1.3521044862363032,0.26041218694304885
976,180,12,171,126.02035234048357,22.58684562911163,1.199403,1.1568447040930143,0.1355797399063889
977,214,12,171,105.24895717389168,14.179020088929787,1.199403,1.3667989965075797,0.2683635248817258
978,179,12,171,114.27797940687555,13.163442233574026,1.199403,1.1858130087137018,0.1566967197596023
979,165,12,171,104.35361282384613,11.889109978200008,1.199403,1.3673296349148947,0.26864746110601045
980,180,13,171,110.65623159238602,10.474237421447063,1.199403,1.2211857915048716,0.1811237839840108
981,214,13,171,104.79449235981092,13.685658606422432,1.199403,1.372377238598381,0.2713373758506026
982,179,13,171,113.89093447466803,12.773386163978378,1.199403,1.1876016408191388,0.15796680837333807
983,165,13,171,104.06454643088144,11.460360727849869,1.199403,1.3710119570591397,0.27061175881716676
984,180,14,171,111.89274072973535,10.60917203723559,1.199403,1.1996043144993491,0.16639179443319468
985,214,14,171,105.81633283576379,13.86575396454269,1.199403,1.3511034254400123,0.2598642108583722
986,179,14,171,114.97545002727466,13.410632419613638,1.199403,1.1781333732474772,0.15119966660180398
987,165,14,171,103.79269777042644,11.130812074424078,1.199403,1.3752281142147105,0.2728479081661118
988,180,15,171,109.14502595200305,12.780803506689715,1.199403,1.2711090686761894,0.21328544918536296
989,214,15,171,103.12237517652616,13.214452829806142,1.199403,1.4075611125920264,0.2895512734374296
990,179,15,171,111.84666432073747,11.99863287817923,1.199403,1.21337139831936,0.17585003125580553
991,165,15,171,101.72061107325119,12.74591526678419,1.199403,1.4383544395822137,0.30476107106780903
992,180,8,245,118.9005049543139,16.278045282995876,1.2996221000000001,1.2600908028065196,0.2064063972431479
993,214,8,245,109.36442288614157,20.124014716463172,1.2996221000000001,1.60778970653133,0.37802811155109634
994,179,8,245,119.06423854314752,17.915914092939236,1.2996221000000001,1.29249046730719,0.22629990294363456
995,165,8,245,117.47122256473237,29.419652415193877,1.2996221000000001,1.631930029480931,0.38722862994434226
996,180,9,245,117.64664305913364,15.560340653387781,1.2996221000000001,1.2703161557042955,0.2127943933409438
997,214,9,245,109.9325201286663,21.721009773313646,1.2996221000000001,1.6347202489309032,0.3882745377051555
998,179,9,245,118.53861297017671,19.7400092882933,1.2996221000000001,1.3459840878929359,0.257049166483502
999,165,9,245,118.33580473339146,27.568537022256987,1.2996221000000001,1.5566583047747995,0.35759826229516106
1000,180,10,245,116.69213688937242,16.09226722007488,1.2996221000000001,1.3023491635865485,0.23215676105930536
1001,214,10,245,110.91694949248289,21.03204576288624,1.2996221000000001,1.5829557339443958,0.3682703953393514
1002,179,10,245,117.84753415930925,20.008619424452117,1.2996221000000001,1.367921115406166,0.2689636933463974
1003,165,10,245,118.50848621530783,27.83030945526637,1.2996221000000001,1.5594565061359977,0.35875095197249984
1004,180,11,245,116.2540777286617,17.423390071626407,1.2996221000000001,1.3425079005467209,0.2551254263809088
1005,214,11,245,110.27777108171739,22.21057423467214,1.2996221000000001,1.637623109512088,0.3893588859417481
1006,179,11,245,117.8769057951175,20.621987034060716,1.2996221000000001,1.3824799995480122,0.2766622299585239
1007,165,11,245,118.80351781220531,27.471181966002618,1.2996221000000001,1.5419447236514836,0.3514683213598622
1008,180,12,245,116.12836092358708,16.339456997484522,1.2996221000000001,1.320625633501757,0.24278313654384356
1009,214,12,245,110.22504751746796,21.166434895880453,1.2996221000000001,1.6090373920353664,0.37851040320757184
1010,179,12,245,119.66366577636586,21.174744469579892,1.2996221000000001,1.3565329681122846,0.2628266149759902
1011,165,12,245,118.32726087133916,28.216697881998144,1.2996221000000001,1.574944310618413,0.36505691454744643
1012,180,13,245,118.46138187648744,21.634604969989805,1.2996221000000001,1.3945976512280356,0.28294730805015067
1013,214,13,245,110.37590118860815,20.97409438884824,1.2996221000000001,1.598631033183286,0.374464789408759
1014,179,13,245,119.52631491066796,20.655112364849572,1.2996221000000001,1.3468173486907329,0.25750882183681456
1015,165,13,245,118.02228837713838,28.316054074109264,1.2996221000000001,1.5857865805586326,0.369398119356184
1016,180,14,245,119.70498164698712,21.72260874716055,1.2996221000000001,1.3691328106570022,0.2696106672659955
1017,214,14,245,112.16312394846275,21.89114866074434,1.2996221000000001,1.5687021846488685,0.3625303707830077
1018,179,14,245,119.50863717681861,19.842050608614446,1.2996221000000001,1.3277393842590905,0.24684014660149345
1019,165,14,245,117.8488013086666,27.23961889294648,1.2996221000000001,1.560208313382821,0.3590599464043269
1020,180,15,245,123.22141364019909,23.718122954770514,1.2996221000000001,1.3459697568572946,0.25704125601239325
1021,214,15,245,117.00835550788405,28.33948380456702,1.2996221000000001,1.613948062026636,0.38040137503291205
1022,179,15,245,126.90741692876396,25.671748835406184,1.2996221000000001,1.3243668136001927,0.2449221849031581
1023,165,15,245,115.22301121407162,27.977708815550695,1.2996221000000001,1.6543751413605872,0.3955421748071103
1024,180,8,158,121.19186714918756,13.55210503964676,1.2681879999999999,1.1465669432873233,0.12783112590626508
1025,214,8,158,109.52577708855546,18.001529515857772,1.2681879999999999,1.4695489174374483,0.3195190795392048
1026,179,8,158,118.38848840541525,13.774120420576446,1.2681879999999999,1.1925733400926657,0.16147714661951298
1027,165,8,158,111.9579235256803,18.71968865389051,1.2681879999999999,1.420423808523196,0.29598476595538586
1028,180,9,158,120.34013973439465,13.210728466516125,1.2681879999999999,1.1533250865567173,0.1329417770790657
1029,214,9,158,109.80717468912867,19.068233019357805,1.2681879999999999,1.4847074839907957,0.32646665367910316
1030,179,9,158,118.09403960669675,14.894538938962878,1.2681879999999999,1.2162877094257418,0.17782610787694297
1031,165,9,158,112.86955992502025,16.76248823909159,1.2681879999999999,1.358071212194694,0.2636615878309044
1032,180,10,158,119.33277207631855,13.288648176978745,1.2681879999999999,1.169595941651668,0.1450038732283644
1033,214,10,158,110.89823607430759,18.632669767122053,1.2681879999999999,1.445836598565224,0.3083589106871758
1034,179,10,158,117.33728239465573,15.516321962105486,1.2681879999999999,1.240666693498242,0.1939817476840995
1035,165,10,158,113.01892711937745,17.046245664549634,1.2681879999999999,1.3601493951371437,0.2647866450735214
1036,180,11,158,118.97923608994344,14.110866142105483,1.2681879999999999,1.1883373930461734,0.15848814835607503
1037,214,11,158,109.64147439224718,19.040996851748844,1.2681879999999999,1.488708915861663,0.3282770128227511
1038,179,11,158,117.12872129374146,15.606048072833506,1.2681879999999999,1.246129607885205,0.19751525549810936
1039,165,11,158,113.23906114781713,17.29993666593806,1.2681879999999999,1.3600339351462265,0.26472422918441135
1040,180,12,158,118.81468792382738,13.180833190317207,1.2681879999999999,1.1760838261564481,0.14972047250399365
1041,214,12,158,109.78337323275565,17.817664586824467,1.2681879999999999,1.4585514886251625,0.314388276451862
1042,179,12,158,118.26584291040685,15.383768604339318,1.2681879999999999,1.2217279722216627,0.18148718639752467
1043,165,12,158,112.7249767468603,18.69689617994021,1.2681879999999999,1.4009841398959808,0.28621604519074195
1044,180,13,158,118.52193120473186,13.988256236982451,1.2681879999999999,1.193841238115237,0.16236768502088403
1045,214,13,158,109.5774802999014,17.846538106871172,1.2681879999999999,1.464843800175853,0.3173333567169749
1046,179,13,158,118.34324781806883,14.78583997422553,1.2681879999999999,1.2101396139917753,0.1736490662417101
1047,165,13,158,112.46426002739925,17.616688743927256,1.2681879999999999,1.3849293834977583,0.2779415240115608
1048,180,14,158,119.8099263658793,13.704202375535264,1.2681879999999999,1.1688058444447942,0.14442590721727636
1049,214,14,158,110.85401195418197,17.979049923247384,1.2681879999999999,1.4331616147373076,0.3022419874235219
1050,179,14,158,118.21356029739786,14.339485046597728,1.2681879999999999,1.2048496582793107,0.17002092906086214
1051,165,14,158,112.29864638350094,16.82168997835992,1.2681879999999999,1.372974108466761,0.27165414567305407
1052,180,15,158,112.84070859719485,25.653565023027827,1.2681879999999999,1.555696321688243,0.3572010256379605
1053,214,15,158,109.84409591446655,19.188097002591302,1.2681879999999999,1.4863138323093228,0.32719458147928615
1054,179,15,158,119.13705151117206,18.443243109205042,1.2681879999999999,1.2620452740974946,0.20763539904294373
1055,165,15,158,109.59513965677704,18.137785368847734,1.2681879999999999,1.4705102182000716,0.3199639229817687
1056,180,8,71,129.0681920373328,22.222051095489935,1.1048440000000002,1.059528800301378,0.056184221027729866
1057,214,8,71,105.49998928785789,13.557595007552083,1.1048440000000002,1.1728260430264936,0.14735863349394396
1058,179,8,71,121.27392526096143,17.758454041653312,1.1048440000000002,1.0721807511751216,0.06732143912862705
1059,165,8,71,103.5639289160233,12.961861187676453,1.1048440000000002,1.1919168498838955,0.16101530060808358
1060,180,9,71,127.72778133915004,21.336552387230785,1.1048440000000002,1.0606327913267464,0.05716661960913048
1061,214,9,71,105.56054085473588,14.63231709488887,1.1048440000000002,1.1759387412163622,0.14961556673809
1062,179,9,71,119.45454298976502,18.714810529498788,1.1048440000000002,1.0866350918626189,0.07972786127688573
1063,165,9,71,104.40872013767637,10.70933942888769,1.1048440000000002,1.1769011205806843,0.15031094582814322
1064,180,10,71,126.58034137160996,22.09756667365194,1.1048440000000002,1.0686841572462518,0.06426983761342052
1065,214,10,71,106.75250017073931,14.168935135675689,1.1048440000000002,1.1621794932534077,0.1395477154732804
1066,179,10,71,118.67854819075359,18.942187332078554,1.1048440000000002,1.0922164232167095,0.08443054073946353
1067,165,10,71,104.54932610619916,10.861676028627356,1.1048440000000002,1.1756325859828243,0.1493941117972637
1068,180,11,71,126.181644983693,23.845731768183718,1.1048440000000002,1.0784963458328087,0.07278313564631904
1069,214,11,71,105.12135477616886,14.628445349758733,1.1048440000000002,1.1804604141505257,0.15287290618752966
1070,179,11,71,117.70562496564857,18.06609060446331,1.1048440000000002,1.0935731542366285,0.08556643318658226
1071,165,11,71,104.79005810741367,11.22084188727866,1.1048440000000002,1.173791452814805,0.1480599065515814
1072,180,12,71,126.02035234048357,22.58684562911163,1.1048440000000002,1.0733206707750762,0.06831198985679574
1073,214,12,71,105.24895717389168,14.179020088929787,1.1048440000000002,1.1775550176308247,0.15078277870027298
1074,179,12,71,114.27797940687555,13.163442233574026,1.1048440000000002,1.0923301031437482,0.08452582500291837
1075,165,12,71,104.35361282384613,11.889109978200008,1.1048440000000002,1.180282206980159,0.15274500108022865
1076,180,13,71,110.65623159238602,10.474237421447063,1.1048440000000002,1.111350005653035,0.10019346298343261
1077,214,13,71,104.79449235981092,13.685658606422432,1.1048440000000002,1.1806962584547063,0.15304211998706704
1078,179,13,71,113.89093447466803,12.773386163978378,1.1048440000000002,1.0934361866117874,0.08545188805330889
1079,165,13,71,104.06454643088144,11.460360727849869,1.1048440000000002,1.1824581387988247,0.15430409991864147
1080,180,14,71,111.89274072973535,10.60917203723559,1.1048440000000002,1.100647879744119,0.09144421353677425
1081,214,14,71,105.81633283576379,13.86575396454269,1.1048440000000002,1.1705844249705777,0.14572586251082684
1082,179,14,71,114.97545002727466,13.410632419613638,1.1048440000000002,1.0884452881173232,0.08125836831937273
1083,165,14,71,103.79269777042644,11.130812074424078,1.1048440000000002,1.18477898227545,0.15596071929008157
1084,180,15,71,109.14502595200305,12.780803506689715,1.1048440000000002,1.133793367270782,0.1180050714115956
1085,214,15,71,103.12237517652616,13.214452829806142,1.1048440000000002,1.1975471583494228,0.16495981554638878
1086,179,15,71,111.84666432073747,11.99863287817923,1.1048440000000002,1.1064969095466763,0.09624691097448013
1087,165,15,71,101.72061107325119,12.74591526678419,1.1048440000000002,1.212290439493075,0.17511516430158863
1088,180,8,82,125.27813897505345,18.098463903706367,1.271203,1.1672559773560924,0.14328988722331296
1089,214,8,82,109.95926941329961,20.514667483267317,1.271203,1.5207456053194164,0.3424278219170256
1090,179,8,82,120.88241242129948,17.01022867146347,1.271203,1.2101227336282492,0.1736375392256692
1091,165,8,82,112.41891399123296,20.44770044312713,1.271203,1.4532414001514022,0.31188307744617133
1092,180,9,82,123.82618669659165,17.400903179396902,1.271203,1.1744193850227211,0.14851541727518974
1093,214,9,82,110.2787305334327,21.82195560119463,1.271203,1.5424942158620503,0.35169935179229683
1094,179,9,82,120.23321527616486,19.08635236769491,1.271203,1.2590146987527187,0.2057280975427209
1095,165,9,82,113.30045147333223,18.314903219214788,1.271203,1.3848296393992758,0.27788951684064966
1096,180,10,82,122.85451562180006,18.088937372573362,1.271203,1.1994991419983798,0.16631870337648752
1097,214,10,82,111.34742127961059,20.94125201481801,1.271203,1.4924958553841032,0.3299813889649672
1098,179,10,82,119.41308173094843,18.73964695409386,1.271203,1.2666454523307604,0.21051309333650142
1099,165,10,82,113.42454912736324,18.5394525003639,1.271203,1.3866147517896186,0.27881915383536676
1100,180,11,82,122.46137677365209,19.86750160075768,1.271203,1.2374174568521012,0.19186528809450754
1101,214,11,82,110.1654461121686,21.630398539860312,1.271203,1.541134085731539,0.35112719311160767
1102,179,11,82,119.07392830743755,19.433581424767482,1.271203,1.286350798165312,0.22260708243328842
1103,165,11,82,113.72091589076224,18.7720357226029,1.271203,1.3845275160274109,0.277731942179615
1104,180,12,82,122.28620329234018,18.230620695587678,1.271203,1.2103139513703942,0.17376809639537197
1105,214,12,82,110.19197048220484,21.014784918037652,1.271203,1.5258671329469466,0.3446349433658263
1106,179,12,82,118.90057099643519,16.88808375873505,1.271203,1.2407422085355144,0.19403080420683821
1107,165,12,82,113.21484467946061,19.734989557465564,1.271203,1.4175079952051015,0.29453660693087774
1108,180,13,82,118.17965908115102,16.61786253229956,1.271203,1.248606624066579,0.19910724424710613
1109,214,13,82,110.03526625633721,20.27724514693724,1.271203,1.5131120998793874,0.33911043333820967
1110,179,13,82,118.93368119238582,16.622458908585294,1.271203,1.2353003802581015,0.19048029452475215
1111,165,13,82,112.93065807854498,19.46338692665383,1.271203,1.4185124581068165,0.29503615263652605
1112,180,14,82,119.43488451119993,15.71928450266028,1.271203,1.2106964451204842,0.17402912676390694
1113,214,14,82,111.47200084628494,20.47237982141837,1.271203,1.4783988393621674,0.3235925425702886
1114,179,14,82,119.21343728297266,16.372206302115497,1.271203,1.2259657561570658,0.1843165316993699
1115,165,14,82,112.81247602056456,18.845420725201045,1.271203,1.4079878311254461,0.289766588962157
1116,180,15,82,114.33900823608886,18.915576597136816,1.271203,1.373195414092268,0.27177152666138465
1117,214,15,82,110.62073090420533,18.575575685517684,1.271203,1.45871925450786,0.31446712798935517
1118,179,15,82,119.97939084682417,17.200101448043693,1.271203,1.2280670017027582,0.18571218132767614
1119,165,15,82,110.16908491137455,19.8923741341917,1.271203,1.500541223362613,0.3335737902894353
1120,180,8,133,119.22165410910621,17.677214355751136,1.3312891000000002,1.3245237152207823,0.24501163058955727
1121,214,8,133,108.3034987999794,18.31195134097477,1.3312891000000002,1.6837246459569135,0.4060786587633107
1122,179,8,133,117.92055622309826,17.289041660703102,1.3312891000000002,1.3450482926042602,0.256532270626643
1123,165,8,133,112.59921878094568,25.928992867972244,1.3312891000000002,1.7913359172150314,0.44175741110875055
1124,180,9,133,118.03836428007989,16.648838766946184,1.3312891000000002,1.3253165244881344,0.24546326743626667
1125,214,9,133,108.68296978164516,19.620523006782793,1.3312891000000002,1.7128207468973309,0.4161677444581178
1126,179,9,133,117.32650738232694,19.104833491909638,1.3312891000000002,1.4109668819546561,0.29126614324592154
1127,165,9,133,113.32740453565073,23.234623354540943,1.3312891000000002,1.667045328106924,0.4001362871544785
1128,180,10,133,117.00397696836744,17.44429517193668,1.3312891000000002,1.3723155087890502,0.27130459898218773
1129,214,10,133,109.70394946462622,19.241418139079943,1.3312891000000002,1.659980025129958,0.3975831125306998
1130,179,10,133,116.6106075905848,19.99880253333395,1.3312891000000002,1.457147030906194,0.31372745591904755
1131,165,10,133,113.48245581021635,23.691350257862577,1.3312891000000002,1.6778623693476526,0.4040035593689388
1132,180,11,133,116.59330183756593,18.620162462232635,1.3312891000000002,1.4164975445849999,0.29403336855555495
1133,214,11,133,108.66195584984781,19.963911135616602,1.3312891000000002,1.7256162977825933,0.4204968965088044
1134,179,11,133,116.39320366920116,19.77394263259676,1.3312891000000002,1.4563982868955674,0.31337463865631005
1135,165,11,133,113.74899852515139,23.2173478591742,1.3312891000000002,1.65193108770918,0.3946478715484719
1136,180,12,133,116.4376563220161,17.442748690695442,1.3312891000000002,1.387137707022433,0.27909104125894274
1137,214,12,133,108.68518117117057,18.703759494669608,1.3312891000000002,1.6815396109901004,0.4053069023980981
1138,179,12,133,117.6407334810448,20.48608586306095,1.3312891000000002,1.4436723363408985,0.3073220461267694
1139,165,12,133,113.41435348255615,25.66181114870854,1.3312891000000002,1.7515333249077951,0.4290716677899107
1140,180,13,133,117.47590279822222,22.192502819948064,1.3312891000000002,1.5013763466985452,0.33394448220864
1141,214,13,133,108.60299093245386,18.64438316939953,1.3312891000000002,1.6828162311660708,0.40575804922735276
1142,179,13,133,117.67621630791811,19.57290549676982,1.3312891000000002,1.415451581707053,0.29351168706598424
1143,165,13,133,113.01523554095861,25.277265332092718,1.3312891000000002,1.7518734411449768,0.42918251026944776
1144,180,14,133,118.72902475857826,19.998496112257257,1.3312891000000002,1.4008149364244677,0.28612982771838097
1145,214,14,133,110.04546149517157,18.579579808534533,1.3312891000000002,1.6251650113415654,0.38467786777263613
1146,179,14,133,117.63148218609442,19.16001956812161,1.3312891000000002,1.4045629815876746,0.28803477443949793
1147,165,14,133,112.9162629164697,23.14640436204853,1.3312891000000002,1.6783023039638458,0.4041597883538733
1148,180,15,133,114.59207814451071,22.014807978448168,1.3312891000000002,1.5826416572887259,0.36814502803298377
1149,214,15,133,111.10270858950761,22.100496344350635,1.3312891000000002,1.7068125342032665,0.41411257536446666
1150,179,15,133,120.50214448090064,21.06370450229144,1.3312891000000002,1.388362723332211,0.27972713240247554
1151,165,15,133,110.19521503679272,24.662909046442202,1.3312891000000002,1.836860387403648,0.45559281105001526
1152,180,8,197,125.20827242668841,26.314672870369453,1.245424,1.2760357101852706,0.2163228724572233
1153,214,8,197,106.21562232935719,17.88915528328105,1.245424,1.5034842696980775,0.33487830890254994
1154,179,8,197,119.65712968089537,22.344636036157873,1.245424,1.2922247716074555,0.2261408216497384
1155,165,8,197,107.98477026043642,21.265173778744675,1.245424,1.5193391738853785,0.3418191163710219
1156,180,9,197,123.7504808061835,25.937910781908226,1.245424,1.2907413978720619,0.22525147047377814
1157,214,9,197,106.51422810233927,19.801541810426265,1.245424,1.53068491101659,0.3466976823232292
1158,179,9,197,118.3943178807922,23.900924233703932,1.245424,1.3419638309313249,0.25482343342592284
1159,165,9,197,108.79504984205568,19.977823378491237,1.245424,1.4733522753685249,0.3212756944024991
1160,180,10,197,122.66229073723224,27.204750010656156,1.245424,1.3294696520852487,0.2478203632316703
1161,214,10,197,107.59892791885723,20.168058256221304,1.245424,1.5081983850881495,0.3369572531788959
1162,179,10,197,117.5440997027262,24.20401137959251,1.245424,1.3631049543101257,0.26638077512813013
1163,165,10,197,108.96135666226294,20.44753083152955,1.245424,1.4781331948722702,0.3234709811882596
1164,180,11,197,122.26411843679097,30.457322928492268,1.245424,1.3938418534723602,0.2825584929102361
1165,214,11,197,106.44151372304967,19.837952175359607,1.245424,1.5334031978117724,0.34785580111803605
1166,179,11,197,117.02304228624973,23.865101873948184,1.245424,1.3665593975257673,0.2682352469928813
1167,165,11,197,109.2716552648247,20.397365311198108,1.245424,1.4693451053892514,0.3194246904064889
1168,180,12,197,122.13621731101533,28.39833402840283,1.245424,1.3591944563888008,0.26427010108850263
1169,214,12,197,106.37982677593116,19.343107973981216,1.245424,1.5257067997320157,0.3445660724749696
1170,179,12,197,115.34731532436247,18.788039927870823,1.245424,1.3057199113886582,0.2341389671108861
1171,165,12,197,108.77629273382271,21.15344210743448,1.245424,1.4965648075548537,0.33180307665136183
1172,180,13,197,111.6615862451212,17.264960475941358,1.245424,1.3552420613322358,0.26212443626714493
1173,214,13,197,106.18032508614434,18.483119339156428,1.245424,1.51526256825786,0.34004837118775516
1174,179,13,197,114.98515793666203,18.422766687704524,1.245424,1.3062804909252153,0.23446763007865348
1175,165,13,197,108.50967400633458,21.053369696967724,1.245424,1.501468357727069,0.3339852985554718
1176,180,14,197,113.01997473985006,16.74765846787036,1.245424,1.3169654550691856,0.24067864031599379
1177,214,14,197,107.62435236485982,19.381187133303158,1.245424,1.4925182638989856,0.3299914485551109
1178,179,14,197,115.71214775057076,19.109125939125374,1.245424,1.3044502823178599,0.23339355009903967
1179,165,14,197,108.34124274124925,20.131012741187085,1.245424,1.4879527060955502,0.32793562866386955
1180,180,15,197,112.23778843407761,20.202668552521644,1.245424,1.3955837716582071,0.28345397796377475
1181,214,15,197,107.62057824753654,18.668773276338733,1.245424,1.4793234614720197,0.3240153177825374
1182,179,15,197,116.72542131279249,19.776116686574934,1.245424,1.2974988458552126,0.2292864049980129
1183,165,15,197,105.83670579264913,20.206981572092104,1.245424,1.557535453729159,0.3579600402637828
1184,180,8,118,125.81194885922056,21.340816719082554,1.187849,1.134665137340159,0.11868271343546889
1185,214,8,118,105.26098098155944,13.013262680733654,1.187849,1.3319366348550121,0.2492135332632735
1186,179,8,118,120.17494110862697,17.78506462745549,1.187849,1.1505902143907984,0.13088084055236926
1187,165,8,118,105.25544233173163,12.671502226972652,1.187849,1.3293691739030036,0.24776351097113355
1188,180,9,118,123.85519543576828,20.45312389297986,1.187849,1.1427314368627313,0.12490374576076062
1189,214,9,118,105.49087827642418,14.246822160557997,1.187849,1.3375936775758093,0.2523888107692374
1190,179,9,118,118.87162537263012,19.262048701873123,1.187849,1.1809974095427973,0.15325809191475476
1191,165,9,118,106.09313985095999,11.145177722855202,1.187849,1.3007188045839806,0.2311943238801425
1192,180,10,118,122.73020625341044,20.96908848161246,1.187849,1.158805263076614,0.13704223490924425
1193,214,10,118,106.64525902642666,13.700150928535079,1.187849,1.30930381276621,0.23623532578946171
1194,179,10,118,117.98789061612678,18.635383033960085,1.187849,1.1843440112705472,0.15565073113578345
1195,165,10,118,106.21125067034379,11.221428069414742,1.187849,1.2987561587616299,0.2300325251558347
1196,180,11,118,122.29304045190169,22.730298326436117,1.187849,1.1823579489201845,0.1542324378896654
1197,214,11,118,105.19075733577543,14.10968190304031,1.187849,1.3426123097635974,0.2551833520906146
1198,179,11,118,117.32072058717739,18.76631672985519,1.187849,1.1938853321285436,0.16239862146800235
1199,165,11,118,106.47308635328334,11.641994668640333,1.187849,1.2962585145522634,0.22854894392311328
1200,180,12,118,122.13743378357853,21.41045339368371,1.187849,1.1694779523239482,0.14491761215948296
1201,214,12,118,105.27820654458937,13.31055480419035,1.187849,1.3339837199902982,0.25036566412724076
1202,179,12,118,115.08712207794036,14.037402459652961,1.187849,1.1714238908379992,0.14633805250067766
1203,165,12,118,106.01053324223398,12.247940556329981,1.187849,1.3102986778793324,0.23681522626699034
1204,180,13,118,113.02978054680676,12.6542687440191,1.187849,1.1871637849696057,0.1576562453633115
1205,214,13,118,104.90132873282298,12.566523442334365,1.187849,1.33611276818401,0.25156017978994444
1206,179,13,118,115.14797948051375,13.729563091902845,1.187849,1.1674854052460746,0.14345824324097067
1207,165,13,118,105.75411047048166,11.624894872143631,1.187849,1.3111305827362056,0.23729946264155133
1208,180,14,118,114.26463831730769,12.850423847709889,1.187849,1.1709400270971795,0.14598529654925932
1209,214,14,118,106.14398499580669,12.770405904411973,1.187849,1.3116160206863066,0.23758174326298076
1210,179,14,118,115.68953213605974,13.917302965895779,1.187849,1.1622293549280858,0.13958463038315178
1211,165,14,118,105.66789665223467,11.145568448499388,1.187849,1.3097129055811259,0.2364738900115707
1212,180,15,118,109.59156155851254,10.798315841532093,1.187849,1.229006444441872,0.18633461645180435
1213,214,15,118,104.46941599272382,10.977654712604947,1.187849,1.3346409497265315,0.2507348135804611
1214,179,15,118,113.30766656915944,11.929364238597046,1.187849,1.1761773052210893,0.14978805018514857
1215,165,15,118,103.11519454166371,11.551129515256353,1.187849,1.3685771622819634,0.26931412596962995
1216,180,8,6,130.5462934328221,23.154994986426182,1.092801,1.050837027037357,0.04837765108133156
1217,214,8,6,108.7778726120037,14.879993400267823,1.092801,1.1276172688547241,0.11317427675113552
1218,179,8,6,121.88613894026818,18.114368900168607,1.092801,1.0620738880759786,0.05844592242864551
1219,165,8,6,108.77387630532998,10.164981114990056,1.092801,1.1132696464655982,0.10174502361149072
1220,180,9,6,128.9867746939952,22.501540193299544,1.092801,1.0532898873108725,0.050593751969769236
1221,214,9,6,108.95363531428949,15.71829846256502,1.092801,1.1292830851486773,0.1144824418685562
1222,179,9,6,121.08058637594338,20.340972829745986,1.092801,1.0751155770297935,0.06986744368202187
1223,165,9,6,109.66438781581803,9.568654364070417,1.092801,1.1040094117120978,0.09421062049715678
1224,180,10,6,127.8760387994314,23.48607002152283,1.092801,1.0608112270896797,0.05732521068476472
1225,214,10,6,110.1593198907891,15.168579283874916,1.092801,1.1179230952211796,0.10548408537695401
1226,179,10,6,120.28505700481766,20.141657840841123,1.092801,1.077972010038664,0.07233212858269614
1227,165,10,6,109.81346472849967,9.9357906350389,1.092801,1.1036223545666517,0.09389294638503408
1228,180,11,6,127.4751251664905,25.482530192658533,1.092801,1.070027410959412,0.0654445019278746
1229,214,11,6,108.63011181588165,15.662243140549256,1.092801,1.1316314480716134,0.11632006895524465
1230,179,11,6,119.56009592561178,19.829972264499933,1.092801,1.080123365203027,0.07417982777177178
1231,165,11,6,110.02863534294853,10.211991372760899,1.092801,1.102510850775488,0.09297944841393942
1232,180,12,6,127.29989655298243,24.048147128404374,1.092801,1.065056518544595,0.06108269130496013
1233,214,12,6,108.70199540696134,12.990400553781475,1.092801,1.1218306221014622,0.10859983646483438
1234,179,12,6,116.84967503305181,15.709691083607789,1.092801,1.0763808262264758,0.07096078299187847
1235,165,12,6,109.55131193856838,10.579174791721584,1.092801,1.1075547865643363,0.0971101275251349
1236,180,13,6,114.09809262190912,12.854429410294816,1.092801,1.08110180337324,0.07501773017137443
1237,214,13,6,108.29788179583372,11.681832578064432,1.092801,1.121362995722765,0.10822810828044277
1238,179,13,6,116.5591319676209,14.286162294670188,1.092801,1.071977059847182,0.06714421655389052
1239,165,13,6,109.35152958461404,10.0991964637388,1.092801,1.1080308990571588,0.09749809247114319
1240,180,14,6,115.3644228204191,13.01437360495102,1.092801,1.0737345549785482,0.06867112047075855
1241,214,14,6,109.5389523497414,12.484346070517281,1.092801,1.1133144238950976,0.10178115136481398
1242,179,14,6,117.48377338081636,14.408667709169631,1.092801,1.0674044758224457,0.06314801684760585
1243,165,14,6,109.04148161602669,9.592543295203392,1.092801,1.1095653485191577,0.09874618801441952
1244,180,15,6,113.38633572381815,12.35357266874549,1.092801,1.0839362258279504,0.07743649841007645
1245,214,15,6,108.09954450032866,11.414176872488516,1.092801,1.1223738449234715,0.10903126928426907
1246,179,15,6,117.2449087431907,13.325710980527832,1.092801,1.0641649479332573,0.060296054721473175
1247,165,15,6,106.73662315777304,13.206467500981768,1.092801,1.1393827141495263,0.1223317787944205
1248,180,8,113,120.98491433762631,17.60062865413047,1.153242,1.1110309087218129,0.09993503137509337
1249,214,8,113,108.31131593044184,20.191157376399925,1.153242,1.2704529897319465,0.2128791792516538
1250,179,8,113,119.63762071471498,18.437884668720613,1.153242,1.128845772494405,0.11413939409074024
1251,165,8,113,111.91294317206336,22.299438926880114,1.153242,1.242084379026031,0.19490171772054585
1252,180,9,113,119.46450956704211,16.90293848332807,1.153242,1.1178868363444454,0.10545507157946522
1253,214,9,113,108.60714546386622,20.98542600466688,1.153242,1.2731645754634773,0.21455558906360211
1254,179,9,113,118.92062582329822,20.2707965803916,1.153242,1.1503734247819954,0.13071705373452308
1255,165,9,113,112.88426998543855,20.645195965215766,1.153242,1.2160518474732651,0.1776666413707455
1256,180,10,113,118.26503240742804,17.18239772430087,1.153242,1.1306686304250715,0.11556757383102334
1257,214,10,113,109.63692805732009,20.729317166061602,1.153242,1.2571509814465747,0.20455059514862484
1258,179,10,113,118.00799467116703,19.790038311516852,1.153242,1.154722647205213,0.13399117751755352
1259,165,10,113,113.01975388256135,20.9529423044631,1.153242,1.2171537655980955,0.17841111923224312
1260,180,11,113,117.83142945361949,18.683422959695427,1.153242,1.1470725393278856,0.1282155524480266
1261,214,11,113,108.38599005571825,20.53294177065002,1.153242,1.2723266689013533,0.21403832487179236
1262,179,11,113,117.87673345650381,20.616802430001012,1.153242,1.1629799631122864,0.14013995793713477
1263,165,11,113,113.30148275129929,21.21782957553321,1.153242,1.2162083896878308,0.17777248662404468
1264,180,12,113,117.70550655242539,17.115412690578555,1.153242,1.1352673419297692,0.11915020976454478
1265,214,12,113,108.59288958689976,19.84407555558697,1.153242,1.263634400035062,0.20863186379521406
1266,179,12,113,118.88912120318516,19.435049571848488,1.153242,1.1436513714729089,0.12560765899130627
1267,165,12,113,112.72871412125056,21.6966737336892,1.153242,1.227060612360948,0.18504433283378557
1268,180,13,113,120.0464997898187,21.834908000109138,1.153242,1.1535312223681824,0.13309672021966176
1269,214,13,113,108.40950671257988,19.687922061056025,1.153242,1.2648443281615622,0.20938887281608057
1270,179,13,113,119.28394759207711,19.93936191630318,1.153242,1.1443439840973944,0.1261368837546223
1271,165,13,113,112.44942679594757,21.50688741521682,1.153242,1.228698828868373,0.18613090815672353
1272,180,14,113,121.3315218072254,21.311085704253326,1.153242,1.1383022445906326,0.12149870146339752
1273,214,14,113,109.54741230165942,19.87156739476462,1.153242,1.250982149910127,0.2006280824455873
1274,179,14,113,118.95864044612605,19.016158284004174,1.153242,1.139541667943577,0.12245420406205476
1275,165,14,113,112.29437595524493,20.96489182166172,1.153242,1.225810461206462,0.18421319474155554
1276,180,15,113,113.62108252940735,23.977669465342576,1.153242,1.236785027958695,0.1914520491483528
1277,214,15,113,110.0269916651853,20.771892663310073,1.153242,1.2524132772730356,0.20154152135997166
1278,179,15,113,119.33542048397103,20.546878791990803,1.153242,1.1489757100820859,0.1296595818126065
1279,165,15,113,109.46996547749158,20.94137558680373,1.153242,1.2611857518834295,0.20709538741091862
1280,180,8,159,117.61721811931412,18.062330372472967,1.343066,1.3921483417396796,0.2816857442430572
1281,214,8,159,113.41429441340418,28.15474183054917,1.343066,1.8962719875018332,0.47264948984591104
1282,179,8,159,118.88837528611172,20.861113301957477,1.343066,1.4444589583336347,0.3076992639835015
1283,165,8,159,119.9439141829923,37.102109967616606,1.343066,1.9963757715904298,0.4990922980379884
1284,180,9,159,116.9422108448635,17.813717466498513,1.343066,1.4030309502125073,0.28725734820850746
1285,214,9,159,113.84686095572535,29.385125597457755,1.343066,1.9289371152925554,0.4815797819057811
1286,179,9,159,118.87949417245332,23.75092973458211,1.343066,1.5409040822255038,0.35103033891913926
1287,165,9,159,120.67019198338284,35.32347612612248,1.343066,1.904761396751384,0.47499985997956284
1288,180,10,159,115.95466411451825,18.70026939114848,1.343066,1.458498467291505,0.3143633521555607
1289,214,10,159,114.86141647468524,29.244170033272773,1.343066,1.883373675820468,0.4690379222995338
1290,179,10,159,118.13157705117648,24.200338386753455,1.343066,1.5789688899966101,0.36667529909208857
1291,165,10,159,120.84981176710748,35.77357785926846,1.343066,1.9150519533534676,0.4778209550665769
1292,180,11,159,115.54032000088502,20.459058307608608,1.343066,1.5289071401168008,0.34593804047274906
1293,214,11,159,113.8334451324405,29.76286478466497,1.343066,1.9448265419191177,0.48581532674208616
1294,179,11,159,118.58338636646822,24.741257682694958,1.343066,1.5843812661067076,0.36883878811739856
1295,165,11,159,121.16454577040113,35.23190753284329,1.343066,1.8843742289991425,0.46931984920472236
1296,180,12,159,115.41793108521732,19.370639496294622,1.343066,1.496348741351719,0.33170659194282803
1297,214,12,159,113.97423683271091,28.893755338941524,1.343066,1.9039520330701007,0.47477668416493063
1298,179,12,159,122.203748635567,27.33528190987505,1.343066,1.5697951644692958,0.36297421304767985
1299,165,12,159,120.7733197703821,36.51528572670177,1.343066,1.94493710825663,0.48584455725853104
1300,180,13,159,123.99406077181831,30.527848618227274,1.343066,1.6292540543437024,0.3862221810441829
1301,214,13,159,113.96208323602674,28.895576882223846,1.343066,1.9045070322491715,0.47492974136250526
1302,179,13,159,122.51100119134304,26.87732286713491,1.343066,1.545781965923441,0.3530782335123144
1303,165,13,159,120.49793440163307,36.71248043289345,1.343066,1.9619604758936013,0.4903057363861846
1304,180,14,159,125.27148487878947,29.221986832356837,1.343066,1.551077492133128,0.35528688600545394
1305,214,14,159,115.46947183777317,29.498612085896443,1.343066,1.8702650976261426,0.46531644029006236
1306,179,14,159,121.86351831738868,25.912349819785007,1.343066,1.5307541642608284,0.3467272385420028
1307,165,14,159,120.3801241846584,35.48159423755844,1.343066,1.9207378634956005,0.4793667480579187
1308,180,15,159,122.10491109619917,28.443509851250955,1.343066,1.6108681703003684,0.3792167363928134
1309,214,15,159,119.1247922704631,34.557316060632395,1.343066,1.9310091222934225,0.48213605598490433
1310,179,15,159,129.20290703685185,33.18805896786387,1.343066,1.5799443348144728,0.3670663086257236
1311,165,15,159,117.48100132363234,35.92275708330659,1.343066,2.0447781612759983,0.5109493934657575
1312,180,8,57,125.03393833669787,19.96318954642454,1.232913,1.1658996688185388,0.14229326352468455
1313,214,8,57,105.2771948287223,12.820405330906933,1.232913,1.424010314961943,0.29775789578692397
1314,179,8,57,120.95476198503617,18.06126868485833,1.232913,1.1883556930200703,0.1585011071402248
1315,165,8,57,103.90472070948795,9.793496484977318,1.232913,1.43407798946213,0.30268785425326605
1316,180,9,57,122.76840400083806,18.457862702149384,1.232913,1.1711568636283904,0.1461434150657881
1317,214,9,57,105.20901158468916,13.280174814086163,1.232913,1.4313397933939331,0.301353875148792
1318,179,9,57,119.57037678349892,19.616590528856698,1.232913,1.2308097489437737,0.18752674744561001
1319,165,9,57,104.89077157251089,9.40738953721686,1.232913,1.402487427881282,0.28698113072522446
1320,180,10,57,121.64566261462487,18.94261549152187,1.232913,1.1920829017442105,0.16113216745510073
1321,214,10,57,106.4218468727555,12.603687373245629,1.232913,1.3904542546872767,0.28081057206379845
1322,179,10,57,118.62036973627148,19.136264150357025,1.232913,1.2375977379769807,0.19198300924932687
1323,165,10,57,104.97365336274645,9.485383588193363,1.232913,1.4006908953991568,0.28606660949628815
1324,180,11,57,121.21128769833211,20.47497547978367,1.232913,1.2206437300602098,0.18076013879113298
1325,214,11,57,104.52365595945129,14.02840433078307,1.232913,1.4597586600198384,0.3149552543251158
1326,179,11,57,117.8629548907729,19.043528361156667,1.232913,1.2479112817568412,0.19866098286075703
1327,165,11,57,105.23437231282935,9.937660798203787,1.232913,1.3967849521987659,0.28407017957500336
1328,180,12,57,121.07720969669033,19.22512378561818,1.232913,1.2037302151838456,0.1692490664552521
1329,214,12,57,104.90869587478626,12.659279190428194,1.232913,1.4324271695151745,0.3018842274972595
1330,179,12,57,116.38009425493092,15.740921746979797,1.232913,1.2216649348087922,0.18144495146984466
1331,165,12,57,104.94174454135953,9.70830590904924,1.232913,1.4033049655009742,0.2873965213662562
1332,180,13,57,117.80891132346937,18.19744192737898,1.232913,1.235660150151947,0.19071599106191808
1333,214,13,57,104.31637606388671,11.684023107552305,1.232913,1.4388409267776519,0.304996138635322
1334,179,13,57,116.940895698446,16.00043514074129,1.232913,1.2164130982893298,0.1779108582386005
1335,165,13,57,104.36228922745428,9.190107279338887,1.232913,1.416210541702821,0.29389030052154425
1336,180,14,57,119.01331735082047,18.038794551995903,1.232913,1.2150194544621318,0.17696791082025695
1337,214,14,57,104.90125978369556,10.765257223209106,1.232913,1.4133336407494268,0.29245298408821196
1338,179,14,57,117.0806512492945,14.825021165804902,1.232913,1.197383579981893,0.16484573805904196
1339,165,14,57,104.30915292094718,9.085499888360234,1.232913,1.4170355703362474,0.29430141279889627
1340,180,15,57,105.24665925198481,5.380694993288298,1.232913,1.3708906454355116,0.27054721444808255
1341,214,15,57,101.6687088156755,8.986404936458914,1.232913,1.496009035343832,0.3315548393261093
1342,179,15,57,110.27001586575297,7.055147474581934,1.232913,1.2428596653948452,0.1954039318813125
1343,165,15,57,101.38770115844646,9.373756412824568,1.232913,1.507480113084413,0.3366413319019328
1344,180,8,188,124.04895409252515,23.182236322289278,1.341781,1.387088626475323,0.2790655327186547
1345,214,8,188,112.0325051830537,24.608075943146005,1.341781,1.803083991723375,0.44539466570039976
1346,179,8,188,121.35591881148484,22.133344013921803,1.341781,1.4184320438010964,0.29499618654961257
1347,165,8,188,115.11457311750092,30.123294211980554,1.341781,1.902669621719682,0.4744226803305063
1348,180,9,188,123.28587834711897,22.32272287733061,1.341781,1.3786642420129167,0.2746602330528632
1349,214,9,188,112.344541749907,25.897521493827647,1.341781,1.8421705653375005,0.4571621006132014
1350,179,9,188,120.65614455851258,24.085338568085703,1.341781,1.499195583880786,0.3329756232262764
1351,165,9,188,115.93300773703768,28.158328344879695,1.341781,1.7952238395636724,0.4429663989739301
1352,180,10,188,122.23334852880099,23.198160976307204,1.341781,1.4300385568041418,0.30071815529589246
1353,214,10,188,113.38533652483959,25.778751586923125,1.341781,1.7968383205158411,0.4434669003981853
1354,179,10,188,119.93446619502411,24.447638236139646,1.341781,1.531285911670708,0.34695409108221276
1355,165,10,188,116.10028165892474,28.946979474775297,1.341781,1.8196849140945464,0.4504543109335013
1356,180,11,188,121.86374130968123,24.984253726287317,1.341781,1.4967082715181739,0.3318671253245242
1357,214,11,188,111.98983022622464,26.04168237117933,1.341781,1.8622268954432895,0.4630085074773032
1358,179,11,188,119.77261461280867,24.370585464321117,1.341781,1.5332429890718555,0.3477876584941391
1359,165,11,188,116.37715812998545,28.740745114028883,1.341781,1.8017123315550987,0.44497243955871835
1360,180,12,188,121.68745784646259,23.898299102074024,1.341781,1.4659269239036028,0.31783775596595937
1361,214,12,188,112.25684239607538,25.67115302319174,1.341781,1.836583937953421,0.45551086485361514
1362,179,12,188,120.66982914873005,23.59562781799671,1.341781,1.482683494352583,0.3255472231201628
1363,165,12,188,115.93476884425691,29.002030366638518,1.341781,1.827865546884733,0.45291380883877397
1364,180,13,188,119.67487215801971,25.405774821482062,1.341781,1.5716866004350152,0.3637408375669694
1365,214,13,188,112.13806249746717,25.328080474225267,1.341781,1.827576215845601,0.45282719739416716
1366,179,13,188,120.64961464977924,23.339966545741035,1.341781,1.474864839072862,0.32197176750879375
1367,165,13,188,115.65299410260432,29.859565010676384,1.341781,1.8718073163350777,0.46575697654715914
1368,180,14,188,120.94715705586356,24.77785807796772,1.341781,1.5143630388863198,0.33965636091104573
1369,214,14,188,113.25156698400173,25.861277590285894,1.341781,1.805221406272747,0.44605132837156697
1370,179,14,188,120.58546993224081,23.148298793512623,1.341781,1.470324576989429,0.31987806253803136
1371,165,14,188,115.59374562291315,28.481518955046322,1.341781,1.8201289492176573,0.450588377032392
1372,180,15,188,119.00394320714139,21.336482484819665,1.341781,1.4540383759025133,0.31226024252674506
1373,214,15,188,114.23851974968612,26.445782111578232,1.341781,1.7908091635015524,0.44159320804193936
1374,179,15,188,123.90324940701655,25.01405114346484,1.341781,1.4464915531159834,0.30867207772777266
1375,165,15,188,112.9468791499788,28.266122911305587,1.341781,1.9136876177756803,0.47744867515926076
1376,180,8,222,114.81599480924203,9.770983578169,1.3547421,1.2698775150655017,0.21252247706077473
1377,214,8,222,109.88672992433185,18.042109495519398,1.3547421,1.67664167594673,0.4035696390313443
1378,179,8,222,117.9575669307526,13.876210100972816,1.3547421,1.282469750362504,0.22025451304614463
1379,165,8,222,118.35108282664274,28.089892328704533,1.3547421,1.7564068817323273,0.4306558403974656
1380,180,9,222,113.45214653485081,8.783989767675195,1.3547421,1.292233056256483,0.22614578294650933
1381,214,9,222,110.46740262078296,19.440018006138743,1.3547421,1.7056369599113783,0.4137087648171284
1382,179,9,222,117.82067261097065,15.338246662133553,1.3547421,1.3246888108292654,0.24510572458599367
1383,165,9,222,119.30483948019481,25.889536001562995,1.3547421,1.6378302760813628,0.3894361249734751
1384,180,10,222,112.45447368804737,8.577596873592018,1.3547421,1.3218787762555262,0.24350097908925447
1385,214,10,222,111.29339126407537,18.775451046400395,1.3547421,1.6471664572474918,0.3928968164692617
1386,179,10,222,116.96634148473126,15.139079342948456,1.3547421,1.3416247011157378,0.2546350710684082
1387,165,10,222,119.45382350064094,26.283437051792838,1.3547421,1.6481617007794926,0.3932634161277663
1388,180,11,222,111.98514641415136,8.73674563589136,1.3547421,1.3411826647668452,0.25438940848982516
1389,214,11,222,110.66449055179312,20.057903812764476,1.3547421,1.72170394982744,0.41918005119275803
1390,179,11,222,117.28651818882929,16.445019861428538,1.3547421,1.3705009828737476,0.2703398155153885
1391,165,11,222,119.75391973496006,25.87285488698953,1.3547421,1.6229340561354761,0.38383201940983613
1392,180,12,222,111.85633665969044,8.06920665418962,1.3547421,1.3344935779844542,0.2506520701955381
1393,214,12,222,110.808639121949,19.483275573821857,1.3547421,1.6933568976905522,0.4094570368692931
1394,179,12,222,121.24240740645983,19.86018038132849,1.3547421,1.3726231867589418,0.2714679384360286
1395,165,12,222,119.20635679922572,26.599969252543822,1.3547421,1.6684290852122368,0.4006338004633907
1396,180,13,222,122.87646244545557,24.330826887017086,1.3547421,1.4774942392513168,0.32317841015290527
1397,214,13,222,111.05883971557877,19.53027314384963,1.3547421,1.685066616197471,0.4065516517936813
1398,179,13,222,121.710382973164,20.329072195965377,1.3547421,1.3758278579646523,0.27316488453769056
1399,165,13,222,118.9053080528929,27.14170426545565,1.3547421,1.6996055822923184,0.41162819749552454
1400,180,14,222,124.1514471468531,24.272596252512876,1.3547421,1.4432372835179224,0.3071132436639399
1401,214,14,222,112.63013248815825,20.224497777977476,1.3547421,1.650479916391139,0.39411562051203114
1402,179,14,222,120.47868920650129,18.678681264296443,1.3547421,1.3551352054175947,0.2620662528711718
1403,165,14,222,118.80214521796078,26.401101997560808,1.3547421,1.6740142927178903,0.40263353523916245
1404,180,15,222,120.64622093132857,19.714589574455534,1.3547421,1.3827982664437906,0.276828714450338
1405,214,15,222,117.40885775613113,24.628605969296277,1.3547421,1.6514170204782979,0.39445943235442055
1406,179,15,222,127.34180219619698,22.303493662313482,1.3547421,1.312958030629154,0.2383610316006736
1407,165,15,222,116.00921279684832,26.979556530968893,1.3547421,1.7961464916097079,0.44325253832508993
1408,180,8,177,121.1740648478693,17.713166447301575,1.1065969,1.073786246224606,0.06871595392848041
1409,214,8,177,108.85268372524318,18.799121513337514,1.1065969,1.1656974086680219,0.142144442833887
1410,179,8,177,119.84406887473865,18.065963391130317,1.1065969,1.0827158810613238,0.07639666371222169
1411,165,8,177,113.81899238090787,25.309103495280862,1.1065969,1.1590927383626175,0.13725626353880752
1412,180,9,177,120.06613247081414,16.884163953828665,1.1065969,1.0755064670313235,0.07020549791740525
1413,214,9,177,109.29900829283582,20.291599115164406,1.1065969,1.1691401412094373,0.14467054482832772
1414,179,9,177,119.13012595459611,19.267228051118458,1.1065969,1.092942575247918,0.08503884591268245
1415,165,9,177,114.73061909319156,23.47724022366569,1.1065969,1.1432096202332924,0.1252697822854814
1416,180,10,177,119.02971280308013,17.48161567698127,1.1065969,1.0843581821082415,0.0777954955291893
1417,214,10,177,110.29267281932626,19.88284737778971,1.1065969,1.1586690554516608,0.13694078969754653
1418,179,10,177,118.39320278686434,19.6265274964148,1.1065969,1.0991694076180156,0.09022213221247063
1419,165,10,177,114.8991001795259,23.759298598430554,1.1065969,1.1434896810935864,0.12548401919670912
1420,180,11,177,118.60742249376925,18.614365284801185,1.1065969,1.0926496805979644,0.08479358228271376
1421,214,11,177,109.14474172601733,20.339427118122835,1.1065969,1.1707090087103345,0.145816772092998
1422,179,11,177,118.23305808942095,19.723512676844255,1.1065969,1.100642828047277,0.09144004347517001
1423,165,11,177,115.18428471980504,23.587720175623968,1.1065969,1.1406232978098918,0.12328636288589079
1424,180,12,177,118.4493732327913,17.74750718315178,1.1065969,1.0891290029993705,0.08183512031533151
1425,214,12,177,109.29745744818119,20.247093840192495,1.1065969,1.1689322053427484,0.14451839428379423
1426,179,12,177,118.7456727330847,18.96983969962249,1.1065969,1.0936642737941553,0.08564261998722324
1427,165,12,177,114.63604092195104,24.995529814977708,1.1065969,1.1516826919850929,0.1317052804914917
1428,180,13,177,116.8023607839958,18.049318786636338,1.1065969,1.1009206326600909,0.09166930809193956
1429,214,13,177,109.24344396099394,20.02408639129444,1.1065969,1.168291064799497,0.14404891886113955
1430,179,13,177,118.72721368238165,18.566405317536645,1.1065969,1.0916923947275978,0.0839910538631875
1431,165,13,177,114.35989642963229,24.610863373671474,1.1065969,1.1516642977437,0.1316914121943654
1432,180,14,177,118.09992813057117,17.61239770430905,1.1065969,1.0905370760711075,0.083020630896188
1433,214,14,177,110.5492308811696,20.256756818911676,1.1065969,1.1584255685213631,0.13675938517446623
1434,179,14,177,118.83818426390317,18.281125475470866,1.1065969,1.0895705521675552,0.08220720722432018
1435,165,14,177,114.17740611568836,23.5244515694262,1.1065969,1.147374093373132,0.12844467573768478
1436,180,15,177,119.67831644732676,26.262582221992417,1.1065969,1.1255871013891787,0.11157475173105791
1437,214,15,177,114.95424844141003,24.48520210350782,1.1065969,1.1468455835107716,0.12804303004877235
1438,179,15,177,124.6795296913964,22.983036208373033,1.1065969,1.0826977485080014,0.07638119560326233
1439,165,15,177,111.61614049762,24.34584667389236,1.1065969,1.1706925325737276,0.1458047504569504
1440,180,8,17,122.61480192150557,19.067956684193923,1.192086,1.1435936020881292,0.12556348848571416
1441,214,8,17,107.81891184845975,20.53446727968233,1.192086,1.3701314491361531,0.27014302121852274
1442,179,8,17,119.49265325786256,18.705136207641253,1.192086,1.1723856026889288,0.14703831426584668
1443,165,8,17,111.2259420376646,23.61662796484149,1.192086,1.3486801812156617,0.2585343701731951
1444,180,9,17,121.38382211616417,18.78072636366396,1.192086,1.1527742229181164,0.13252744542759282
1445,214,9,17,108.17237938282874,22.12413507450781,1.192086,1.3834585687052414,0.2771738723365707
1446,179,9,17,118.58816969092273,20.53186373514519,1.192086,1.2040999469601488,0.1695041574209983
1447,165,9,17,112.14586583471484,22.153980550588322,1.192086,1.3149934167763302,0.23953991917961673
1448,180,10,17,120.35773354412038,19.34617988377846,1.192086,1.1699628764054486,0.14527202514975207
1449,214,10,17,109.2595006041837,22.09539134148033,1.192086,1.363282195554887,0.2664761534621399
1450,179,10,17,117.81894676228987,20.534777631503463,1.192086,1.2136593028415343,0.17604553628954592
1451,165,10,17,112.30336211497026,22.53242917515199,1.192086,1.3172472457407411,0.24084107730461812
1452,180,11,17,119.94483823494775,21.254005140230717,1.192086,1.196484818481091,0.16421839662831977
1453,214,11,17,108.13363097344659,21.671046043459523,1.192086,1.3784515046576105,0.27454829087484867
1454,179,11,17,117.50312531043357,21.057363420869212,1.192086,1.2239211816981979,0.18295392305205951
1455,165,11,17,112.56844622736519,22.62520477048358,1.192086,1.3141929759428896,0.2390767426811627
1456,180,12,17,119.80476920375854,19.743194632662163,1.192086,1.1806404875028491,0.15300211149366771
1457,214,12,17,108.16248282320477,21.522291639182995,1.192086,1.376041301105589,0.2732776267714176
1458,179,12,17,117.33892662697687,18.347970533590516,1.192086,1.1940635554451393,0.16252364001913921
1459,165,12,17,112.03488500118448,23.20624747748835,1.192086,1.330127094842085,0.24819214353443284
1460,180,13,17,115.72638126023753,16.79587316913706,1.192086,1.1972751415076222,0.1647700972553486
1461,214,13,17,107.99779133229657,21.370415293635048,1.192086,1.3772024749208813,0.2738903551146691
1462,179,13,17,117.26412572152914,18.24911111073412,1.192086,1.1938659448266302,0.1623850195800525
1463,165,13,17,111.77502622650509,22.988675343161763,1.192086,1.3315926139995073,0.24901956537859712
1464,180,14,17,117.02184618015573,16.434275892867078,1.192086,1.1763490586768397,0.14991218582280122
1465,214,14,17,109.44811866353541,21.640863277992025,1.192086,1.354169841446901,0.26154019282284285
1466,179,14,17,117.49738530049918,17.79198485520542,1.192086,1.1857046352762317,0.15661964181574478
1467,165,14,17,111.638660270052,22.48583070373271,1.192086,1.3274416606404795,0.2466712250710074
1468,180,15,17,115.02366298656798,26.49087074699093,1.192086,1.3255221727472437,0.24558033010687003
1469,214,15,17,110.37584086313302,23.19491916791129,1.192086,1.3577058693928266,0.26346344775897196
1470,179,15,17,119.71378278482591,23.684529043870246,1.192086,1.2279298521559927,0.18562123215409634
1471,165,15,17,109.05333745859261,22.306323385610742,1.192086,1.3696595262018065,0.26989154540245985
1472,180,8,123,120.00818260107455,16.25887454964679,1.159174,1.1129566694632318,0.10149242334628328
1473,214,8,123,106.13870604180492,16.529437226863354,1.159174,1.2850257074857536,0.22180545169281257
1474,179,8,123,118.97237026552648,18.411079471904728,1.159174,1.140420933193693,0.12313079241754273
1475,165,8,123,112.25167910693918,25.19326824442397,1.159174,1.2762962109477642,0.2164828263045532
1476,180,9,123,118.3265042573469,15.431441512777193,1.159174,1.121056820063921,0.10798455341185878
1477,214,9,123,106.63136711026706,18.05584062710905,1.159174,1.2896841948672053,0.22461637974638682
1478,179,9,123,117.93130077231933,19.412367405134933,1.159174,1.1591521576917763,0.1373004886681111
1479,165,9,123,113.20741286337915,23.737924793554054,1.159174,1.2509030775675514,0.20057755238355154
1480,180,10,123,117.2529476509888,15.431787079172542,1.159174,1.1313549975724126,0.11610413871354755
1481,214,10,123,107.62547538097637,17.88868012936579,1.159174,1.2730197579908908,0.2144662376817913
1482,179,10,123,117.11915590121338,19.663899995845487,1.159174,1.1695394768152785,0.1449625944024942
1483,165,10,123,113.3728228998057,23.955823184236856,1.159174,1.2509350664598196,0.20059799520207924
1484,180,11,123,116.80425805623697,16.508718925948276,1.159174,1.1449931243151896,0.12663231004282996
1485,214,11,123,106.93849341718472,18.196282480049497,1.159174,1.286110095811057,0.22246158920837017
1486,179,11,123,116.94288832961924,19.950826754432665,1.159174,1.173930541363365,0.14816084532681775
1487,165,11,123,113.67057295826768,24.064684000667025,1.159174,1.248374616391491,0.19895840009101934
1488,180,12,123,116.69924409586974,15.448660505197743,1.159174,1.1370537822682072,0.12053412459946337
1489,214,12,123,106.80528539953724,17.27282005804219,1.159174,1.2804538801703669,0.21902692827409914
1490,179,12,123,117.33978150236466,18.578682220426877,1.159174,1.1576352153505476,0.13617002425311803
1491,165,12,123,113.04378229319501,24.45209797910801,1.159174,1.2595655685883398,0.20607547162411588
1492,180,13,123,116.18173743320484,16.795812182848973,1.159174,1.1539121519797404,0.13338290242951067
1493,214,13,123,106.89268880017627,17.835370646011803,1.159174,1.2837697545990705,0.22104411915179728
1494,179,13,123,117.36833305563945,18.450532244837767,1.159174,1.1562169746994573,0.13511043179422594
1495,165,13,123,112.74417233224945,24.366078426901055,1.159174,1.2624428246905224,0.2078849192674196
1496,180,14,123,117.3812978123048,17.025578362333118,1.159174,1.1436472156925104,0.12560448162812862
1497,214,14,123,108.62378185093955,19.20578617156872,1.159174,1.2697477984713768,0.21244202887858563
1498,179,14,123,117.29428221177396,18.10177107019126,1.159174,1.1538882223582527,0.1333649303081927
1499,165,14,123,112.64576857138009,24.210632827779207,1.159174,1.2622077465197445,0.207737392867952
1500,180,15,123,115.33626897165419,33.742799892446506,1.159174,1.3158600741261017,0.24004077662731196
1501,214,15,123,111.03134051641112,27.019056769949863,1.159174,1.3088615445261713,0.23597724741617657
1502,179,15,123,120.42473857455698,28.117720925249753,1.159174,1.2130198541089596,0.1756111850827341
1503,165,15,123,109.99406440163868,23.540489758745835,1.159174,1.2903311017090493,0.2250051179301998
1504,180,8,127,121.01370702024751,14.509933450217673,1.3083719999999999,1.193623112359152,0.16221461393828338
1505,214,8,127,108.84680871826185,13.669501520115311,1.3083719999999999,1.481405281377605,0.32496527954182214
1506,179,8,127,119.41768399695785,14.378877008577534,1.3083719999999999,1.2194893036576235,0.17998460749045325
1507,165,8,127,112.74284554685386,14.354850315193419,1.3083719999999999,1.3749053530450073,0.2726772080817805
1508,180,9,127,119.86346444387621,13.974344959418968,1.3083719999999999,1.2032636264122905,0.1689269266938212
1509,214,9,127,109.20420930662348,14.841966185907614,1.3083719999999999,1.4959077903534093,0.3315095980857555
1510,179,9,127,118.76731798722253,15.95638933624043,1.3083719999999999,1.2654070874449845,0.20974047804716717
1511,165,9,127,113.58869061628229,13.433950496293408,1.3083719999999999,1.3315655076659632,0.24900427786474308
1512,180,10,127,118.85900416983115,14.19677225937096,1.3083719999999999,1.2264859653432527,0.18466250062622347
1513,214,10,127,110.24239217119285,14.090226826973781,1.3083719999999999,1.444358091291415,0.3076509170202453
1514,179,10,127,117.89649476425302,15.868629682397875,1.3083719999999999,1.281701487749051,0.21978712706636594
1515,165,10,127,113.74431713547936,13.86948150198206,1.3083719999999999,1.3367438738584194,0.25191353440538417
1516,180,11,127,118.43389930410314,15.112973513598398,1.3083719999999999,1.2539801121237277,0.20253918676077698
1517,214,11,127,109.01935824755691,14.356411546532335,1.3083719999999999,1.4908772207451524,0.3292539545944689
1518,179,11,127,117.75024449011966,16.28844681978995,1.3083719999999999,1.2943236062583592,0.22739568747354624
1519,165,11,127,113.9959591186617,13.905578603306138,1.3083719999999999,1.3308803915409548,0.24861767717371372
1520,180,12,127,118.28551147526245,14.164534227804134,1.3083719999999999,1.2371792360946428,0.19170968051754372
1521,214,12,127,109.19699639567474,13.111312612019436,1.3083719999999999,1.4575452745280653,0.3139149654724877
1522,179,12,127,118.65710659174722,15.344601676523606,1.3083719999999999,1.2543899078797471,0.2027997086725082
1523,165,12,127,113.56106012442467,13.700170643789734,1.3083719999999999,1.3379860168433972,0.25260803370784135
1524,180,13,127,118.19710488324183,15.078384473551253,1.3083719999999999,1.2581098427418165,0.20515684240997117
1525,214,13,127,109.07486560988836,10.928017336291882,1.3083719999999999,1.4201710189485504,0.29585945167338484
1526,179,13,127,118.80537340597616,14.778101443228485,1.3083719999999999,1.2394660686999854,0.19320098770525404
1527,165,13,127,113.28191662535171,14.251532138754714,1.3083719999999999,1.3576081023887487,0.2634104066994941
1528,180,14,127,119.49410394378914,14.800860156164672,1.3083719999999999,1.2266169004065473,0.1847495337227441
1529,214,14,127,110.34873706535856,12.982679803568805,1.3083719999999999,1.417028779215411,0.29429803073323185
1530,179,14,127,118.52246606887488,14.171549002765268,1.3083719999999999,1.2325817813175406,0.188694806983864
1531,165,14,127,113.16639808804031,13.435173029944988,1.3083719999999999,1.3430292636848908,0.255414586234492
1532,180,15,127,117.20891966488853,16.73967031245467,1.3083719999999999,1.31682919569734,0.24060006926681168
1533,214,15,127,112.07653477800702,15.003268238759851,1.3083719999999999,1.4089699947215115,0.2902616778594679
1534,179,15,127,121.55835765117875,16.12645147204696,1.3083719999999999,1.2165956637630002,0.1780342230491414
1535,165,15,127,110.50622399103725,12.045322481556452,1.3083719999999999,1.3932496299178883,0.28225353265736347
1536,180,8,65,118.5181057712869,17.932283337169864,1.323483,1.3368200096287968,0.2519561400957214
1537,214,8,65,108.04928443431743,20.84809878900526,1.323483,1.7546265455780328,0.43007815394097637
1538,179,8,65,119.30575952581715,20.356534711708733,1.323483,1.3834948897736452,0.27719284878340905
1539,165,8,65,114.4013124700183,28.940370228988957,1.323483,1.8034471997302037,0.44550636128986737
1540,180,9,65,116.71356981664766,16.829714314500496,1.323483,1.3517848792667937,0.2602373237505078
1541,214,9,65,108.50372398304957,22.157293971527352,1.323483,1.7821260068174085,0.4388724499981683
1542,179,9,65,118.7285718346375,22.23312212383437,1.323483,1.4517472222057715,0.3111748486898366
1543,165,9,65,115.3515481235959,27.31879331131095,1.323483,1.714807543562985,0.4168441795385245
1544,180,10,65,115.59009385158167,17.176310226789376,1.323483,1.3900553487156444,0.2806041853484755
1545,214,10,65,109.47646338276208,22.013072829498416,1.323483,1.7389528951294388,0.424941294959249
1546,179,10,65,117.73219649411308,22.02222523960593,1.323483,1.4716446359518114,0.32048812901544477
1547,165,10,65,115.49583426326821,27.729727143510356,1.323483,1.7241377850736093,0.419999950898758
1548,180,11,65,115.14242730494172,18.492395991677125,1.323483,1.4388036037441723,0.30497811000909486
1549,214,11,65,108.5026316736035,21.97063861682105,1.323483,1.7755857900008862,0.43680558515874307
1550,179,11,65,117.8478318041811,23.033635825059466,1.323483,1.4993358272691377,0.33303801469122407
1551,165,11,65,115.78975418972513,27.699640263450938,1.323483,1.7134535413535634,0.4163833591834431
1552,180,12,65,115.01878229574442,17.361497266075745,1.323483,1.410662375187396,0.2911131553592634
1553,214,12,65,108.57152329583738,21.44652272167391,1.323483,1.754521636308652,0.4300440762281475
1554,179,12,65,119.75905550639487,23.28749589188701,1.323483,1.4568041766891948,0.3135659438644325
1555,165,12,65,115.2139662289299,28.201790019823267,1.323483,1.7497940556444662,0.42850417352018594
1556,180,13,65,121.46769393939913,26.137276598715587,1.323483,1.4993126379574113,0.3330276990379071
1557,214,13,65,108.55724486954279,21.8128210144075,1.323483,1.7678681889861694,0.4343469687219858
1558,179,13,65,120.30515420529854,23.519036288948204,1.323483,1.4500183991897408,0.3103535785761116
1559,165,13,65,114.93329960219683,28.586613835197447,1.323483,1.7726605348777276,0.4358761983331587
1560,180,14,65,122.7616129245803,25.415620789477337,1.323483,1.4465632477910415,0.30870634137357006
1561,214,14,65,109.98557404135154,22.043241646715384,1.323483,1.7206479704433193,0.4188235960070593
1562,179,14,65,119.5942408218745,22.347797567030117,1.323483,1.4332384395611175,0.30227938883203737
1563,165,14,65,114.81741482507412,27.431388271205616,1.323483,1.7365054227180678,0.4241307934214519
1564,180,15,65,116.87745181521403,26.67881716541665,1.323483,1.644577576127423,0.3919411193999405
1565,214,15,65,113.26404371620107,26.495945553941137,1.323483,1.7574296656112716,0.430987185679389
1566,179,15,65,122.8463314140086,26.080196743979144,1.323483,1.4639552799790523,0.31691902500306635
1567,165,15,65,111.95951977265973,27.447211330428416,1.323483,1.838799056188814,0.4561667863411625
1568,180,8,78,126.22441216464806,18.52165142946018,1.301079,1.186164635083198,0.15694670838853694
1569,214,8,78,107.50700295917383,18.557139028238165,1.301079,1.632644152233071,0.38749665771795005
1570,179,8,78,121.08584442816195,17.638045298661112,1.301079,1.2493924570161021,0.19961098341486783
1571,165,8,78,108.32538279093141,16.870198059908475,1.301079,1.5591841276911385,0.3586389302969535
1572,180,9,78,124.62247555504206,17.935530046915364,1.301079,1.197659406576068,0.16503807801347056
1573,214,9,78,107.72641455262043,19.620441017107947,1.301079,1.654611443324466,0.3956284999511502
1574,179,9,78,120.08939656523182,19.08007042692174,1.301079,1.300218250632501,0.23089835147788274
1575,165,9,78,109.15534359756904,15.03764575126201,1.301079,1.4870373585087409,0.32752193865335094
1576,180,10,78,123.47275638408459,18.263309956289465,1.301079,1.2218320021203517,0.18155687666994094
1577,214,10,78,108.85037893353105,19.244563816582147,1.301079,1.6046483542932592,0.3768105034822826
1578,179,10,78,119.03717175868492,18.662152800810176,1.301079,1.3120143348520643,0.23781320566687664
1579,165,10,78,109.2880689234739,15.40854415874689,1.301079,1.4912674106597457,0.32942945520576083
1580,180,11,78,122.93663519466436,20.06831673365622,1.301079,1.26915458590659,0.2120739182566369
1581,214,11,78,107.4088932535423,19.055517820345433,1.301079,1.650048827722809,0.3939573282930815
1582,179,11,78,118.6089728331938,19.36816464787997,1.301079,1.3377839252421098,0.252495129346825
1583,165,11,78,109.53746275992769,15.646621678511508,1.301079,1.4887602453556084,0.3283001724961174
1584,180,12,78,122.77983625011667,18.587658019670833,1.301079,1.2399358072890143,0.1935066362940256
1585,214,12,78,107.53292673402275,18.654272428598528,1.301079,1.6343941200387622,0.3881524732992288
1586,179,12,78,117.28831386022496,15.549207806665686,1.301079,1.2793208656285195,0.2183352692299688
1587,165,12,78,109.09734223102731,15.904600568570743,1.301079,1.5092952295678306,0.3374391037555068
1588,180,13,78,116.56293188281468,14.238094349979797,1.301079,1.267572812683216,0.2110906845002569
1589,214,13,78,107.19694467825094,17.960179070031536,1.301079,1.6275573796161338,0.3855823379721001
1590,179,13,78,117.44827815779271,15.709832603667762,1.301079,1.279346578563208,0.21835097951091018
1591,165,13,78,108.85122062157667,15.790129581238025,1.301079,1.5147200117003943,0.339811983551059
1592,180,14,78,117.81577743985011,14.114876461115088,1.301079,1.238757881901384,0.19273974792790965
1593,214,14,78,108.31274845929754,18.07795670779782,1.301079,1.5911939455102302,0.37154109791478546
1594,179,14,78,117.67446893494954,15.22096203761349,1.301079,1.2642193936156312,0.20899805441203625
1595,165,14,78,108.68426259102861,15.179780055480512,1.301079,1.5059445994982834,0.33596494829015794
1596,180,15,78,110.95043338198491,20.671313432067507,1.301079,1.5757036025806825,0.36536287766163444
1597,214,15,78,107.01796928525299,16.36302355581636,1.301079,1.592529460750933,0.37206813145644085
1598,179,15,78,116.07183083637214,16.337849759239077,1.301079,1.3239010192177165,0.24465652228979118
1599,165,15,78,106.17943029201051,15.658940639344294,1.301079,1.6061560680621416,0.3773954973089761
1600,180,8,111,120.80112888743005,14.98645650219221,1.330076,1.2248100318028032,0.18354685703537582
1601,214,8,111,111.80450922066457,19.937598746365822,1.330076,1.6032157813046535,0.37625364491720065
1602,179,8,111,119.29281905455805,15.577828333802602,1.330076,1.2688574655398777,0.21188941456516025
1603,165,8,111,114.17767016747369,23.031872658117035,1.330076,1.6274195743128046,0.3855303108159672
1604,180,9,111,119.99311528649824,14.53876024721612,1.330076,1.2305334818286253,0.18734433904719336
1605,214,9,111,111.9972615658879,21.338856191935626,1.330076,1.6437622391454385,0.39163951076046044
1606,179,9,111,119.07143871429444,17.09194036545376,1.330076,1.311171852953486,0.23732346927106038
1607,165,9,111,115.00406664421278,20.715565330074377,1.330076,1.5240079168052783,0.34383542961098046
1608,180,10,111,118.96786709646622,14.774527448201717,1.330076,1.2569566125776723,0.20442759122029278
1609,214,10,111,113.02714493999622,20.62919098610477,1.330076,1.5843918997146476,0.36884302414061687
1610,179,10,111,118.22384238619719,18.21965776849324,1.330076,1.361092535515447,0.26529609566825
1611,165,10,111,115.1592780346462,20.976635031358615,1.330076,1.5276479289131473,0.34539890960906483
1612,180,11,111,118.59507276476972,15.678843038705152,1.330076,1.286568397971597,0.22273856440388287
1613,214,11,111,111.52283586766302,21.352576013039585,1.330076,1.661190484240727,0.3980220754412366
1614,179,11,111,118.12115261327146,18.017048849501165,1.330076,1.3580687904199433,0.26366027475620063
1615,165,11,111,115.47771869406373,21.067789239542822,1.330076,1.5209230105035363,0.3425045231783776
1616,180,12,111,118.4209131459207,14.731556788539043,1.330076,1.2678381885915342,0.2112558140318212
1617,214,12,111,111.95133442836229,20.77151676288659,1.330076,1.6260150585029993,0.384999545501961
1618,179,12,111,120.36994003400073,18.27462521806587,1.330076,1.31290822222335,0.23833213695124414
1619,165,12,111,114.97732610289725,22.145807402836944,1.330076,1.5715585214610819,0.3636889836782549
1620,180,13,111,121.31380727058648,19.069862235477675,1.330076,1.3133911299308305,0.23861218702408565
1621,214,13,111,111.82968703447422,20.53268512294537,1.330076,1.6222189208745368,0.3835603893333331
1622,179,13,111,120.59473742286016,17.969253676614354,1.330076,1.300187812866948,0.23088034659010226
1623,165,13,111,114.69932733508128,22.010218763421488,1.330076,1.575839835985707,0.3654177428669407
1624,180,14,111,122.59383076050777,18.35345431868387,1.330076,1.2693740183903224,0.21221012442960843
1625,214,14,111,112.72291887147759,20.121134664435832,1.330076,1.577830875395855,0.36621851201313677
1626,179,14,111,120.14220125902949,17.16167954452534,1.330076,1.289407366028988,0.22444990904641818
1627,165,14,111,114.69425558207797,21.171549825909175,1.330076,1.5483297552459938,0.3541427485896742
1628,180,15,111,116.4165458291193,21.61661601137489,1.330076,1.5106511975160106,0.3380338216761639
1629,214,15,111,112.93676325115501,21.751797373902495,1.330076,1.6252503682700976,0.38471018402882057
1630,179,15,111,122.49136258934703,20.657629104633713,1.330076,1.3306790135276054,0.24850396689655568
1631,165,15,111,112.01526756748116,22.62706901612325,1.330076,1.6881099217857272,0.40762151380392714
1632,180,8,218,125.81194885922056,21.340816719082554,1.365502,1.3302777681853213,0.24827729673018953
1633,214,8,218,105.26098098155944,13.013262680733654,1.365502,1.7475935736959383,0.427784574713715
1634,179,8,218,120.17494110862697,17.78506462745549,1.365502,1.3502390075027861,0.2593903787082402
1635,165,8,218,105.25544233173163,12.671502226972652,1.365502,1.7379973955577257,0.4246251446889547
1636,180,9,218,123.85519543576828,20.45312389297986,1.365502,1.3456402230896098,0.25685931288232067
1637,214,9,218,105.49087827642418,14.246822160557997,1.365502,1.7743124151125576,0.4364013961224733
1638,179,9,218,118.87162537263012,19.262048701873123,1.365502,1.4330588251058802,0.3021919390321497
1639,165,9,218,106.09313985095999,11.145177722855202,1.365502,1.6562862188528826,0.39623961811830805
1640,180,10,218,122.73020625341044,20.96908848161246,1.365502,1.3885708081523263,0.2798350691740165
1641,214,10,218,106.64525902642666,13.700150928535079,1.365502,1.6996542358200162,0.41164503995864815
1642,179,10,218,117.98789061612678,18.635383033960085,1.365502,1.437119933969357,0.30416385135096
1643,165,10,218,106.21125067034379,11.221428069414742,1.365502,1.6523271351963826,0.3947929688383724
1644,180,11,218,122.29304045190169,22.730298326436117,1.365502,1.4597520035645535,0.31495213052757576
1645,214,11,218,105.19075733577543,14.10968190304031,1.365502,1.785191041855739,0.4398358626309924
1646,179,11,218,117.32072058717739,18.76631672985519,1.365502,1.4614911968441242,0.3157673462834718
1647,165,11,218,106.47308635328334,11.641994668640333,1.365502,1.649969809618038,0.3939283045236468
1648,180,12,218,122.13743378357853,21.41045339368371,1.365502,1.4181626330362371,0.29486225577736835
1649,214,12,218,105.27820654458937,13.31055480419035,1.365502,1.755585070780628,0.4303893233978425
1650,179,12,218,115.08712207794036,14.037402459652961,1.365502,1.3782643145597238,0.27444976305619395
1651,165,12,218,106.01053324223398,12.247940556329981,1.365502,1.6883787509234716,0.4077158342267442
1652,180,13,218,113.02978054680676,12.6542687440191,1.365502,1.406318643075084,0.2889235985570238
1653,214,13,218,104.90132873282298,12.566523442334365,1.365502,1.753224855962977,0.42962250586463446
1654,179,13,218,115.14797948051375,13.729563091902845,1.365502,1.367629523807172,0.26880782946523
1655,165,13,218,105.75411047048166,11.624894872143631,1.365502,1.684803106260319,0.40645883410100386
1656,180,14,218,114.26463831730769,12.850423847709889,1.365502,1.3708267772998237,0.2705132285424546
1657,214,14,218,106.14398499580669,12.770405904411973,1.365502,1.6963314870917272,0.41049257906870057
1658,179,14,218,115.68953213605974,13.917302965895779,1.365502,1.3566676416153092,0.26289979260553803
1659,165,14,218,105.66789665223467,11.145568448499388,1.365502,1.6773515205511418,0.40382204460552107
1660,180,15,218,109.59156155851254,10.798315841532093,1.365502,1.4894630323599087,0.328617106786734
1661,214,15,218,104.46941599272382,10.977654712604947,1.365502,1.734731962938433,0.42354206795952676
1662,179,15,218,113.30766656915944,11.929364238597046,1.365502,1.377793712137216,0.27420194243098056
1663,165,15,218,103.11519454166371,11.551129515256353,1.365502,1.8216444781343566,0.45104546358894715
1664,180,8,52,122.34403266061868,13.49019408984524,1.2312371000000002,1.1103173545600789,0.0993565975592518
1665,214,8,52,110.6959692436817,17.36840628230598,1.2312371000000002,1.3518168799467418,0.2602548356702
1666,179,8,52,119.07029281092167,13.228631363465604,1.2312371000000002,1.145874456461393,0.12730404769809772
1667,165,8,52,109.63852362144641,13.000438086095741,1.2312371000000002,1.312624478483812,0.23816749086145234
1668,180,9,52,121.31835758706914,13.125158454469275,1.2312371000000002,1.117069051256719,0.104800192185984
1669,214,9,52,110.59767303865112,18.034145953537738,1.2312371000000002,1.3645624691009923,0.2671643675948197
1670,179,9,52,118.83459620619776,14.905750256218418,1.2312371000000002,1.171164713071636,0.14614913782939984
1671,165,9,52,110.55032620021161,12.176738698148805,1.2312371000000002,1.2819093275079234,0.21991362529202046
1672,180,10,52,120.2685892541408,13.297991983528235,1.2312371000000002,1.1314964159179446,0.11621461108320526
1673,214,10,52,111.80262286221368,17.379213436406552,1.2312371000000002,1.3286708384783297,0.24736814338060015
1674,179,10,52,117.87970901715725,14.671549398562817,1.2312371000000002,1.1815931654897984,0.15368501680062083
1675,165,10,52,110.67281572512232,12.316662856668115,1.2312371000000002,1.280904999792468,0.21930197777195043
1676,180,11,52,119.86184932212453,14.09046816954495,1.2312371000000002,1.146666009814752,0.12790647717764522
1677,214,11,52,109.86767780854079,17.289710498887978,1.2312371000000002,1.3687753058067222,0.26941989984935855
1678,179,11,52,117.7861622333462,15.235122621235575,1.2312371000000002,1.1907540099788203,0.16019598370465551
1679,165,11,52,111.05742165969367,12.679138663280119,1.2312371000000002,1.27704294186996,0.2169409757390688
1680,180,12,52,119.7267298108483,13.36880162853862,1.2312371000000002,1.1391354052074827,0.12214123498526543
1681,214,12,52,110.41777330975553,16.661143957294094,1.2312371000000002,1.3468363788579105,0.2575193128893805
1682,179,12,52,118.86323214444273,14.520484756859897,1.2312371000000002,1.1655766303902566,0.14205555093775216
1683,165,12,52,110.40949830221483,12.614291750845348,1.2312371000000002,1.2903885693021246,0.22503963241023922
1684,180,13,52,120.45107792738338,14.830929123226426,1.2312371000000002,1.1488784893000057,0.12958593157289863
1685,214,13,52,109.90171477911383,16.1708761647874,1.2312371000000002,1.3507671325777098,0.2596799434320927
1686,179,13,52,119.277908643377,14.392399301015507,1.2312371000000002,1.1582500541459684,0.13662857478789717
1687,165,13,52,110.17299911261243,12.494722366552,1.2312371000000002,1.2941971401068342,0.22732019024748318
1688,180,14,52,121.7347542314902,15.223924507558145,1.2312371000000002,1.138553015268383,0.12169219475100404
1689,214,14,52,110.473925482672,15.855314272306213,1.2312371000000002,1.3334171772051584,0.2500471592123934
1690,179,14,52,118.76092254337351,13.699695834415301,1.2312371000000002,1.1561253515237564,0.1350418891152118
1691,165,14,52,110.05191599946234,12.197677870847762,1.2312371000000002,1.2933334617763244,0.22680420049864522
1692,180,15,52,111.41630469295372,18.604480418502302,1.2312371000000002,1.356345527272623,0.2627247409361628
1693,214,15,52,107.85952122855956,13.751804391866365,1.2312371000000002,1.36455476517876,0.2671602301949401
1694,179,15,52,116.98457918560644,14.169108431920144,1.2312371000000002,1.1881910964166407,0.15838453678384679
1695,165,15,52,107.45479677074127,12.906933784699552,1.2312371000000002,1.3640866309761774,0.2669087305075537
1696,180,8,209,119.64303520277433,17.093680570614776,1.298035,1.2612362008879106,0.20712710331657164
1697,214,8,209,106.83384402588703,14.923314911151216,1.298035,1.5574041353825367,0.3579059042665407
1698,179,8,209,119.88741475153647,18.63391634650771,1.298035,1.2900877996579254,0.22485895900639008
1699,165,8,209,112.92382283743213,22.933541679300415,1.298035,1.5710463248866764,0.3634815319197334
1700,180,9,209,117.67533909742956,15.584044401988752,1.298035,1.2684322483322161,0.2116252158403898
1701,214,9,209,107.26832522780673,16.448090619874574,1.298035,1.5777688757860697,0.3661936070948389
1702,179,9,209,118.82228512094456,19.703275450184066,1.298035,1.3365054391878943,0.25178007460438495
1703,165,9,209,113.76186636099052,20.819883005930777,1.298035,1.488614206032936,0.32823427591428295
1704,180,10,209,116.53371598629447,15.848802038684122,1.298035,1.2985515657100717,0.22991121307286572
1705,214,10,209,108.2298351746409,15.964289834782576,1.298035,1.5328176461092442,0.3476066754983523
1706,179,10,209,117.93454824209675,19.83346000015792,1.298035,1.3590212616284563,0.26417633907968197
1707,165,10,209,113.90928135813729,21.358601942800995,1.298035,1.4990458313329384,0.3329089884391268
1708,180,11,209,116.07208492395263,16.88360022009522,1.298035,1.331985255476373,0.24924093875021258
1709,214,11,209,107.19446670835083,16.36569547317619,1.298035,1.5783652164222242,0.3664330729064339
1710,179,11,209,117.88914882391913,20.173110313509227,1.298035,1.368313184766205,0.26917316069649383
1711,165,11,209,114.1980893469161,21.166291062537873,1.298035,1.485899738595066,0.3270070826275866
1712,180,12,209,115.96759889663599,15.98138469255542,1.298035,1.3142415885939296,0.2391048885693291
1713,214,12,209,107.30764795768,14.675833708793279,1.298035,1.5350857427967952,0.3485705898238066
1714,179,12,209,118.6526443826273,19.540582620386953,1.298035,1.3362823259346792,0.2516551475747929
1715,165,12,209,113.73513162016982,21.738289235035047,1.298035,1.514261050023807,0.3396118852926461
1716,180,13,209,118.7681255823162,21.74375054914935,1.298035,1.3874338417258258,0.27924491249535743
1717,214,13,209,107.28647112635159,14.481360464548542,1.298035,1.5315797698644094,0.3470793884352952
1718,179,13,209,118.9484175320993,19.665728278719534,1.298035,1.3329375475611764,0.24977730439834875
1719,165,13,209,113.4344486322749,22.18996977628762,1.298035,1.535270470198718,0.34864897136296463
1720,180,14,209,120.01934180875209,22.11374408244448,1.298035,1.3692335187119664,0.26966438789732755
1721,214,14,209,108.52713455250516,15.162423792727598,1.298035,1.5042108515204395,0.3351995838952956
1722,179,14,209,118.49573678521406,18.905025422374248,1.298035,1.3247246234289396,0.2451261323945326
1723,165,14,209,113.25947505730966,21.472348411046504,1.298035,1.5204668771480967,0.34230727743594386
1724,180,15,209,117.29770492926012,20.28879010869606,1.298035,1.3847427148217002,0.2778441877350767
1725,214,15,209,112.27258946392874,21.76373675167031,1.298035,1.557445359135693,0.35792289974464864
1726,179,15,209,121.77099882247857,20.79206390659177,1.298035,1.3026573880388477,0.23233844203232804
1727,165,15,209,110.38746866340976,21.56476274607292,1.298035,1.6104685744885967,0.3790627052020873
1728,180,8,0,117.99939093213915,12.677540146871877,1.2124078999999999,1.1396500327264711,0.12253764639691694
1729,214,8,0,103.8011791090061,12.112704682412305,1.2124078999999999,1.411234426373324,0.29140050631427644
1730,179,8,0,118.76893396648057,14.976057870148534,1.2124078999999999,1.1568198471292799,0.13556116582753835
1731,165,8,0,108.97300597444077,13.652456327784087,1.2124078999999999,1.3046220015896919,0.2334944537333478
1732,180,9,0,115.60320949646652,10.942122050315357,1.2124078999999999,1.1537945404401404,0.1332945641963881
1733,214,9,0,104.20190587178779,12.961427368462658,1.2124078999999999,1.4087553513048585,0.2901535393822989
1734,179,9,0,117.57597973855724,16.09498202116105,1.2124078999999999,1.1863632043375527,0.15708781565053268
1735,165,9,0,109.82963249199919,11.544429140254147,1.2124078999999999,1.26428249586554,0.20903753451447551
1736,180,10,0,114.4604341606296,10.935938637058232,1.2124078999999999,1.1717053001372246,0.14654307710062872
1737,214,10,0,105.2430516295114,12.696558870870987,1.2124078999999999,1.3801081388082543,0.2754190980545074
1738,179,10,0,116.38501065841483,15.589572819629309,1.2124078999999999,1.1968040039390255,0.16444129806658989
1739,165,10,0,109.94061115094725,12.004433419069917,1.2124078999999999,1.266601957130999,0.21048598230093019
1740,180,11,0,113.83732083259972,11.824700493667017,1.2124078999999999,1.191609039582679,0.16079857840771639
1741,214,11,0,104.16242919919401,13.062433757607891,1.2124078999999999,1.4107420036734015,0.2911531680519039
1742,179,11,0,116.38122774678111,16.439677013223758,1.2124078999999999,1.207749705307907,0.17201387373134788
1743,165,11,0,110.1570482713985,11.967184064802758,1.2124078999999999,1.2617731249269528,0.2074644956018599
1744,180,12,0,113.7605681464309,10.92060344822792,1.2124078999999999,1.1832308193251935,0.15485636135618203
1745,214,12,0,104.18557400477381,11.85322875670478,1.2124078999999999,1.3990652753532595,0.28523706676409133
1746,179,12,0,117.14018484975773,14.72676350309197,1.2124078999999999,1.1753234064552576,0.1491703521705809
1747,165,12,0,109.66647367084664,12.446860381222805,1.2124078999999999,1.2768836423236116,0.21684328402841158
1748,180,13,0,118.73002616755598,17.511338488356706,1.2124078999999999,1.1890149063371103,0.1589676507247426
1749,214,13,0,104.0756833500307,11.58024531656784,1.2124078999999999,1.3996022842078086,0.28551131183240974
1750,179,13,0,117.62977160569115,14.99692272721133,1.2124078999999999,1.1719374525143413,0.14671214077633318
1751,165,13,0,109.35795201968898,12.410985653184065,1.2124078999999999,1.28296642406556,0.22055637525483704
1752,180,14,0,119.96646978108708,17.201465611634426,1.2124078999999999,1.1694129140137792,0.14487005572078285
1753,214,14,0,105.33551656988833,11.280543292936713,1.2124078999999999,1.365151093480528,0.2674803508742429
1754,179,14,0,116.87133902330429,14.281657435189157,1.2124078999999999,1.173654172998456,0.14796025694247195
1755,165,14,0,109.32383544485523,11.91756973805707,1.2124078999999999,1.2786413150748148,0.21791984334442627
1756,180,15,0,110.15468824949262,11.868098686260153,1.2124078999999999,1.2608060508303232,0.20685659833133363
1757,214,15,0,107.1647999330789,12.448098195531232,1.2124078999999999,1.3317955635695304,0.2491340057330113
1758,179,15,0,116.23108355093844,12.641768252665084,1.2124078999999999,1.1634089612620282,0.14045702474628308
1759,165,15,0,106.41265546348698,13.986420412129945,1.2124078999999999,1.3654067540219654,0.26761750880872465
1760,180,8,74,125.7748892469463,17.009896537916475,1.350008,1.1999346143826362,0.1666212575136872
1761,214,8,74,108.65086728395251,16.65975362680524,1.350008,1.6663047503430686,0.3998696818249398
1762,179,8,74,120.69916686955267,15.664751945387726,1.350008,1.2610217699512707,0.20699227893691105
1763,165,8,74,111.69817632063629,17.709776373623914,1.350008,1.5817337455981533,0.36778234466899046
1764,180,9,74,124.65440964818193,16.588743326284344,1.350008,1.2086225997112008,0.17261186391934996
1765,214,9,74,109.08088586841146,18.275719720113585,1.350008,1.7054759236652763,0.4136534054078713
1766,179,9,74,119.8865704175455,16.823596138939035,1.350008,1.3096442660119418,0.23643387295914628
1767,165,9,74,112.62163925833637,15.725579615056711,1.350008,1.4843865655209436,0.3263210384492726
1768,180,10,74,123.6196195834841,16.892415751977186,1.350008,1.2340982907125575,0.18969177129107861
1769,214,10,74,110.14123119076216,17.578167499438475,1.350008,1.6369796436606658,0.3891188544264556
1770,179,10,74,119.17668050352886,16.752893495287832,1.350008,1.3244998867232192,0.24499804792435587
1771,165,10,74,112.79873888795613,16.18714484337438,1.350008,1.4925982298123486,0.3300273442467359
1772,180,11,74,123.18641272395544,18.08696749080871,1.350008,1.2727840156181591,0.21432074277400068
1773,214,11,74,109.06906562336133,18.149073836414576,1.350008,1.7013346355170067,0.41222615520542966
1774,179,11,74,118.60606285384816,17.010068591850985,1.350008,1.3458674652891722,0.2569847880339832
1775,165,11,74,113.04423094687283,16.633497822391078,1.350008,1.498312701008721,0.33258257817159126
1776,180,12,74,123.01459469828134,16.902961801160977,1.350008,1.2456918520805678,0.19723324967584127
1777,214,12,74,109.01615398747789,16.816014152676445,1.350008,1.656346776699984,0.3962616922572542
1778,179,12,74,117.56733615176483,14.524856384279794,1.350008,1.3038945501990233,0.233066815221091
1779,165,12,74,112.52920724054347,16.93268146701347,1.350008,1.5257509670703961,0.3445850459330816
1780,180,13,74,114.747367745991,11.128989888615049,1.350008,1.296633350619481,0.22877195814665807
1781,214,13,74,108.87410101541796,16.848430422224126,1.350008,1.6633836151832933,0.3988157687306503
1782,179,13,74,117.27412926929118,13.479045900539926,1.350008,1.2846805117505549,0.22159634955669896
1783,165,13,74,112.27081030601428,16.745413565669292,1.350008,1.5287712240021603,0.34587989079091475
1784,180,14,74,116.0124267465138,11.378258749379262,1.350008,1.267376624874591,0.2109685626409974
1785,214,14,74,110.45451269893034,17.15487405160679,1.350008,1.610003608955473,0.3788833798647364
1786,179,14,74,118.00076663853616,13.578948309413729,1.350008,1.2694244879865362,0.21224144526617464
1787,165,14,74,112.03051885308987,16.21320429237774,1.350008,1.5202301193069123,0.3422048495816477
1788,180,15,74,117.39021080807898,22.10282242504652,1.350008,1.5447872599206083,0.3526616732640627
1789,214,15,74,111.61467682713092,19.366725930359976,1.350008,1.6438696851727426,0.39167927420298093
1790,179,15,74,121.05742590763532,17.817911635709642,1.350008,1.3104598160154495,0.23690906979462037
1791,165,15,74,109.70533222358142,17.74926809883048,1.350008,1.660566449387831,0.39779585431907843
1792,180,8,212,119.64916330448457,16.789344603626013,1.233268,1.1880328260568396,0.1582724163278662
1793,214,8,212,110.12692993956014,23.500910217495484,1.233268,1.4745352901908129,0.32182023268456694
1794,179,8,212,118.91532710435952,18.577333022959117,1.233268,1.2250132487990097,0.18368229814625303
1795,165,8,212,115.2195642528014,31.068895757624606,1.233268,1.5020650016363042,0.3342498500992765
1796,180,9,212,118.57449502639616,16.17934451342502,1.233268,1.194523738370313,0.16284627263724483
1797,214,9,212,110.48008745035679,25.14536982002084,1.233268,1.4965695103682521,0.3318051763904131
1798,179,9,212,118.42977909940802,20.372393453452105,1.233268,1.2604671022574885,0.2066433164268973
1799,165,9,212,116.12666029095168,29.259940482937253,1.233268,1.4524259981910035,0.3114967638657667
1800,180,10,212,117.55906035927283,16.939930769411713,1.233268,1.2209598543503497,0.1809722519238099
1801,214,10,212,111.49306604729642,25.02049616262484,1.233268,1.4716378131524988,0.320484978666164
1802,179,10,212,117.88830820299958,20.880347266281696,1.233268,1.2773162170815897,0.21710850717545999
1803,165,10,212,116.27645803210173,29.42069770979894,1.233268,1.452357053074154,0.3114640797981912
1804,180,11,212,117.15180681978264,18.28022786534063,1.233268,1.2478653931075707,0.19863151464623058
1805,214,11,212,110.31518247480338,25.564249694107673,1.233268,1.5080377269650336,0.33688661621713745
1806,179,11,212,117.65842616172992,21.27778887233965,1.233268,1.28758018918381,0.2233493428988725
1807,165,11,212,116.54659999626449,29.176608232303042,1.233268,1.44292542863606,0.30696349225388575
1808,180,12,212,117.03588667736882,16.985722480722313,1.233268,1.2299183515324097,0.18693789815067338
1809,214,12,212,110.52561882330198,25.612952852474212,1.233268,1.5041232469949122,0.3351608639797969
1810,179,12,212,119.45508210153834,21.919229712408644,1.233268,1.2693339866315878,0.21218527942067894
1811,165,12,212,115.99946874389225,31.052155209899812,1.233268,1.4862395705826255,0.3271609639568493
1812,180,13,212,119.09238059735186,22.705561300344556,1.233268,1.287791997510746,0.22347708175469108
1813,214,13,212,110.50394480692452,25.147386510073893,1.233268,1.496063708695452,0.33157926752197814
1814,179,13,212,119.70997374561108,21.82392242793704,1.233268,1.263901502086189,0.20879910471709592
1815,165,13,212,115.74058511157679,30.762625192388217,1.233268,1.4862934668693668,0.3271853625876888
1816,180,14,212,120.38485589317924,21.06445161699436,1.233268,1.241850777031923,0.19475027233944867
1817,214,14,212,111.7483451670226,25.37065939326226,1.233268,1.4724343962553532,0.3208525944903439
1818,179,14,212,119.47263534851228,21.07134811532581,1.233268,1.255493861941048,0.20350068581461916
1819,165,14,212,115.55069176960768,29.490602960282175,1.233268,1.467713614106239,0.3186681717816266
1820,180,15,212,118.84397089046517,22.99883625489512,1.233268,1.2965922608780365,0.22874751749419497
1821,214,15,212,114.67577684573493,28.596366004901462,1.233268,1.4693131312542766,0.31940988021637584
1822,179,15,212,124.37749903092148,26.827089492056004,1.233268,1.2761094471083827,0.21636815536005677
1823,165,15,212,112.8505025729374,31.297031962129648,1.233268,1.5557424070003676,0.35722006708803195
1824,180,8,233,119.22165410910621,17.677214355751136,1.173418,1.1454808558035727,0.12700417913271508
1825,214,8,233,108.3034987999794,18.31195134097477,1.173418,1.2951993635386367,0.22791808878914008
1826,179,8,233,117.92055622309826,17.289041660703102,1.173418,1.1551946164169538,0.1343449962555384
1827,165,8,233,112.59921878094568,25.928992867972244,1.173418,1.3111252012435972,0.2372963321492838
1828,180,9,233,118.03836428007989,16.648838766946184,1.173418,1.1477679099705451,0.128743719602979
1829,214,9,233,108.68296978164516,19.620523006782793,1.173418,1.3023115228176207,0.2321345680513934
1830,179,9,233,117.32650738232694,19.104833491909638,1.173418,1.1796572472310196,0.1522961416570149
1831,165,9,233,113.32740453565073,23.234623354540943,1.173418,1.272257001191341,0.2139952862797372
1832,180,10,233,117.00397696836744,17.44429517193668,1.173418,1.1667478845224497,0.1429168089648602
1833,214,10,233,109.70394946462622,19.241418139079943,1.173418,1.2823455316345913,0.2201789803678644
1834,179,10,233,116.6106075905848,19.99880253333395,1.173418,1.1969109067478225,0.1645159264885116
1835,165,10,233,113.48245581021635,23.691350257862577,1.173418,1.2750549217157057,0.21572005803922042
1836,180,11,233,116.59330183756593,18.620162462232635,1.173418,1.1831112389707552,0.15477094033021982
1837,214,11,233,108.66195584984781,19.963911135616602,1.173418,1.306191000099571,0.23441518129908256
1838,179,11,233,116.39320366920116,19.77394263259676,1.173418,1.1971496799790255,0.16468256499260783
1839,165,11,233,113.74899852515139,23.2173478591742,1.173418,1.266424158343038,0.21037513899894458
1840,180,12,233,116.4376563220161,17.442748690695442,1.173418,1.173174605203506,0.14761196196662132
1841,214,12,233,108.68518117117057,18.703759494669608,1.173418,1.2929363780539471,0.22656673833778115
1842,179,12,233,117.6407334810448,20.48608586306095,1.173418,1.1901496367157396,0.1597695204448949
1843,165,12,233,113.41435348255615,25.66181114870854,1.173418,1.2970672359503532,0.22902994364258525
1844,180,13,233,117.47590279822222,22.192502819948064,1.173418,1.2095762574072155,0.1732641957245856
1845,214,13,233,108.60299093245386,18.64438316939953,1.173418,1.2936624993998305,0.2270008596029254
1846,179,13,233,117.67621630791811,19.57290549676982,1.173418,1.1804860710064176,0.15289131777094586
1847,165,13,233,113.01523554095861,25.277265332092718,1.173418,1.2983928805841987,0.22981709546184498
1848,180,14,233,118.72902475857826,19.998496112257257,1.173418,1.1733894909493328,0.14776806191527392
1849,214,14,233,110.04546149517157,18.579579808534533,1.173418,1.2703433371600483,0.21281123712934327
1850,179,14,233,117.63148218609442,19.16001956812161,1.173418,1.1768234809288216,0.1502548885150232
1851,165,14,233,112.9162629164697,23.14640436204853,1.173418,1.2769053707916016,0.21685661061942088
1852,180,15,233,114.59207814451071,22.014807978448168,1.173418,1.2426306053270044,0.19525561682359738
1853,214,15,233,111.10270858950761,22.100496344350635,1.173418,1.2913814782856665,0.2256354788923262
1854,179,15,233,120.50214448090064,21.06370450229144,1.173418,1.1659149502795096,0.14230450534984063
1855,165,15,233,110.19521503679272,24.662909046442202,1.173418,1.33236609255861,0.24945553209054624
1856,180,8,24,122.06511299814521,15.892036274516368,1.2377200000000002,1.1481496725096727,0.12903341442047453
1857,214,8,24,108.45715696654267,12.196768937876048,1.2377200000000002,1.341592330718887,0.254617086649449
1858,179,8,24,118.7544810921341,14.097524680518044,1.2377200000000002,1.1666604647222074,0.1428525863022973
1859,165,8,24,109.19370689431439,14.644099580897414,1.2377200000000002,1.3563206010369078,0.2627111914133727
1860,180,9,24,120.8570538960773,14.967707893736556,1.2377200000000002,1.1504208414213326,0.13075288277591465
1861,214,9,24,108.55336949284445,12.819965301026896,1.2377200000000002,1.3469353452231725,0.25757386681815014
1862,179,9,24,118.14828147586428,14.829245113602312,1.2377200000000002,1.185742066006092,0.15664626509517604
1863,165,9,24,110.17006289010247,12.785876025227571,1.2377200000000002,1.3075579101791746,0.23521551725156856
1864,180,10,24,119.81384737475443,15.344586961509156,1.2377200000000002,1.169287544398645,0.14477836970863162
1865,214,10,24,109.71544315459637,12.627840456239984,1.2377200000000002,1.316174735239014,0.24022246193747027
1866,179,10,24,117.17749874553095,15.41434558850188,1.2377200000000002,1.2092238663817956,0.17302326905590207
1867,165,10,24,110.29460010719679,12.882542924411133,1.2377200000000002,1.3059503000920396,0.2342740761807529
1868,180,11,24,119.38876334622674,15.94269915696006,1.2377200000000002,1.1837015270059352,0.155192438984675
1869,214,11,24,108.3233910670657,12.451455903617946,1.2377200000000002,1.3480840649160526,0.25820649763242204
1870,179,11,24,116.98271884090069,14.616285704479921,1.2377200000000002,1.2007196681918881,0.16716613670045333
1871,165,11,24,110.5289603025949,13.22673606554551,1.2377200000000002,1.305194500388988,0.233830666845463
1872,180,12,24,119.25580437098264,15.335671432738925,1.2377200000000002,1.1768832354144834,0.1502980330518408
1873,214,12,24,108.48680437704402,12.643040558052926,1.2377200000000002,1.3463560843998859,0.25725444287219745
1874,179,12,24,117.74011269867763,15.303184220855346,1.2377200000000002,1.1987657197107633,0.16580864504427206
1875,165,12,24,109.95067239467414,13.547488590477204,1.2377200000000002,1.3228829407471319,0.24407521693852632
1876,180,13,24,118.31233243083445,15.938451274194968,1.2377200000000002,1.1993484935408585,0.16621398585520233
1877,214,13,24,108.13655562041589,12.25837070187591,1.2377200000000002,1.3504764115983663,0.25952057258338734
1878,179,13,24,117.84467243567758,14.684170698068709,1.2377200000000002,1.1882506529965102,0.15842671958292887
1879,165,13,24,109.7745741533846,13.204109217998171,1.2377200000000002,1.3223456292787104,0.24376806043858423
1880,180,14,24,119.51723704781352,16.20563053364884,1.2377200000000002,1.18569568925418,0.15661327854787532
1881,214,14,24,109.2821098504092,12.892810767641983,1.2377200000000002,1.329977955526496,0.24810783829561156
1882,179,14,24,117.62055297432694,14.415269639691072,1.2377200000000002,1.1878549688293585,0.1581463846672218
1883,165,14,24,109.67216712618321,13.00769355618424,1.2377200000000002,1.3221511659206466,0.24365683306441346
1884,180,15,24,110.31799615755294,7.9305469675925115,1.2377200000000002,1.2529708766624728,0.20189685281138298
1885,214,15,24,107.30456669988916,11.67903298202872,1.2377200000000002,1.3654301468524275,0.2676300561363849
1886,179,15,24,116.3826747708253,13.194299855418748,1.2377200000000002,1.1904370401171693,0.1599723745981774
1887,165,15,24,107.12251105520122,14.023285218936735,1.2377200000000002,1.3995259701425848,0.285472351829156
1888,180,8,124,122.06511299814521,15.892036274516368,1.260299,1.1651006888505155,0.14170508217054043
1889,214,8,124,108.45715696654267,12.196768937876048,1.260299,1.3796935973443565,0.2752013911459713
1890,179,8,124,118.7544810921341,14.097524680518044,1.260299,1.1851822970067498,0.15624794386014623
1891,165,8,124,109.19370689431439,14.644099580897414,1.260299,1.3978202925232441,0.28460045590347505
1892,180,9,124,120.8570538960773,14.967707893736556,1.260299,1.1673502517528402,0.143359074537873
1893,214,9,124,108.55336949284445,12.819965301026896,1.260299,1.3860704222464255,0.27853593587309605
1894,179,9,124,118.14828147586428,14.829245113602312,1.260299,1.2067333826905404,0.1713165357451257
1895,165,9,124,110.17006289010247,12.785876025227571,1.260299,1.3419487009158968,0.254815031813446
1896,180,10,124,119.81384737475443,15.344586961509156,1.260299,1.1885371003317646,0.15862954574925509
1897,214,10,124,109.71544315459637,12.627840456239984,1.260299,1.35150026775306,0.26008153763628006
1898,179,10,124,117.17749874553095,15.41434558850188,1.260299,1.2332226481059558,0.18911641662124085
1899,165,10,124,110.29460010719679,12.882542924411133,1.260299,1.3402049044834163,0.2538454406078664
1900,180,11,124,119.38876334622674,15.94269915696006,1.260299,1.204871163416983,0.17003574293866724
1901,214,11,124,108.3233910670657,12.451455903617946,1.260299,1.3871234514751067,0.2790836324361963
1902,179,11,124,116.98271884090069,14.616285704479921,1.260299,1.2233838200775047,0.18259504205585514
1903,165,11,124,110.5289603025949,13.22673606554551,1.260299,1.3395560523845147,0.2534840194108177
1904,180,12,124,119.25580437098264,15.335671432738925,1.260299,1.1970214595403226,0.16459308892923466
1905,214,12,124,108.48680437704402,12.643040558052926,1.260299,1.3853085836001093,0.27813917286123924
1906,179,12,124,117.74011269867763,15.303184220855346,1.260299,1.2214751403236375,0.18131776326201468
1907,165,12,124,109.95067239467414,13.547488590477204,1.260299,1.3595632262192663,0.264469661495005
1908,180,13,124,118.31233243083445,15.938451274194968,1.260299,1.2223850751545193,0.1819271845464966
1909,214,13,124,108.13655562041589,12.25837070187591,1.260299,1.3896815011385826,0.2804106558368316
1910,179,13,124,117.84467243567758,14.684170698068709,1.260299,1.209480907155265,0.17319901944377966
1911,165,13,124,109.7745741533846,13.204109217998171,1.260299,1.35875225473813,0.2640306601053419
1912,180,14,124,119.51723704781352,16.20563053364884,1.260299,1.2072036858003976,0.17163937472823226
1913,214,14,124,109.2821098504092,12.892810767641983,1.260299,1.3671137233813115,0.2685319568538317
1914,179,14,124,117.62055297432694,14.415269639691072,1.260299,1.2089380891496977,0.17282778251833686
1915,165,14,124,109.67216712618321,13.00769355618424,1.260299,1.358416186569177,0.2638485834554098
1916,180,15,124,110.31799615755294,7.9305469675925115,1.260299,1.2788345285279679,0.21803800437647458
1917,214,15,124,107.30456669988916,11.67903298202872,1.260299,1.4060628948011886,0.2887942611262807
1918,179,15,124,116.3826747708253,13.194299855418748,1.260299,1.2113659864835848,0.17448565408142988
1919,165,15,124,107.12251105520122,14.023285218936735,1.260299,1.445979474152114,0.3084272509563976
1920,180,8,167,119.46380209409979,11.653078858369025,1.375461,1.2097547859898288,0.17338620059122653
1921,214,8,167,107.72208537304851,9.657337403495028,1.375461,1.5645259259078472,0.3608287447076148
1922,179,8,167,119.1504650839298,12.61788375998046,1.375461,1.2403006011585627,0.19374383994823374
1923,165,8,167,112.42058936252815,12.029750386777717,1.375461,1.4246903618457463,0.29809309673123785
1924,180,9,167,117.82422796244452,10.675521076590298,1.375461,1.225104481828659,0.18374308899160624
1925,214,9,167,108.05111674108791,11.728677869403986,1.375461,1.5983494904304412,0.37435460392914666
1926,179,9,167,118.5080151069828,14.139277993298625,1.375461,1.2963639455673155,0.22861168468984266
1927,165,9,167,113.21077432255355,11.233615297323636,1.375461,1.375497024580292,0.2729900667686781
1928,180,10,167,116.74015247845034,10.697383468104372,1.375461,1.2535335648403434,0.2022551066453771
1929,214,10,167,109.10910338842496,10.471868036039023,1.375461,1.5188341344232565,0.3416002594781505
1930,179,10,167,117.58464173985732,14.392235154769079,1.375461,1.328050740139492,0.24701672174440806
1931,165,10,167,113.3624600757725,11.556113483771533,1.375461,1.3785399884866476,0.27459485517152565
1932,180,11,167,116.28541453792361,11.109040585800349,1.375461,1.2759108700224875,0.21624619438944404
1933,214,11,167,107.87383021729218,12.017286470122498,1.375461,1.614519673932929,0.3806207405549755
1934,179,11,167,117.49562430618957,14.962798712465428,1.375461,1.3474249642620673,0.2578436450836715
1935,165,11,167,113.63589458667933,11.682186481684134,1.375461,1.3724813521769386,0.27139265068056
1936,180,12,167,116.19285537531255,10.437487456315804,1.375461,1.2624432793232774,0.20788520452495735
1937,214,12,167,108.03643776182201,10.511560794055136,1.375461,1.5685080715469604,0.3624514797595286
1938,179,12,167,118.7693135855445,14.56446925801393,1.375461,1.3016978783527435,0.23177258207913223
1939,165,12,167,113.219736766764,12.416501716242104,1.375461,1.4066963850759926,0.28911454482341764
1940,180,13,167,120.31857683759984,15.245493280722304,1.375461,1.2831292060880253,0.22065525805559602
1941,214,13,167,107.87860349038907,9.11503104724049,1.375461,1.5463477357634403,0.35331492595596903
1942,179,13,167,119.20199494578425,13.631519163582901,1.375461,1.2653059036100553,0.20967728266588243
1943,165,13,167,112.94287059580584,11.834150918963424,1.375461,1.4005618167202016,0.28600081191576865
1944,180,14,167,121.63022192597599,15.083298655865669,1.375461,1.2492996168225674,0.19955150347090383
1945,214,14,167,109.06699325171135,9.795799363129547,1.375461,1.5056034855766967,0.3358145025700665
1946,179,14,167,118.72508028674122,13.241717954227536,1.375461,1.2665314581833436,0.210442035577738
1947,165,14,167,112.76848306898691,11.376121321973224,1.375461,1.3947590066776343,0.28303026170661866
1948,180,15,167,114.49074803077434,13.126565480833483,1.375461,1.3838631434594075,0.2773851917898609
1949,214,15,167,110.92566024056273,12.27242585078354,1.375461,1.4887904826600125,0.3283138147059441
1950,179,15,167,120.3101176077887,14.291523442116606,1.375461,1.257101617743016,0.2045193595443883
1951,165,15,167,109.97020915470543,10.234101247307281,1.375461,1.476085715259971,0.3225325672744701
1952,180,8,199,117.24425869778405,13.887355968831319,1.03641,1.0252550488263292,0.024632942656795685
1953,214,8,199,106.53420798227623,15.03388262518237,1.03641,1.054820914421295,0.05197177423370613
1954,179,8,199,118.51206271020928,16.449709086683434,1.03641,1.0265817564514803,0.025893462731466973
1955,165,8,199,113.34031867806081,23.157957499097915,1.03641,1.0467672845432932,0.04467782403392347
1956,180,9,199,115.45465650461524,12.766026980157918,1.03641,1.02749853568969,0.026762603288025186
1957,214,9,199,107.01790829179534,16.727513234050214,1.03641,1.0551082035090797,0.052229907156252635
1958,179,9,199,117.5238013223515,17.728779078466125,1.03641,1.030388401908771,0.02949218163993033
1959,165,9,199,114.26798384944237,21.710179887196496,1.03641,1.0428347735348817,0.041075321442998435
1960,180,10,199,114.3348595522053,12.806514898328148,1.03641,1.0302000855035738,0.02931477673952204
1961,214,10,199,107.95264124193594,16.37472452778298,1.03641,1.0519477894902067,0.04938247887319729
1962,179,10,199,116.60309286567048,17.419951698906104,1.03641,1.0317908188450817,0.030811302314810537
1963,165,10,199,114.42877601129251,21.98219940696926,1.03641,1.042849221370532,0.041088606571733154
1964,180,11,199,113.90649291286505,13.733535924460709,1.03641,1.0325194433297782,0.03149523579421036
1965,214,11,199,107.08772730481236,16.54057433716108,1.03641,1.054695056969884,0.051858645405072616
1966,179,11,199,116.69090701513714,18.37884060138398,1.03641,1.03301450520223,0.031959382018325856
1967,165,11,199,114.74582701560546,21.954635426771887,1.03641,1.0421289833890863,0.04042588207467326
1968,180,12,199,113.81161417853963,12.716616891518388,1.03641,1.0313688378334915,0.030414762093632162
1969,214,12,199,107.16105367089096,15.644470478728303,1.03641,1.053507875123632,0.05079019947274023
1970,179,12,199,118.28296709130657,18.229770159147925,1.03641,1.02965685936458,0.02880266284331059
1971,165,12,199,114.16224310808217,22.219734654708432,1.03641,1.0437442154386054,0.04191085784386654
1972,180,13,199,118.74876289186278,19.66633464599398,1.03641,1.030884740175715,0.02995945033627207
1973,214,13,199,107.22175406478608,15.88166380733105,1.03641,1.0535772277459186,0.05085268201985026
1974,179,13,199,118.5706756665896,18.32492466189429,1.03641,1.0292536658226619,0.028422211932837758
1975,165,13,199,113.86976326806149,22.197279295221247,1.03641,1.0443556734979744,0.042471807855851564
1976,180,14,199,119.99677246122992,19.541234517488302,1.03641,1.028448067782345,0.027661161193766458
1977,214,14,199,108.68623562706422,16.81817075365672,1.03641,1.0503503242731003,0.04793669608084849
1978,179,14,199,117.97591477260012,17.439130967844285,1.03641,1.0290770467713748,0.028255461398736942
1979,165,14,199,113.73288725460988,21.79490162334635,1.03641,1.0441265935012718,0.04226172743412463
1980,180,15,199,116.70417396453102,26.96991663549743,1.03641,1.0444611837297197,0.042568536219748286
1981,214,15,199,112.62489108659304,23.73680874897679,1.03641,1.0490880313125974,0.04679114606920021
1982,179,15,199,122.15310562774087,22.695182072392434,1.03641,1.0292927412630366,0.028459096318013206
1983,165,15,199,110.98096281134463,21.522504513352345,1.03641,1.0501885737665708,0.04779005887158549
1984,180,8,157,125.03393833669787,19.96318954642454,1.234697,1.1675049519301992,0.14347258369505717
1985,214,8,157,105.2771948287223,12.820405330906933,1.234697,1.4278629581040174,0.29965267722341765
1986,179,8,157,120.95476198503617,18.06126868485833,1.234697,1.1901307626397601,0.1597561953764157
1987,165,8,157,103.90472070948795,9.793496484977318,1.234697,1.4378775155491275,0.30453046995585115
1988,180,9,157,122.76840400083806,18.457862702149384,1.234697,1.172775824288925,0.14732212304400297
1989,214,9,157,105.20901158468916,13.280174814086163,1.234697,1.4352897164523872,0.303276552087543
1990,179,9,157,119.57037678349892,19.616590528856698,1.234697,1.2330509393506135,0.18900349686554702
1991,165,9,157,104.89077157251089,9.40738953721686,1.234697,1.405968596560056,0.28874656059411846
1992,180,10,157,121.64566261462487,18.94261549152187,1.234697,1.193918919823048,0.16242218512777143
1993,214,10,157,106.4218468727555,12.603687373245629,1.234697,1.3939682083725253,0.28262352470182084
1994,179,10,157,118.62036973627148,19.136264150357025,1.234697,1.2398907719842356,0.19347734284716947
1995,165,10,157,104.97365336274645,9.485383588193363,1.234697,1.4041583590832523,0.28782961442263494
1996,180,11,157,121.21128769833211,20.47497547978367,1.234697,1.222810311278309,0.18221167193576104
1997,214,11,157,104.52365595945129,14.02840433078307,1.234697,1.4640356627051336,0.3169565294930889
1998,179,11,157,117.8629548907729,19.043528361156667,1.234697,1.2503043040744273,0.2001947072074762
1999,165,11,157,105.23437231282935,9.937660798203787,1.234697,1.4002348395357165,0.2858340817090543
2000,180,12,157,121.07720969669033,19.22512378561818,1.234697,1.2056892209541104,0.17059887189780149
2001,214,12,157,104.90869587478626,12.659279190428194,1.234697,1.4363540253158735,0.30379280986796653
2002,179,12,157,116.38009425493092,15.740921746979797,1.234697,1.223690920521452,0.182800179988367
2003,165,12,157,104.94174454135953,9.70830590904924,1.234697,1.4068067038745888,0.28917029095338603
2004,180,13,157,117.80891132346937,18.19744192737898,1.234697,1.2379020234799516,0.19218162582137868
2005,214,13,157,104.31637606388671,11.684023107552305,1.234697,1.4427790617715892,0.3068931851754908
2006,179,13,157,116.940895698446,16.00043514074129,1.234697,1.2183972475263019,0.17924962319942148
2007,165,13,157,104.36228922745428,9.190107279338887,1.234697,1.4198127273335388,0.29568176087698744
2008,180,14,157,119.01331735082047,18.038794551995903,1.234697,1.2170534221412534,0.17834338098271402
2009,214,14,157,104.90125978369556,10.765257223209106,1.234697,1.4169788902983467,0.2942731844160016
2010,179,14,157,117.0806512492945,14.825021165804902,1.234697,1.1991543966903735,0.1660790280551304
2011,165,14,157,104.30915292094718,9.085499888360234,1.234697,1.4206411973321922,0.2960924955028124
2012,180,15,157,105.24665925198481,5.380694993288298,1.234697,1.373944114906377,0.272168358850504
2013,214,15,157,101.6687088156755,8.986404936458914,1.234697,1.5003753204206136,0.3335001006817007
2014,179,15,157,110.27001586575297,7.055147474581934,1.234697,1.2448224601027964,0.19667259223663042
2015,165,15,157,101.38770115844646,9.373756412824568,1.234697,1.5119778442082483,0.33861464714540646
2016,180,8,235,120.96083621740217,16.191518930511645,1.271443,1.1948847540000493,0.16309920546533418
2017,214,8,235,109.13175775721245,19.482858852359705,1.271443,1.5212951119096418,0.34266534338316107
2018,179,8,235,120.55360475019874,17.994377891851364,1.271443,1.2333967076140953,0.18923085019870212
2019,165,8,235,113.69051717639925,24.399500382934526,1.271443,1.5136097811214817,0.3393277365986178
2020,180,9,235,119.51757738732599,15.333880506828903,1.271443,1.2028859166520296,0.16866596727370312
2021,214,9,235,109.53581987621506,20.528712417052834,1.271443,1.5337730738209574,0.3480130685116373
2022,179,9,235,119.70565500430786,19.248799697553288,1.271443,1.2716517634289055,0.21362119036143876
2023,165,9,235,114.58891490078258,22.511383474780878,1.271443,1.4474091220568774,0.3091103373875904
2024,180,10,235,118.46939126196652,15.61899038100136,1.271443,1.2255864822536333,0.18406410769056486
2025,214,10,235,110.51540408934706,20.19597268676545,1.271443,1.4985053777956656,0.3326683942429209
2026,179,10,235,118.95582607063002,19.39234805562553,1.271443,1.2880404541092616,0.22362686916417904
2027,165,10,235,114.73121680840545,22.930424296691637,1.271443,1.4536419037260488,0.31207266560165253
2028,180,11,235,118.01951725372015,16.536438386648637,1.271443,1.2502923404524255,0.20018705414275817
2029,214,11,235,109.0807244612512,19.915698736637108,1.271443,1.53270605406392,0.34755917656322116
2030,179,11,235,118.77227551849818,19.719324968361292,1.271443,1.298002172281059,0.22958526468207793
2031,165,11,235,115.01410357160466,23.002205854278277,1.271443,1.4485860493378895,0.30967166192365747
2032,180,12,235,117.88687149169036,15.669961473618836,1.271443,1.2368809529019213,0.1915147551962544
2033,214,12,235,109.41313710545137,19.77407490643752,1.271443,1.5198305396790612,0.34203190823421176
2034,179,12,235,119.69120188754795,19.344240934588278,1.271443,1.273772345831179,0.21493035763194665
2035,165,12,235,114.5260888995573,23.31509265501877,1.271443,1.467455963497612,0.31854854600437404
2036,180,13,235,119.97281606003715,19.449486824612162,1.271443,1.2708570636008918,0.21312944733016292
2037,214,13,235,109.29121899351864,20.03122224912934,1.271443,1.5292638534932526,0.34609060580636275
2038,179,13,235,120.16075029102487,19.58014987042519,1.271443,1.2701183279865522,0.2126717818604789
2039,165,13,235,114.2606380681306,23.73292442350315,1.271443,1.4836636358430597,0.3259927817589385
2040,180,14,235,121.24504125760159,19.46038337916717,1.271443,1.2494738673795143,0.1996631333336556
2041,214,14,235,110.3293255026865,19.907665739376505,1.271443,1.4970435811723377,0.33201677454379913
2042,179,14,235,119.81620847680351,18.700401293062125,1.271443,1.259112608333827,0.2057898607470134
2043,165,14,235,114.13820240009429,22.975621918621748,1.271443,1.4689978430103183,0.31926380643911134
2044,180,15,235,119.33688859232544,31.35363981643752,1.271443,1.5414903557347108,0.35127716091134653
2045,214,15,235,113.8704459343616,26.11530917186343,1.271443,1.5500758414314972,0.3548702758463105
2046,179,15,235,123.50403606076331,24.52195657844758,1.271443,1.311438355834033,0.2374784559629325
2047,165,15,235,111.42128158531602,22.746915109324114,1.271443,1.5336591195942073,0.34796462445671034
2048,180,8,40,121.83696734800833,14.5886426754226,1.320351,1.190240475750698,0.15983364675168782
2049,214,8,40,104.07626830768974,9.893842316762512,1.320351,1.6237166397615241,0.3841289942394934
2050,179,8,40,118.42726801423017,13.03097746047887,1.320351,1.2215673820301638,0.1813795827307811
2051,165,8,40,108.79611933522956,10.248692945362922,1.320351,1.4376565027007526,0.3044235544989919
2052,180,9,40,119.82562050195804,13.482595836850408,1.320351,1.2034709572268447,0.16907010177935858
2053,214,9,40,104.54106001609627,10.965946636240048,1.320351,1.6208679343246706,0.38304658953189374
2054,179,9,40,116.87339062403677,13.807714671680946,1.320351,1.271829011778026,0.21373078398172968
2055,165,9,40,109.54575092680237,9.709923853368856,1.320351,1.4017585305673728,0.28661036962247544
2056,180,10,40,118.66426997585872,13.402005858146541,1.320351,1.2244042248165465,0.1832762581737818
2057,214,10,40,105.56280102921298,10.577300735229857,1.320351,1.5704898866572832,0.3632560078890703
2058,179,10,40,116.13436881886811,13.833735659816272,1.320351,1.2898507728572877,0.22471651679147964
2059,165,10,40,109.7029691761471,9.907735889279026,1.320351,1.399380516972177,0.2853980830291334
2060,180,11,40,118.23167327830589,13.901789473160125,1.320351,1.243904472557258,0.1960797456221308
2061,214,11,40,104.92467359590326,10.205110753945906,1.320351,1.5915287305596528,0.37167329700145896
2062,179,11,40,115.70870343339794,13.798586559746356,1.320351,1.2994889848059878,0.23046673600754006
2063,165,11,40,110.14899444797909,10.089636989174931,1.320351,1.3868780281848343,0.27895605837175586
2064,180,12,40,118.12015492734108,13.358598809121297,1.320351,1.2347196533441795,0.19009955232222353
2065,214,12,40,104.60809057714253,9.561429306655167,1.320351,1.5954481139589343,0.37321684657070625
2066,179,12,40,114.91273960747529,11.913908523613092,1.320351,1.279141514504414,0.21822567037280752
2067,165,12,40,109.5604644815267,9.746708001381835,1.320351,1.401821209071276,0.28664226683906974
2068,180,13,40,112.36381472175309,9.332243266218033,1.320351,1.3023431910168368,0.2321532397161572
2069,214,13,40,104.52699305788813,9.912789806971873,1.320351,1.6042003687996682,0.3766364729436865
2070,179,13,40,114.53772422652655,10.935354124438826,1.320351,1.2694955650230486,0.21228555061407853
2071,165,13,40,109.26713916274568,9.833952451888734,1.320351,1.4137184556872255,0.29264557877340014
2072,180,14,40,113.57291613469286,9.92042262029625,1.320351,1.2769189832027168,0.21686495920685567
2073,214,14,40,106.50656525827631,10.396562392276547,1.320351,1.5285576342134157,0.34578848869209144
2074,179,14,40,115.11206879332651,11.071787481209261,1.320351,1.2573703202816493,0.20468935533964144
2075,165,14,40,109.15321394179182,9.457058736507706,1.320351,1.4119540279914315,0.29176164366870694
2076,180,15,40,111.11494125388813,13.789290980690966,1.320351,1.4301741595165738,0.3007844580704639
2077,214,15,40,107.48674326856785,12.488967564323456,1.320351,1.5293507762238883,0.3461277716358214
2078,179,15,40,116.58026371783372,13.26912538354746,1.320351,1.2668974398756458,0.2106701233067797
2079,165,15,40,106.6507935182767,10.779224609397449,1.320351,1.5292249231203616,0.34607395885262304
2080,180,8,242,119.7393679269754,12.87030367262112,1.3119169,1.1869040779169358,0.15747193172085136
2081,214,8,242,108.56435607571355,12.360322112722423,1.3119169,1.4705424184941525,0.31997881365162645
2082,179,8,242,119.41491607401352,13.522366111039462,1.3119169,1.205411113614956,0.17040751598758722
2083,165,8,242,114.63431011863722,17.441567846465016,1.3119169,1.4034392536099556,0.2874647068422953
2084,180,9,242,118.24401810518411,12.086886730843684,1.3119169,1.2000845336329486,0.16672536644334876
2085,214,9,242,109.00329079223943,13.298951510920093,1.3119169,1.4747453911954966,0.32191685021008687
2086,179,9,242,118.72397172387497,14.013719543588474,1.3119169,1.2285536400167356,0.1860347261790069
2087,165,9,242,115.60814097322856,15.965250881565494,1.3119169,1.3414990124688122,0.25456523582551016
2088,180,10,242,117.18313568280495,11.976077954521395,1.3119169,1.219625817352981,0.18007639247064042
2089,214,10,242,109.99180878445371,13.066593143487863,1.3119169,1.4363362078071533,0.3037841735350426
2090,179,10,242,117.84723483441957,14.204475469917433,1.3119169,1.250431012566817,0.20027575296036987
2091,165,10,242,115.77590893621692,16.07390022325326,1.3119169,1.3399267477992394,0.2536905456641951
2092,180,11,242,116.72932012195847,12.111244928507551,1.3119169,1.2320151273109734,0.18832165463534148
2093,214,11,242,109.02237797817641,13.37178544705431,1.3119169,1.475668589151618,0.32234106807483537
2094,179,11,242,117.88254556808108,14.28509511874706,1.3119169,1.2513893009204942,0.20088816544585908
2095,165,11,242,116.06726627323143,16.071375168776527,1.3119169,1.3327148844238048,0.24965196105516077
2096,180,12,242,116.60896621577145,11.669959479585907,1.3119169,1.2261929106629013,0.1844676385713382
2097,214,12,242,109.10181741025164,12.71134407867992,1.3119169,1.4588967398283395,0.3145505280122398
2098,179,12,242,119.1208967930836,14.710613593326329,1.3119169,1.2351771845878297,0.19039955362056554
2099,165,12,242,115.47532784162492,16.374879157017308,1.3119169,1.3547109084657436,0.2618351312070454
2100,180,13,242,118.37660849518282,14.510521023225275,1.3119169,1.245890615645523,0.19736131933068754
2101,214,13,242,109.10681366084742,11.990830015604514,1.3119169,1.4442894211385866,0.3076179986060805
2102,179,13,242,119.24101003466515,14.271507743882268,1.3119169,1.22374627138036,0.18283714248050692
2103,165,13,242,115.21593623305755,16.406334031793847,1.3119169,1.3620890668513224,0.2658336195946031
2104,180,14,242,119.6167275490908,14.87998479687123,1.3119169,1.2291277624221786,0.18641492725756054
2105,214,14,242,110.57496340715538,13.689803838225155,1.3119169,1.4309708612865135,0.3011737505954869
2106,179,14,242,118.92268237659864,13.748674473246842,1.3119169,1.219275840593093,0.17984104440749893
2107,165,14,242,115.15134440290706,16.047444899045175,1.3119169,1.3550163212644883,0.2620015092756894
2108,180,15,242,119.18065638276053,17.463372103305968,1.3119169,1.2952352805454943,0.22793949869953714
2109,214,15,242,114.77797086904249,17.306983837489238,1.3119169,1.3961263282453198,0.2837324389857897
2110,179,15,242,124.48833880357891,16.649021875208984,1.3119169,1.183290933046069,0.15489929646822787
2111,165,15,242,112.41130690463457,16.556881570007313,1.3119169,1.4435614914161823,0.3072688583435636
2112,180,8,174,125.7748892469463,17.009896537916475,1.2479481000000001,1.1291811052653205,0.11440246800354238
2113,214,8,174,108.65086728395251,16.65975362680524,1.2479481000000001,1.4221907996787881,0.2968594648299953
2114,179,8,174,120.69916686955267,15.664751945387726,1.2479481000000001,1.1703187080224562,0.1455319024253247
2115,165,8,174,111.69817632063629,17.709776373623914,1.2479481000000001,1.3669333516300939,0.26843543702589373
2116,180,9,174,124.65440964818193,16.588743326284344,1.2479481000000001,1.1352907252850168,0.1191683524509124
2117,214,9,174,109.08088586841146,18.275719720113585,1.2479481000000001,1.4402036250438122,0.3056537404774417
2118,179,9,174,119.8865704175455,16.823596138939035,1.2479481000000001,1.199488146087419,0.16631106087886274
2119,165,9,174,112.62163925833637,15.725579615056711,1.2479481000000001,1.3122673242652894,0.23796014614638158
2120,180,10,174,123.6196195834841,16.892415751977186,1.2479481000000001,1.1512305039953232,0.13136422590478683
2121,214,10,174,110.14123119076216,17.578167499438475,1.2479481000000001,1.4011248742340408,0.2862877403795472
2122,179,10,174,119.17668050352886,16.752893495287832,1.2479481000000001,1.2090424761538134,0.1728991993886071
2123,165,10,174,112.79873888795613,16.18714484337438,1.2479481000000001,1.3161848553305684,0.24022830383590496
2124,180,11,174,123.18641272395544,18.08696749080871,1.2479481000000001,1.174004985973022,0.14821486113945728
2125,214,11,174,109.06906562336133,18.149073836414576,1.2479481000000001,1.4381668507083485,0.3046703868139748
2126,179,11,174,118.60606285384816,17.010068591850985,1.2479481000000001,1.2220667874351758,0.18171411719750652
2127,165,11,174,113.04423094687283,16.633497822391078,1.2479481000000001,1.3185443720753727,0.24158790467854163
2128,180,12,174,123.01459469828134,16.902961801160977,1.2479481000000001,1.158628876815576,0.13691086075081968
2129,214,12,174,109.01615398747789,16.816014152676445,1.2479481000000001,1.4155532128493207,0.2935624101427224
2130,179,12,174,117.56733615176483,14.524856384279794,1.2479481000000001,1.1998388759369032,0.16655475993045943
2131,165,12,174,112.52920724054347,16.93268146701347,1.2479481000000001,1.3347580830770895,0.2508005662759155
2132,180,13,174,114.747367745991,11.128989888615049,1.2479481000000001,1.2005521431424995,0.1670499230608553
2133,214,13,174,108.87410101541796,16.848430422224126,1.2479481000000001,1.419745473004311,0.29564839683277266
2134,179,13,174,117.27412926929118,13.479045900539926,1.2479481000000001,1.1890579501001717,0.15899809600048895
2135,165,13,174,112.27081030601428,16.745413565669292,1.2479481000000001,1.337166291586225,0.2521498587780422
2136,180,14,174,116.0124267465138,11.378258749379262,1.2479481000000001,1.1807442177370655,0.15307652158861945
2137,214,14,174,110.45451269893034,17.15487405160679,1.2479481000000001,1.3860244427721966,0.27851200228482736
2138,179,14,174,118.00076663853616,13.578948309413729,1.2479481000000001,1.1789285247410632,0.1517721566541641
2139,165,14,174,112.03051885308987,16.21320429237774,1.2479481000000001,1.3333676989940808,0.2500193301859495
2140,180,15,174,117.39021080807898,22.10282242504652,1.2479481000000001,1.3317151298883518,0.2490886545053837
2141,214,15,174,111.61467682713092,19.366725930359976,1.2479481000000001,1.3993055248789827,0.28535978582198207
2142,179,15,174,121.05742590763532,17.817911635709642,1.2479481000000001,1.1982138321618183,0.16542442328862184
2143,165,15,174,109.70533222358142,17.74926809883048,1.2479481000000001,1.4148987143095946,0.2932356288923805
2144,180,8,46,122.32763510395135,20.98718440233423,1.225745,1.204983427291154,0.17011306765601253
2145,214,8,46,107.28858318653116,19.457932744770922,1.225745,1.4506953487341967,0.3106753937878485
2146,179,8,46,120.56179908257862,21.0034663132831,1.225745,1.2284992718269667,0.1859987035133959
2147,165,8,46,111.33498754464614,24.130754175073314,1.225745,1.4386441305887114,0.3049010670965673
2148,180,9,46,120.7303512504389,19.959488468926327,1.225745,1.2109712704173954,0.17421657769360474
2149,214,9,46,107.63342279981207,20.684677819578354,1.225745,1.46260474854676,0.31628828568101036
2150,179,9,46,119.38351583921637,22.67572673201248,1.225745,1.2707098566808024,0.21303829135938127
2151,165,9,46,112.34160939721077,22.355335737944134,1.225745,1.3880392014095557,0.27955925237234036
2152,180,10,46,119.64981287090319,20.69078940577629,1.225745,1.2366487930361119,0.19136297578483255
2153,214,10,46,108.70111114491486,20.260853148238947,1.225745,1.4308070180265098,0.30109372724542216
2154,179,10,46,118.4515466223606,23.017839912692153,1.225745,1.2903201439901233,0.22499853648130408
2155,165,10,46,112.4946561001645,22.911104804294855,1.225745,1.3942931720082776,0.2827907214379852
2156,180,11,46,119.16096255468513,22.633543749208453,1.225745,1.2734043479184876,0.21470348233488878
2157,214,11,46,107.42055395483202,20.290098281670435,1.225745,1.4611298411268727,0.3155981269749674
2158,179,11,46,118.15376490676475,23.159094802861013,1.225745,1.2972487818026286,0.22913783845653582
2159,165,11,46,112.77872284884167,22.926491048858114,1.225745,1.3889244554042006,0.28001843720939956
2160,180,12,46,119.03384734600618,21.418034444426734,1.225745,1.2566170306819064,0.20421259971516745
2161,214,12,46,107.5608295425395,19.765574033390763,1.225745,1.4491944840524698,0.309961491708387
2162,179,12,46,118.069647281067,20.728817731579067,1.225745,1.2606849347996185,0.20678039976820495
2163,165,12,46,112.13697309590515,23.264479192860847,1.225745,1.407420813454577,0.2894804521574073
2164,180,13,46,117.34917125378918,22.43968106742178,1.225745,1.2988015990017467,0.23005946345569975
2165,214,13,46,107.35818513372202,19.351705921050335,1.225745,1.447315084061354,0.3090654474533146
2166,179,13,46,118.35483605028327,21.185950531492583,1.225745,1.2633185700301492,0.2084340215341449
2167,165,13,46,111.87067473335857,23.548990966377303,1.225745,1.4176528475365366,0.2946086894702708
2168,180,14,46,118.60703159656435,22.57333941678094,1.225745,1.280934904178014,0.2193202037525023
2169,214,14,46,108.59461841858791,19.28228552826851,1.225745,1.417312755849296,0.29443942709682996
2170,179,14,46,118.19346358924743,20.45038772949971,1.225745,1.2545357900032312,0.20289241011017758
2171,165,14,46,111.74864159976313,22.619490005456196,1.225745,1.4044486426193483,0.28797681192886965
2172,180,15,46,116.56752479752187,22.268520174230513,1.225745,1.3090119224358239,0.2360650175445393
2173,214,15,46,110.69596948098152,22.921329076170863,1.225745,1.4315275096172166,0.301445488625367
2174,179,15,46,120.06099470657084,22.201994801673607,1.225745,1.2535039443219675,0.20223625579342736
2175,165,15,46,109.09291918638033,22.888220076983192,1.225745,1.4661227921892332,0.31792889018061904
2176,180,8,69,126.62418975882152,22.794720779793234,1.184464,1.1393584599124618,0.12231309532135201
2177,214,8,69,106.16263571451604,16.724741369937195,1.184464,1.3407181996459179,0.25413110654864024
2178,179,8,69,120.48816719660681,20.463446270458594,1.184464,1.1724884818825596,0.14711315680100356
2179,165,8,69,105.75843902944398,19.334135339362955,1.184464,1.3763608164144117,0.2734463317510576
2180,180,9,69,125.15787422331924,21.834269290938884,1.184464,1.1421431874642287,0.12445303620801973
2181,214,9,69,106.3008710839668,18.87518749905937,1.184464,1.3609252755006145,0.26520579931756255
2182,179,9,69,119.23068256074632,21.55182245998309,1.184464,1.1981902330622254,0.16540798580514954
2183,165,9,69,106.7241643352896,17.390234344182847,1.184464,1.3369123924733528,0.25200783115642195
2184,180,10,69,124.04458042002499,22.558661858393755,1.184464,1.159515504977026,0.137570825307926
2185,214,10,69,107.46373127922648,18.919732231389776,1.184464,1.3398329668732043,0.2536383081140924
2186,179,10,69,118.27733180741895,21.6973819503732,1.184464,1.210899176008579,0.1741674122727166
2187,165,10,69,106.8472672857335,17.794209064030053,1.184464,1.3388944125762987,0.2531151145251242
2188,180,11,69,123.65723827133024,24.462383225246285,1.184464,1.183226867870406,0.15485353894995746
2189,214,11,69,105.9338327147345,18.177108635870482,1.184464,1.360335235351916,0.2648870851740439
2190,179,11,69,117.64536706682401,21.484479663333424,1.184464,1.2160992310826697,0.17769868244245227
2191,165,11,69,107.07725451811315,18.111505813494542,1.184464,1.3380357715107842,0.2526358253704279
2192,180,12,69,123.48167877604367,23.10930619258276,1.184464,1.1705959336894827,0.14573426131064596
2193,214,12,69,106.08839772960937,18.34930671900635,1.184464,1.3592254498103638,0.2642868773980668
2194,179,12,69,115.45508906008506,16.835984868538844,1.184464,1.1920888055481869,0.1611363219368997
2195,165,12,69,106.53909085993085,18.346746147312597,1.184464,1.350640156606289,0.25961034468820443
2196,180,13,69,112.81763207928793,14.16135107785672,1.184464,1.2010018081362384,0.16736178644739996
2197,214,13,69,105.7301037579333,17.15764759071025,1.184464,1.353545637957653,0.2611996433981445
2198,179,13,69,115.47683627050769,16.559922897095408,1.184464,1.188858167548684,0.15885676921250594
2199,165,13,69,106.29047223914036,18.45630587783057,1.184464,1.3565346186636333,0.2628275119251046
2200,180,14,69,114.06911791086645,14.252861907108226,1.184464,1.1838979719600755,0.1553326184482028
2201,214,14,69,106.808238397187,17.815687128794263,1.184464,1.339854519496693,0.2536503139343494
2202,179,14,69,116.10590108533039,16.69584220457881,1.184464,1.1822679484151462,0.15416805357827723
2203,165,14,69,106.09895411449638,17.78233438272964,1.184464,1.3529441038051808,0.2608711644572151
2204,180,15,69,111.27279762090427,19.54424433623934,1.184464,1.2823578337513137,0.22018646146943652
2205,214,15,69,105.86993436912039,17.42122704909573,1.184464,1.3535599991230718,0.2612074820119773
2206,179,15,69,114.82667065000763,18.93538565670321,1.184464,1.2234628154273302,0.18264781945929368
2207,165,15,69,103.90228984395267,17.321169274525698,1.184464,1.391984072013955,0.2816009751080149
2208,180,8,72,117.56697049906825,12.948713919156086,1.2197850000000001,1.1541864352890334,0.13358884715225558
2209,214,8,72,111.8583685339543,21.86545944103345,1.2197850000000001,1.376064713867477,0.2732899914354568
2210,179,8,72,117.87326889211283,14.328199402456463,1.2197850000000001,1.1669677129735458,0.14307826267797596
2211,165,8,72,118.08189575287425,26.37211997657962,1.2197850000000001,1.3371957894302222,0.25216635596340087
2212,180,9,72,117.01560512219177,12.847597926868774,1.2197850000000001,1.1607230102720336,0.13846801420294552
2213,214,9,72,112.43381062925462,23.281619619757493,1.2197850000000001,1.3875344889532275,0.27929719371919043
2214,179,9,72,117.58680471921754,16.540998655129943,1.2197850000000001,1.199837202715851,0.16655359765767913
2215,165,9,72,118.96576648732453,24.237179110413894,1.2197850000000001,1.290862289756958,0.2253240272529157
2216,180,10,72,116.09126418446769,13.000689105563907,1.2197850000000001,1.1762318586783271,0.14982748288789768
2217,214,10,72,113.33436824851873,22.338087267027888,1.2197850000000001,1.3554945499241062,0.2622618806870233
2218,179,10,72,116.95678382017958,16.092499070180043,1.2197850000000001,1.2029906252941083,0.16873832682152526
2219,165,10,72,119.14569168439404,24.689392803769497,1.2197850000000001,1.2949854202141589,0.22779053386205345
2220,180,11,72,115.66398058472278,13.926296430812313,1.2197850000000001,1.194340878170911,0.16271809976774548
2221,214,11,72,112.41456158041142,23.853330392973653,1.2197850000000001,1.3971063587276558,0.28423488036322475
2222,179,11,72,117.18117708423468,17.567474863236114,1.2197850000000001,1.219836010373091,0.18021767557579596
2223,165,11,72,119.4434854236628,24.81767794849811,1.2197850000000001,1.2924685579788753,0.22628678753797238
2224,180,12,72,115.5199905493739,12.867489255589,1.2197850000000001,1.1834517740240054,0.15501415271044597
2225,214,12,72,112.58222946259318,22.933832385916844,1.2197850000000001,1.3791130645925571,0.27489628974297453
2226,179,12,72,120.38152643298521,18.841450341405217,1.2197850000000001,1.1931437712079513,0.1618780367200933
2227,165,12,72,118.94216940830711,25.41599628041144,1.2197850000000001,1.3090841804064988,0.23610718472705208
2228,180,13,72,119.26128681254441,18.288857360435383,1.2197850000000001,1.200338564412533,0.1669017145263364
2229,214,13,72,112.7829566952919,22.60771914486293,1.2197850000000001,1.3700909633538259,0.2701214541608869
2230,179,13,72,120.22585219326928,18.27193610729924,1.2197850000000001,1.1874264326358976,0.15784256395559665
2231,165,13,72,118.64321071188141,25.454639318403807,1.2197850000000001,1.3142744008347595,0.23912388511497187
2232,180,14,72,120.57299912700411,18.006100340883055,1.2197850000000001,1.17947413529328,0.1521645366548485
2233,214,14,72,114.2262872128098,23.193946190815947,1.2197850000000001,1.352767191801089,0.26077450276674063
2234,179,14,72,119.68337164207408,17.18490032835853,1.2197850000000001,1.1798716971460348,0.1524502177492031
2235,165,14,72,118.53473764751273,25.113778610977093,1.2197850000000001,1.3107497036068052,0.23707783625791531
2236,180,15,72,122.7005778516445,25.350309943853784,1.2197850000000001,1.254785876619041,0.20305127860185118
2237,214,15,72,117.69197554350416,25.705228676125618,1.2197850000000001,1.3331553760402368,0.24989988566057558
2238,179,15,72,127.64887212232405,23.289930909769396,1.2197850000000001,1.1698795414230183,0.1452111396156054
2239,165,15,72,115.74580815984223,26.669458723364244,1.2197850000000001,1.3809492283805294,0.27586041582953574
2240,180,8,172,117.56697049906825,12.948713919156086,1.308902,1.2279211840873352,0.18561548333962485
2241,214,8,172,111.8583685339543,21.86545944103345,1.308902,1.60377752496393,0.376472120082559
2242,179,8,172,117.87326889211283,14.328199402456463,1.308902,1.249520630964418,0.19969308611721792
2243,165,8,172,118.08189575287425,26.37211997657962,1.308902,1.555983490026672,0.35731965897475015
2244,180,9,172,117.01560512219177,12.847597926868774,1.308902,1.2375525276913666,0.19195349076173504
2245,214,9,172,112.43381062925462,23.281619619757493,1.308902,1.628702927367596,0.38601448846398406
2246,179,9,172,117.58680471921754,16.540998655129943,1.308902,1.304383917420019,0.23335454642991094
2247,165,9,172,118.96576648732453,24.237179110413894,1.308902,1.4716043729953834,0.320469537634938
2248,180,10,172,116.09126418446769,13.000689105563907,1.308902,1.2611076648664268,0.20704629124118648
2249,214,10,172,113.33436824851873,22.338087267027888,1.308902,1.5717036065970624,0.3637477220243028
2250,179,10,172,116.95678382017958,16.092499070180043,1.308902,1.3082377144655652,0.23561292497326067
2251,165,10,172,119.14569168439404,24.689392803769497,1.308902,1.4798579995634897,0.3242594895625339
2252,180,11,172,115.66398058472278,13.926296430812313,1.308902,1.2902769930177516,0.22497261796386844
2253,214,11,172,112.41456158041142,23.853330392973653,1.308902,1.6471097036337827,0.39287589782645144
2254,179,11,172,117.18117708423468,17.567474863236114,1.308902,1.337971519690579,0.252599935586625
2255,165,11,172,119.4434854236628,24.81767794849811,1.308902,1.4760862398393393,0.32253280803644485
2256,180,12,172,115.5199905493739,12.867489255589,1.308902,1.271727991707745,0.21366832646567294
2257,214,12,172,112.58222946259318,22.933832385916844,1.308902,1.6132339176774733,0.3801270918977011
2258,179,12,172,120.38152643298521,18.841450341405217,1.308902,1.2991789175863226,0.23028307613100102
2259,165,12,172,118.94216940830711,25.41599628041144,1.308902,1.5056431126793737,0.33583198330416714
2260,180,13,172,119.26128681254441,18.288857360435383,1.308902,1.309195742486515,0.23617227924929632
2261,214,13,172,112.7829566952919,22.60771914486293,1.308902,1.5969247722832225,0.3737964258828311
2262,179,13,172,120.22585219326928,18.27193610729924,1.308902,1.2889483196785247,0.22417370445898951
2263,165,13,172,118.64321071188141,25.454639318403807,1.308902,1.5144370138843062,0.33968861640858317
2264,180,14,172,120.57299912700411,18.006100340883055,1.308902,1.2759658294051945,0.2162799528368554
2265,214,14,172,114.2262872128098,23.193946190815947,1.308902,1.57049552752137,0.36325829492921435
2266,179,14,172,119.68337164207408,17.18490032835853,1.308902,1.2748644085308016,0.21560285681483962
2267,165,14,172,118.53473764751273,25.113778610977093,1.308902,1.5074352892699852,0.3366216068324392
2268,180,15,172,122.7005778516445,25.350309943853784,1.308902,1.4152213337788895,0.29339674570208435
2269,214,15,172,117.69197554350416,25.705228676125618,1.308902,1.5468971199145276,0.3535445976812898
2270,179,15,172,127.64887212232405,23.289930909769396,1.308902,1.2716925485580957,0.21364641073516813
2271,165,15,172,115.74580815984223,26.669458723364244,1.308902,1.6311016632288196,0.3869174297692352
2272,180,8,16,118.54059645753141,19.464265188954982,1.367695,1.4535088849294429,0.3120097094910138
2273,214,8,16,106.44116667981869,13.121450185953787,1.367695,1.6974352715358982,0.4108759157012418
2274,179,8,16,119.00182971396569,18.595893466137323,1.367695,1.4105442318505446,0.29105378093102163
2275,165,8,16,115.42832400420228,22.767227630122665,1.367695,1.6852625276980775,0.4066206400697028
2276,180,9,16,116.6902081730649,17.56031273691369,1.367695,1.4431431537197148,0.30706804974787794
2277,214,9,16,107.03521730602105,14.260534691333635,1.367695,1.70441078266294,0.41328697860170865
2278,179,9,16,117.98334603623171,19.458669831009626,1.367695,1.4698951312023394,0.31967935754571575
2279,165,9,16,116.5389777528957,20.51826469498312,1.367695,1.5551357820877474,0.3569693325057993
2280,180,10,16,115.61582084556979,18.05071169820557,1.367695,1.494326619543549,0.3308022577383678
2281,214,10,16,107.95675039752925,13.724660757885212,1.367695,1.6441076227195985,0.39176731122634706
2282,179,10,16,117.14662436922342,19.78919880724674,1.367695,1.507832751538696,0.3367964723013667
2283,165,10,16,116.7138205051615,21.402272546153352,1.367695,1.5836464808170294,0.36854593994735274
2284,180,11,16,115.22448000809206,19.219795655328188,1.367695,1.5503938495540985,0.3550026012502531
2285,214,11,16,107.45367365540903,14.644780076071168,1.367695,1.6973086530532653,0.4108319673024033
2286,179,11,16,117.17767404340512,19.471650562665445,1.367695,1.4952181603525025,0.33120127449211373
2287,165,11,16,116.901343620745,20.818248299372964,1.367695,1.5545924013650594,0.35674457232524864
2288,180,12,16,115.09354005873325,18.683168980763433,1.367695,1.5348510529059243,0.34847098152833395
2289,214,12,16,107.3041938692715,12.718417423112072,1.367695,1.644275305354833,0.39182933858864893
2290,179,12,16,118.11154942795027,19.80121305422553,1.367695,1.4782877288490757,0.3235417026842587
2291,165,12,16,116.27413455539649,22.053998078552993,1.367695,1.62497490601623,0.3846058814215238
2292,180,13,16,116.11880989353881,21.967412870731657,1.367695,1.6269594321985061,0.385356524440992
2293,214,13,16,107.52993720328244,12.416024083470505,1.367695,1.6252225943357594,0.3846996691498081
2294,179,13,16,118.01395682536914,19.018865793501067,1.367695,1.4534487361403332,0.31198123804798017
2295,165,13,16,115.95849903875825,21.907935714900056,1.367695,1.6302497969728318,0.3865970712851038
2296,180,14,16,117.30188508736929,22.763251380814676,1.367695,1.6179378182545407,0.38192927520612796
2297,214,14,16,109.33617199413193,14.040092312104345,1.367695,1.592921723302593,0.3722227618776475
2298,179,14,16,118.00397956045099,18.861251823726473,1.367695,1.4482497959030074,0.3095113820634211
2299,165,14,16,115.79738451414823,20.62287481880042,1.367695,1.5845355528710612,0.3689002444987277
2300,180,15,16,119.9667366122794,17.613786548294815,1.367695,1.353131588042501,0.2609735750484966
2301,214,15,16,115.4896679308908,20.297362639943916,1.367695,1.5825465912257108,0.3681070715109361
2302,179,15,16,125.26024637687101,19.015553060360165,1.367695,1.2761626278422507,0.2164008111640045
2303,165,15,16,113.07551119852084,20.955475923780902,1.367695,1.6997073331320223,0.4116634196327689
2304,180,8,182,125.27813897505345,18.098463903706367,1.2730581,1.1687082305676615,0.14435444720511384
2305,214,8,182,109.95926941329961,20.514667483267317,1.2730581,1.5256826454767363,0.34455569579640466
2306,179,8,182,120.88241242129948,17.01022867146347,1.2730581,1.211919482155486,0.17486267468740738
2307,165,8,182,112.41891399123296,20.44770044312713,1.2730581,1.4574961868754988,0.31389185851405504
2308,180,9,182,123.82618669659165,17.400903179396902,1.2730581,1.1759148625368596,0.14959829843237948
2309,214,9,182,110.2787305334327,21.82195560119463,1.2730581,1.547753927530561,0.3539024632969283
2310,179,9,182,120.23321527616486,19.08635236769491,1.2730581,1.2613308154030745,0.2071865780267668
2311,165,9,182,113.30045147333223,18.314903219214788,1.2730581,1.3882849115044522,0.2796867619080271
2312,180,10,182,122.85451562180006,18.088937372573362,1.2730581,1.201237544112204,0.16752518691957155
2313,214,10,182,111.34742127961059,20.94125201481801,1.2730581,1.4971786172323747,0.3320770224139585
2314,179,10,182,119.41308173094843,18.73964695409386,1.2730581,1.2690175046835044,0.21198880526915814
2315,165,10,182,113.42454912736324,18.5394525003639,1.2730581,1.390100239943524,0.28062741717055795
2316,180,11,182,122.46137677365209,19.86750160075768,1.2730581,1.2395644097075331,0.19326499521235588
2317,214,11,182,110.1654461121686,21.630398539860312,1.2730581,1.54636498304508,0.3533221387160396
2318,179,11,182,119.07392830743755,19.433581424767482,1.2730581,1.28893626718595,0.22416644991824577
2319,165,11,182,113.72091589076224,18.7720357226029,1.2730581,1.3880068451081455,0.2795424579321252
2320,180,12,182,122.28620329234018,18.230620695587678,1.2730581,1.2121539476322938,0.17502228000551837
2321,214,12,182,110.19197048220484,21.014784918037652,1.2730581,1.5308942417721754,0.3467870132933598
2322,179,12,182,118.90057099643519,16.88808375873505,1.2730581,1.2428052548690245,0.19536870633413359
2323,165,12,182,113.21484467946061,19.734989557465564,1.2730581,1.4213642873371746,0.2964505940462109
2324,180,13,182,118.17965908115102,16.61786253229956,1.2730581,1.250728957035819,0.20046626059577077
2325,214,13,182,110.03526625633721,20.27724514693724,1.2730581,1.517954091874287,0.3412185484705572
2326,179,13,182,118.93368119238582,16.622458908585294,1.2730581,1.2373052485978284,0.1917920002899476
2327,165,13,182,112.93065807854498,19.46338692665383,1.2730581,1.4223613924729355,0.2969437969197214
2328,180,14,182,119.43488451119993,15.71928450266028,1.2730581,1.2124549141619951,0.17522706343999295
2329,214,14,182,111.47200084628494,20.47237982141837,1.2730581,1.482906388560052,0.3256485994567527
2330,179,14,182,119.21343728297266,16.372206302115497,1.2730581,1.22787942588304,0.18558778743210771
2331,165,14,182,112.81247602056456,18.845420725201045,1.2730581,1.4116962715097479,0.2916323290061938
2332,180,15,182,114.33900823608886,18.915576597136816,1.2730581,1.3765750190513515,0.2735593874940889
2333,214,15,182,110.62073090420533,18.575575685517684,1.2730581,1.4629001214697614,0.3164263333334679
2334,179,15,182,119.97939084682417,17.200101448043693,1.2730581,1.230029138319006,0.1870111293732201
2335,165,15,182,110.16908491137455,19.8923741341917,1.2730581,1.5052283708244774,0.3356489823187045
2336,180,8,61,122.43357098364034,18.81784964356471,1.263882,1.211051048576984,0.17427097629367025
2337,214,8,61,110.86744391011881,22.37752885383676,1.263882,1.5188074995414975,0.34158871331496377
2338,179,8,61,120.15219421447087,18.48552445726932,1.263882,1.240375031055191,0.19379222012450803
2339,165,8,61,115.665955656253,23.227042117948564,1.263882,1.421325050921418,0.29643117219968856
2340,180,9,61,121.4674793901352,18.632861206063165,1.263882,1.2222184194430785,0.1818156361481899
2341,214,9,61,111.2456990074915,23.048531542420918,1.263882,1.5240583291406997,0.3438571340220136
2342,179,9,61,119.70447897093737,21.12435411198874,1.263882,1.2975770879344177,0.2293328779472545
2343,165,9,61,116.48730311855877,21.395453688067406,1.263882,1.3649113773562587,0.2673517001983436
2344,180,10,61,120.44940427623258,19.136907295334172,1.263882,1.2473391066401196,0.1982933953753456
2345,214,10,61,112.27573652269,22.384838360502073,1.263882,1.4826450330908842,0.325529727155737
2346,179,10,61,118.9485496024816,20.70755000499067,1.263882,1.3030550817421285,0.23257273310116475
2347,165,10,61,116.66105626668504,21.782509810835226,1.263882,1.3693548493580783,0.26972909872939305
2348,180,11,61,120.06865936835011,21.0849160019654,1.263882,1.2904002287118408,0.2250466345637095
2349,214,11,61,111.21480268194615,22.965787172117608,1.263882,1.5229872570588199,0.34339568806951704
2350,179,11,61,118.83068182690266,21.55800652368798,1.263882,1.3220605434694206,0.24360498848581658
2351,165,11,61,117.0834503942495,21.531470902307365,1.263882,1.3555107942841083,0.26227072169636667
2352,180,12,61,119.91563554436931,19.577758455210027,1.263882,1.2643792822590265,0.20909808153979587
2353,214,12,61,111.31249766990217,21.738660912642636,1.263882,1.4927876531259043,0.33011235864257366
2354,179,12,61,119.97544376239082,20.239194233428666,1.263882,1.275816464559119,0.21618819965176753
2355,165,12,61,116.50085497867825,22.04403393412247,1.263882,1.378156649085407,0.2743930810306397
2356,180,13,61,119.12296011781596,20.817644956236844,1.263882,1.3020339899432232,0.23197089498131593
2357,214,13,61,111.34285346746174,21.158764585796646,1.263882,1.4791448457264298,0.3239336885165663
2358,179,13,61,119.84614653214199,19.854229702191496,1.263882,1.2707549013210646,0.2130661869095216
2359,165,13,61,116.2291468624832,22.527264186785033,1.263882,1.3940993477691495,0.28269100649088663
2360,180,14,61,120.40500974565812,20.612791306158293,1.263882,1.2755700757655524,0.21603679876243953
2361,214,14,61,112.64270179559874,21.814012005589607,1.263882,1.4608827583178026,0.31548237234896676
2362,179,14,61,119.9032801860545,19.07574463332241,1.263882,1.2552671282177104,0.20335681742909265
2363,165,14,61,116.04420307698383,21.672337573235982,1.263882,1.3799862379577723,0.2753550923233192
2364,180,15,61,118.04709055451775,24.470561553312255,1.263882,1.3974472294276414,0.28440947254260585
2365,214,15,61,114.01984875033156,22.248120278731548,1.263882,1.43741412201328,0.3043062645026934
2366,179,15,61,123.66607855229573,21.438953783088163,1.263882,1.239270932318351,0.19307394862456578
2367,165,15,61,113.50514017165347,22.243372306549205,1.263882,1.4494480768535913,0.31008221959163706
2368,180,8,184,124.88435284201896,21.947022404231664,1.0868120000000001,1.0610651244935676,0.057550779008699565
2369,214,8,184,109.38796610741382,17.246256123390957,1.0868120000000001,1.1225669767775828,0.10918455585556326
2370,179,8,184,121.79096929285988,19.48057464126068,1.0868120000000001,1.0634834132829722,0.05969384429513481
2371,165,8,184,111.240778462855,18.553242912403242,1.0868120000000001,1.1149597302670213,0.10310662093552891
2372,180,9,184,123.48060546590402,20.92223959353153,1.0868120000000001,1.0623999117437852,0.05873486156579611
2373,214,9,184,109.54729637626254,18.053779484887844,1.0868120000000001,1.124399400745371,0.11063631007176447
2374,179,9,184,120.69926737580191,20.91742879656356,1.0868120000000001,1.0737414811888673,0.06867712804316665
2375,165,9,184,112.00155100467269,16.56884013646703,1.0868120000000001,1.102514325210964,0.09298230677533194
2376,180,10,184,122.37812795106416,21.620851344150964,1.0868120000000001,1.0694434240803938,0.06493417278254593
2377,214,10,184,110.72949170486186,17.67574322539416,1.0868120000000001,1.1149842380162975,0.10312633497032164
2378,179,10,184,119.65697276882021,21.64166866606482,1.0868120000000001,1.0812610425122422,0.07515395387171007
2379,165,10,184,112.13272777171892,16.79302125719232,1.0868120000000001,1.1025269166670673,0.09299266540993444
2380,180,11,184,121.93784961862985,23.380201308669125,1.0868120000000001,1.078085842123393,0.0724300784523758
2381,214,11,184,109.12426903922959,17.382608312366717,1.0868120000000001,1.1249150574177065,0.11104399091648276
2382,179,11,184,119.52223130336874,20.676591987929218,1.0868120000000001,1.0780391541282526,0.07238990701720689
2383,165,11,184,112.44297957514866,16.81513465411829,1.0868120000000001,1.1006525090938144,0.09144803492673932
2384,180,12,184,121.77936862067695,22.24490709560875,1.0868120000000001,1.0743419421045681,0.06919765410902319
2385,214,12,184,109.42249451183959,16.300834709874966,1.0868120000000001,1.1189505420467039,0.10630545102478621
2386,179,12,184,119.33606592968204,19.91415934545467,1.0868120000000001,1.0758515822639352,0.07050376047625383
2387,165,12,184,112.03255510717887,17.581322403702153,1.0868120000000001,1.1061725101013826,0.09598187365156248
2388,180,13,184,119.54797841326273,22.656636839176205,1.0868120000000001,1.0857792252980254,0.07900245583947386
2389,214,13,184,109.04796196255901,15.624156751232642,1.0868120000000001,1.1192961880075434,0.10658142972853527
2390,179,13,184,119.67691882062647,19.57458522117475,1.0868120000000001,1.0729425391815113,0.06798363986682374
2391,165,13,184,111.77068602983923,17.576375375058547,1.0868120000000001,1.10781930024304,0.09732571026645415
2392,180,14,184,120.81272693122742,22.720111084855017,1.0868120000000001,1.080342557845945,0.07436766909019761
2393,214,14,184,110.05966514313269,16.106215156331697,1.0868120000000001,1.113781151744347,0.10215754824558558
2394,179,14,184,119.4348925800579,19.242548225859288,1.0868120000000001,1.0727173267870502,0.06778796703587288
2395,165,14,184,111.60584762291745,16.847160176859102,1.0868120000000001,1.1061146199659357,0.09593456053334118
2396,180,15,184,114.10312794008483,14.488788148739637,1.0868120000000001,1.0816409790204013,0.0754788146935227
2397,214,15,184,109.94060470331247,16.985241720623968,1.0868120000000001,1.1177753340209962,0.105365837334521
2398,179,15,184,119.24172507102338,16.63399994861844,1.0868120000000001,1.063218092946556,0.059459195969244795
2399,165,15,184,108.93269762091201,17.652882892168158,1.0868120000000001,1.1272426151731683,0.1128795287371398
2400,180,8,226,120.30968336085493,16.462600440591444,1.3051979999999999,1.2429433651190807,0.1954581133274768
2401,214,8,226,105.58028854948171,13.098525096053033,1.3051979999999999,1.5824758205306229,0.36807881231026446
2402,179,8,226,118.89206100810303,16.961257957197947,1.3051979999999999,1.2815099713271796,0.21967052744477467
2403,165,8,226,109.36567181363695,21.19615608819997,1.3051979999999999,1.65587790696567,0.3960907408732447
2404,180,9,226,118.54615894211831,14.923537130860947,1.3051979999999999,1.2445484163426483,0.19649570328593743
2405,214,9,226,105.919755407975,15.07039298458835,1.3051979999999999,1.6128071128345856,0.37996305197188013
2406,179,9,226,117.82776414514828,17.543498993341572,1.3051979999999999,1.3175226827342381,0.24099978459216148
2407,165,9,226,110.34379928615702,19.043677168455797,1.3051979999999999,1.5602328143815327,0.35907001135827654
2408,180,10,226,117.46675498143878,15.371892149848911,1.3051979999999999,1.2763958994835818,0.21654402023338454
2409,214,10,226,106.94378071821113,14.739191579063817,1.3051979999999999,1.5664048872437697,0.36159545457012077
2410,179,10,226,116.92214445613185,18.0582233525909,1.3051979999999999,1.3504490305403531,0.259505558977023
2411,165,10,226,110.54047512927895,19.51322031181892,1.3051979999999999,1.5670518809988827,0.36185903471008757
2412,180,11,226,117.0288594760421,16.14407758945787,1.3051979999999999,1.3030756283165137,0.23258483370460015
2413,214,11,226,105.79996025029953,15.280460620543622,1.3051979999999999,1.6224693083141644,0.38365552132443387
2414,179,11,226,116.57643966858147,17.68799947638495,1.3051979999999999,1.349611140905954,0.25904583202482334
2415,165,11,226,110.7167537815615,19.612067989804288,1.3051979999999999,1.5641398655856342,0.36067098473601844
2416,180,12,226,116.90453176167922,15.299667435682304,1.3051979999999999,1.287115698814229,0.22306906758944653
2417,214,12,226,105.8880572020416,15.312054565512264,1.3051979999999999,1.6198256728927287,0.38264961672438935
2418,179,12,226,116.80178844940143,16.719561778930853,1.3051979999999999,1.3213969894108513,0.24322515639614636
2419,165,12,226,110.19114952115476,20.261510834557164,1.3051979999999999,1.6000595776805007,0.3750232716649007
2420,180,13,226,116.51444040205726,17.15556136369742,1.3051979999999999,1.3383128082018834,0.25279053307158456
2421,214,13,226,105.73500650104904,15.229036849975754,1.3051979999999999,1.6237496790733439,0.3841415256995222
2422,179,13,226,117.06112096892794,16.77753233777473,1.3051979999999999,1.3168231841723819,0.24059660247514852
2423,165,13,226,109.92408810201742,20.2487855669702,1.3051979999999999,1.608629561172844,0.37835283887801685
2424,180,14,226,117.75881693388025,17.25644954753889,1.3051979999999999,1.3123416118294933,0.2380032828449811
2425,214,14,226,107.04565325920014,15.673290822844608,1.3051979999999999,1.5849960532199734,0.36908360246798977
2426,179,14,226,116.947368686538,16.545169695693804,1.3051979999999999,1.3140459615951254,0.23899161123245935
2427,165,14,226,109.74766134545155,19.593825487112753,1.3051979999999999,1.5955994044706097,0.37327627649009965
2428,180,15,226,112.4643332334601,17.42859364834163,1.3051979999999999,1.4514650084815084,0.31104091786120386
2429,214,15,226,108.3243654640138,18.57188273523882,1.3051979999999999,1.6157099966097141,0.38107704841937867
2430,179,15,226,117.4887498573476,18.34370942545322,1.3051979999999999,1.3442668110592357,0.2561000600676628
2431,165,15,226,107.13720477524109,19.373170014658015,1.3051979999999999,1.6819888552188595,0.4054657396229415
2432,180,8,28,123.02920581347087,15.197744185038369,1.199862,1.104792337762743,0.09485252040664272
2433,214,8,28,102.90156950631118,9.477426758870031,1.199862,1.3880970486908928,0.27958927587729193
2434,179,8,28,120.38198411944208,14.352257718980848,1.199862,1.1215827862492143,0.10840286400597336
2435,165,8,28,107.421839125279,10.861296136495836,1.199862,1.2908129039476504,0.22529438856573783
2436,180,9,28,120.45830640949194,13.366887011805344,1.199862,1.1104879702623316,0.09949497267965084
2437,214,9,28,103.22813011519754,10.206881373890326,1.199862,1.3840810876865643,0.2774989782777398
2438,179,9,28,118.72866074467724,14.563884230933958,1.199862,1.142178284959037,0.12447994050607959
2439,165,9,28,108.40996139005563,9.883187979497475,1.199862,1.262507553682035,0.2079255311514342
2440,180,10,28,119.25730902637926,13.366364336225615,1.199862,1.123272168485736,0.10974381093401181
2441,214,10,28,104.30079812929468,11.161879521638726,1.199862,1.3642070902296126,0.26697346234163916
2442,179,10,28,117.61854725647272,14.65076434059491,1.199862,1.156581332471764,0.13538289792135016
2443,165,10,28,108.56436767187493,9.811915263764124,1.199862,1.2587405932702758,0.2055551355486628
2444,180,11,28,118.65165646201494,13.773638833834553,1.199862,1.1344904224402668,0.11854698795163074
2445,214,11,28,103.3839824205263,11.456078556107856,1.199862,1.3884313030914899,0.279762709344428
2446,179,11,28,117.23717278555517,14.20197617212899,1.199862,1.1564194291141974,0.13526184805975863
2447,165,11,28,108.83156128012578,9.661319175222497,1.199862,1.2520722062386442,0.20132401708356382
2448,180,12,28,118.61992819286057,13.171540457835604,1.199862,1.128440435511419,0.11382119203589927
2449,214,12,28,103.247490690513,10.644972561069373,1.199862,1.3863199541655664,0.27866579645251843
2450,179,12,28,115.38971031442925,12.180067909516465,1.199862,1.1595474056236572,0.13759455184830963
2451,165,12,28,108.16838734675116,10.24582590414287,1.199862,1.270215709802934,0.2127321428301783
2452,180,13,28,114.83483803798771,10.95273657740349,1.199862,1.1552231277057798,0.13436636090730442
2453,214,13,28,103.09547439160762,10.530848364301598,1.199862,1.3893553967961967,0.2802417564965999
2454,179,13,28,115.81928900623451,11.904222861460832,1.199862,1.1506553754911713,0.13093005838247804
2455,165,13,28,107.89767850593002,10.185721191857242,1.199862,1.2755861346621686,0.21604666840875938
2456,180,14,28,116.00146180996752,11.179478214217951,1.199862,1.140782157879941,0.1234084499897634
2457,214,14,28,104.6963730781792,10.033913003421324,1.199862,1.3474079722867034,0.25783428585264556
2458,179,14,28,116.29401819003469,11.877239837152331,1.199862,1.1438938792587414,0.1257930319130535
2459,165,14,28,107.7859938241258,9.56344382079951,1.199862,1.27381902305588,0.21495912535439346
2460,180,15,28,109.79878435087473,11.45160373132634,1.199862,1.2466750168773784,0.19786633528218128
2461,214,15,28,105.56219291473275,11.325004846788067,1.199862,1.335830246048449,0.2514018881080709
2462,179,15,28,114.4928938621136,10.916421167608817,1.199862,1.1600148141459716,0.13794204366586305
2463,165,15,28,104.8673616136292,10.960495949508177,1.199862,1.3493670424464315,0.25891179453517815
2464,180,8,175,122.60269050709454,13.227776332292741,1.1899629999999999,1.0840705178697223,0.07755078335210795
2465,214,8,175,107.6070630888913,11.604437577528282,1.1899629999999999,1.2765115722162519,0.2166150141014221
2466,179,8,175,119.70141417679989,12.91549247144346,1.1899629999999999,1.1075534515393486,0.09710903919794023
2467,165,8,175,110.9994664105284,13.766499548061246,1.1899629999999999,1.2331284551655894,0.1890544770003576
2468,180,9,175,121.41754694189251,12.729600110076488,1.1899629999999999,1.089554850978997,0.08219398123786911
2469,214,9,175,107.97700697177093,12.865114980656664,1.1899629999999999,1.279532197898738,0.21846437186792864
2470,179,9,175,118.7106073398673,13.132734679959919,1.1899629999999999,1.1200492573839933,0.10718212310089152
2471,165,9,175,111.81519036149199,12.556408438304576,1.1899629999999999,1.2078781622920967,0.1721019294674741
2472,180,10,175,120.35458355403956,12.753161053932724,1.1899629999999999,1.0995687562401137,0.0905525513298332
2473,214,10,175,109.01251360908608,12.105593712436649,1.1899629999999999,1.253218558522913,0.20205458720733052
2474,179,10,175,117.97003979919047,13.354869138175799,1.1899629999999999,1.1305046975339839,0.11543932353280716
2475,165,10,175,111.97841017420967,12.743258624630766,1.1899629999999999,1.2069833663361378,0.17148816803039035
2476,180,11,175,119.9125232761,12.944232934452147,1.1899629999999999,1.105716424357804,0.09560898439145792
2477,214,11,175,107.79891127815834,12.515942260961861,1.1899629999999999,1.2800218935845797,0.21876336255499898
2478,179,11,175,117.60812504450364,13.349955632520194,1.1899629999999999,1.1346391849254878,0.11866255521073828
2479,165,11,175,112.2390486503164,12.7038934400665,1.1899629999999999,1.2024022062794064,0.16833153267881937
2480,180,12,175,119.77788480502409,12.554497254655809,1.1899629999999999,1.1033149468719499,0.0936404851260848
2481,214,12,175,107.89406449345961,12.461706510076558,1.1899629999999999,1.2776989852892375,0.21734304283443864
2482,179,12,175,117.18778268225111,12.12146817907161,1.1899629999999999,1.1274773870465158,0.11306425167466043
2483,165,12,175,111.76154491356473,12.884599295176542,1.1899629999999999,1.2118718761649983,0.174830260799081
2484,180,13,175,115.40120101346305,10.080807211895543,1.1899629999999999,1.1312109853314218,0.11599161167355503
2485,214,13,175,107.7100505562723,12.082513275237252,1.1899629999999999,1.2782081473827,0.21765480681090008
2486,179,13,175,117.18282608857207,11.950724663208883,1.1899629999999999,1.1258847796125036,0.11180964685909459
2487,165,13,175,111.48018424125897,12.950892370429514,1.1899629999999999,1.217148943430396,0.1784078642161791
2488,180,14,175,116.66338127263825,10.569115018412676,1.1899629999999999,1.1191777697242755,0.106486898639558
2489,214,14,175,109.05257739760371,13.347976662155698,1.1899629999999999,1.2635013714539094,0.20854854407534099
2490,179,14,175,117.39331392348397,12.007057711335685,1.1899629999999999,1.123930562062402,0.11026531909141311
2491,165,14,175,111.38452107854856,12.47803007410162,1.1899629999999999,1.2142932542468672,0.17647570181041386
2492,180,15,175,116.24578624076842,15.07648160319909,1.1899629999999999,1.16919978312886,0.14471417594354122
2493,214,15,175,110.49715902214291,14.333723480897156,1.1899629999999999,1.2473517491618737,0.19830152106498866
2494,179,15,175,119.84536462032527,14.48507960277845,1.1899629999999999,1.1215724765010766,0.10839466824323404
2495,165,15,175,108.8770779231429,12.766667250793486,1.1899629999999999,1.2614860342391758,0.2072841293061818
2496,180,8,131,121.35177842348399,14.514766432130727,1.250008,1.146591795072639,0.1278500297164189
2497,214,8,131,109.63633080803604,15.64198408284562,1.250008,1.3838680839204434,0.27738777155186667
2498,179,8,131,119.08087820605199,14.244296109486426,1.250008,1.1739608522468283,0.14818283924364847
2499,165,8,131,109.2360832101645,10.866918837550473,1.250008,1.3248739921780817,0.24521123827330293
2500,180,9,131,120.12846217318771,13.93612503175679,1.250008,1.1545500361459085,0.13386170482643067
2501,214,9,131,109.66298340531338,16.0886208814115,1.250008,1.39080040834711,0.2809895697482249
2502,179,9,131,118.60376572315003,16.170081105013903,1.250008,1.2108202690047332,0.17411359423147305
2503,165,9,131,110.26803073519476,10.058655381635981,1.250008,1.288943666281979,0.2241709035395249
2504,180,10,131,119.07074585110179,14.28420875734791,1.250008,1.1747008188739663,0.14871941524773036
2505,214,10,131,110.78821652027135,15.505887273659539,1.250008,1.3534787589523183,0.2611631372966164
2506,179,10,131,117.67103620232014,16.121421428669144,1.250008,1.2252031921939763,0.1838088519755683
2507,165,10,131,110.3935023755351,10.34651510425665,1.250008,1.289045966760596,0.22423247441437297
2508,180,11,131,118.68492596285319,15.364719877863934,1.250008,1.1969057645833372,0.16451233706931254
2509,214,11,131,108.96598911898681,16.28405392368595,1.250008,1.4118734017378516,0.2917211991038881
2510,179,11,131,117.45675748280114,16.238112598417384,1.250008,1.2306971043423096,0.1874523824979626
2511,165,11,131,110.63445496473281,10.587989527940584,1.250008,1.2858844794873525,0.22232516532225893
2512,180,12,131,118.5208911060043,14.279130860330579,1.250008,1.1829293247850146,0.15464095863737262
2513,214,12,131,109.43779397136358,14.491738567813048,1.250008,1.370081170238323,0.270116237108746
2514,179,12,131,118.41473090348661,15.654644557757631,1.250008,1.2056639746828455,0.17058150446681977
2515,165,12,131,110.02223885974875,11.263627031254726,1.250008,1.3094334905151486,0.23631096405928437
2516,180,13,131,120.7924366690073,17.63600866685308,1.250008,1.2011608731273717,0.16747204943799443
2517,214,13,131,108.9696595496786,13.916346495882722,1.250008,1.3731496699095236,0.27174726694877355
2518,179,13,131,119.15495534183212,15.556875555526176,1.250008,1.1926731816499765,0.16154734139609575
2519,165,13,131,109.6825763247256,10.554532312825646,1.250008,1.3095730939244485,0.23639237501187416
2520,180,14,131,122.09092573722043,16.965106551751333,1.250008,1.1729003467796166,0.14741264869973128
2521,214,14,131,109.59783496940614,12.904724622455696,1.250008,1.342153860251254,0.2549289395086209
2522,179,14,131,118.61119602158753,14.342726502971605,1.250008,1.1824946918900476,0.15433024193821634
2523,165,14,131,109.65636190152628,10.030820594072733,1.250008,1.3043875000080514,0.23335665207323172
2524,180,15,131,111.66503905339776,10.13587990704935,1.250008,1.2556584702657665,0.20360510148245572
2525,214,15,131,107.68846773200548,9.929427694673437,1.250008,1.3570799757767962,0.26312375257943266
2526,179,15,131,116.79905433731591,12.113121323369825,1.250008,1.1790567037464965,0.1518643702016512
2527,165,15,131,107.0858501675185,12.858510152102063,1.250008,1.4088809795402555,0.2902168355439656
2528,180,8,43,123.12237146851855,17.534685381839793,1.368498,1.2786389862485483,0.21791841891670982
2529,214,8,43,106.99804757978939,12.503389199720157,1.368498,1.6544961373855736,0.3955863798024969
2530,179,8,43,120.19920477697679,16.39019234230292,1.368498,1.3114635886911528,0.23749312705051537
2531,165,8,43,112.18587061728076,19.68115557922832,1.368498,1.6847911120483723,0.40645460861661475
2532,180,9,43,121.68541718235889,16.532833710741354,1.368498,1.2813131619420153,0.21955066903054715
2533,214,9,43,107.49803668179862,14.006071102578998,1.368498,1.6761884813919417,0.40340838091812964
2534,179,9,43,118.99502893555461,16.8421347892141,1.368498,1.3554074078183689,0.2622144498903279
2535,165,9,43,113.01080692153099,17.681481950775304,1.368498,1.5741725240224071,0.36474561413081447
2536,180,10,43,120.59507363532339,16.82412376500049,1.368498,1.3147053953846743,0.23937332005288803
2537,214,10,43,108.52996036875223,13.712014825680956,1.368498,1.6196240493504361,0.382572764092347
2538,179,10,43,118.24296684401311,17.088539078771895,1.368498,1.383507934151971,0.27719966375692984
2539,165,10,43,113.18834389206444,18.173287170070328,1.368498,1.5859741836527022,0.3694727125400796
2540,180,11,43,120.16727839789634,17.73636407922955,1.368498,1.352939192669021,0.2608684814376303
2541,214,11,43,107.71692383652095,14.488173531672654,1.368498,1.6817422437155396,0.4053785568288631
2542,179,11,43,117.87775849495007,16.823262618921785,1.368498,1.3852498463516802,0.27810856457866373
2543,165,11,43,113.49152157730127,18.226256318972563,1.368498,1.5766764048193067,0.3657544459069875
2544,180,12,43,120.0099542077487,16.85267684402797,1.368498,1.3297879609867187,0.24800041108960863
2545,214,12,43,107.58951649628324,13.057313241715429,1.368498,1.6426019645898995,0.3912097869372358
2546,179,12,43,117.02690701723556,15.17808321519033,1.368498,1.3584304891140395,0.2638563341932982
2547,165,12,43,112.99989207320198,18.33156669871048,1.368498,1.599125145042386,0.3746580728217526
2548,180,13,43,114.1740514858605,12.090491460223474,1.368498,1.3571640613355893,0.2631694070826655
2549,214,13,43,107.59479261468421,13.50727473091271,1.368498,1.6564273378052412,0.39629105534747117
2550,179,13,43,116.78764832473186,14.411577027720748,1.368498,1.3427068328123457,0.2552357852343199
2551,165,13,43,112.72582490770631,18.827040947721898,1.368498,1.6289128507442652,0.38609361480383014
2552,180,14,43,115.41379286568379,12.495719947762806,1.368498,1.3295093798545174,0.24784283950713779
2553,214,14,43,109.3564301307964,15.180466715914083,1.368498,1.6314404004258647,0.3870447245642783
2554,179,14,43,117.3205360497019,14.809909996701883,1.368498,1.3393926980436475,0.2533929732029848
2555,165,14,43,112.50569138213258,18.232396493487013,1.368498,1.6143170905244155,0.38054301359397297
2556,180,15,43,117.44125206398996,20.35472492760356,1.368498,1.5211644755844627,0.3426088920359651
2557,214,15,43,111.78403067841859,19.78420433602288,1.368498,1.7055639348377778,0.41368366229254633
2558,179,15,43,121.24110731842512,19.191345687529733,1.368498,1.3721530460044993,0.27121832151898234
2559,165,15,43,109.81254177001861,18.314892064754417,1.368498,1.729510451920959,0.42180170181145493
2560,180,8,243,123.12237146851855,17.534685381839793,1.1167200000000002,1.0699504792141832,0.06537730537356996
2561,214,8,243,106.99804757978939,12.503389199720157,1.1167200000000002,1.1727119331607256,0.14727566785751695
2562,179,8,243,120.19920477697679,16.39019234230292,1.1167200000000002,1.079781971411604,0.07388711195770808
2563,165,8,243,112.18587061728076,19.68115557922832,1.1167200000000002,1.1576823352411607,0.1362051837893107
2564,180,9,243,121.68541718235889,16.532833710741354,1.1167200000000002,1.072091240601852,0.06724356833787881
2565,214,9,243,107.49803668179862,14.006071102578998,1.1167200000000002,1.1733029593420898,0.14770520943650103
2566,179,9,243,118.99502893555461,16.8421347892141,1.1167200000000002,1.0897541485860107,0.08236183243942632
2567,165,9,243,113.01080692153099,17.681481950775304,1.1167200000000002,1.1390559958962336,0.12208003504412564
2568,180,10,243,120.59507363532339,16.82412376500049,1.1167200000000002,1.0798716814719052,0.07396404854606159
2569,214,10,243,108.52996036875223,13.712014825680956,1.1167200000000002,1.1608046440787374,0.1385286016032083
2570,179,10,243,118.24296684401311,17.088539078771895,1.1167200000000002,1.0960603295498381,0.08764146184297261
2571,165,10,243,113.18834389206444,18.173287170070328,1.1167200000000002,1.1403841127163512,0.12310248025286992
2572,180,11,243,120.16727839789634,17.73636407922955,1.1167200000000002,1.0875495136445104,0.0805016346806329
2573,214,11,243,107.71692383652095,14.488173531672654,1.1167200000000002,1.1730926138156494,0.1475523857000866
2574,179,11,243,117.87775849495007,16.823262618921785,1.1167200000000002,1.0969922373246803,0.08841652112436345
2575,165,11,243,113.49152157730127,18.226256318972563,1.1167200000000002,1.1381598720733646,0.12138880965964939
2576,180,12,243,120.0099542077487,16.85267684402797,1.1167200000000002,1.0835095007172686,0.07707315963725878
2577,214,12,243,107.58951649628324,13.057313241715429,1.1167200000000002,1.16821739785573,0.14399494320534348
2578,179,12,243,117.02690701723556,15.17808321519033,1.1167200000000002,1.0935380517251152,0.08553707991921623
2579,165,12,243,112.99989207320198,18.33156669871048,1.1167200000000002,1.1428860668170375,0.12502214434635495
2580,180,13,243,114.1740514858605,12.090491460223474,1.1167200000000002,1.0988195621561485,0.08993247441121338
2581,214,13,243,107.59479261468421,13.50727473091271,1.1167200000000002,1.1700582490957436,0.14534169493456398
2582,179,13,243,116.78764832473186,14.411577027720748,1.1167200000000002,1.0909613601118318,0.08337725187857023
2583,165,13,243,112.72582490770631,18.827040947721898,1.1167200000000002,1.1480795855422015,0.12898024440724482
2584,180,14,243,115.41379286568379,12.495719947762806,1.1167200000000002,1.090838593372742,0.08327409199181338
2585,214,14,243,109.3564301307964,15.180466715914083,1.1167200000000002,1.1592849764517978,0.13739932776435906
2586,179,14,243,117.3205360497019,14.809909996701883,1.1167200000000002,1.0894234368027729,0.0820832688024518
2587,165,14,243,112.50569138213258,18.232396493487013,1.1167200000000002,1.1465388647233654,0.1278097666220168
2588,180,15,243,117.44125206398996,20.35472492760356,1.1167200000000002,1.1205225279671243,0.10755921898846495
2589,214,15,243,111.78403067841859,19.78420433602288,1.1167200000000002,1.1617924811855633,0.13926108475109125
2590,179,15,243,121.24110731842512,19.191345687529733,1.1167200000000002,1.0894298730812872,0.08208869179284428
2591,165,15,243,109.81254177001861,18.314892064754417,1.1167200000000002,1.171521687327007,0.14640931463962736
2592,180,8,169,126.62418975882152,22.794720779793234,1.2575530000000001,1.2146687497201882,0.17673028121423182
2593,214,8,169,106.16263571451604,16.724741369937195,1.2575530000000001,1.5154798976906403,0.340143012438603
2594,179,8,169,120.48816719660681,20.463446270458594,1.2575530000000001,1.2627594750022637,0.20808355051288976
2595,165,8,169,105.75843902944398,19.334135339362955,1.2575530000000001,1.5794238395123643,0.36685772686023105
2596,180,9,169,125.15787422331924,21.834269290938884,1.2575530000000001,1.2177903267483134,0.17884057868142783
2597,214,9,169,106.3008710839668,18.87518749905937,1.2575530000000001,1.5535356474484092,0.3563070138477729
2598,179,9,169,119.23068256074632,21.55182245998309,1.2575530000000001,1.3043685552111217,0.2333455172582395
2599,165,9,169,106.7241643352896,17.390234344182847,1.2575530000000001,1.5114271124239982,0.3383736524375172
2600,180,10,169,124.04458042002499,22.558661858393755,1.2575530000000001,1.2456871551947195,0.19723022282935473
2601,214,10,169,107.46373127922648,18.919732231389776,1.2575530000000001,1.5203708348707736,0.3422657307912667
2602,179,10,169,118.27733180741895,21.6973819503732,1.2575530000000001,1.3244634149778616,0.2449772574377111
2603,165,10,169,106.8472672857335,17.794209064030053,1.2575530000000001,1.5156762349524797,0.3402284888161801
2604,180,11,169,123.65723827133024,24.462383225246285,1.2575530000000001,1.2856062963800776,0.2221568898536576
2605,214,11,169,105.9338327147345,18.177108635870482,1.2575530000000001,1.550488919468906,0.3550421499674224
2606,179,11,169,117.64536706682401,21.484479663333424,1.2575530000000001,1.3322051268545196,0.24936484641737708
2607,165,11,169,107.07725451811315,18.111505813494542,1.2575530000000001,1.5152345776472045,0.3400361800396874
2608,180,12,169,123.48167877604367,23.10930619258276,1.2575530000000001,1.263751931834296,0.20870546282882307
2609,214,12,169,106.08839772960937,18.34930671900635,1.2575530000000001,1.549260099033906,0.35453059132963916
2610,179,12,169,115.45508906008506,16.835984868538844,1.2575530000000001,1.287030489201423,0.2230176298150635
2611,165,12,169,106.53909085993085,18.346746147312597,1.2575530000000001,1.535726377797576,0.34884233646222496
2612,180,13,169,112.81763207928793,14.16135107785672,1.2575530000000001,1.2960872470126308,0.22844700285037625
2613,214,13,169,105.7301037579333,17.15764759071025,1.2575530000000001,1.5367745396057002,0.3492864605522576
2614,179,13,169,115.47683627050769,16.559922897095408,1.2575530000000001,1.2816793953952388,0.21977367850902815
2615,165,13,169,106.29047223914036,18.45630587783057,1.2575530000000001,1.5453392703576943,0.3528929089024357
2616,180,14,169,114.06911791086645,14.252861907108226,1.2575530000000001,1.2706143600804907,0.21297914503606574
2617,214,14,169,106.808238397187,17.815687128794263,1.2575530000000001,1.5172419806736155,0.34090935214168916
2618,179,14,169,116.10590108533039,16.69584220457881,1.2575530000000001,1.2719078361247402,0.2137795116926014
2619,165,14,169,106.09895411449638,17.78233438272964,1.2575530000000001,1.5376799495066666,0.3496696108180186
2620,180,15,169,111.27279762090427,19.54424433623934,1.2575530000000001,1.4317416837741117,0.3015499853549199
2621,214,15,169,105.86993436912039,17.42122704909573,1.2575530000000001,1.5375766882097317,0.3496259356244897
2622,179,15,169,114.82667065000763,18.93538565670321,1.2575530000000001,1.3388391968762485,0.2530843118925865
2623,165,15,169,103.90228984395267,17.321169274525698,1.2575530000000001,1.597700803039551,0.37410058372785016
2624,180,8,95,123.71976775785167,14.792785504807629,1.342683,1.1789365196174995,0.15177790885259418
2625,214,8,95,105.47533686182246,11.910857510876912,1.342683,1.6508959114940964,0.39426829212086517
2626,179,8,95,119.37245419072543,13.59028024957,1.342683,1.2324756514804796,0.1886249445992902
2627,165,8,95,107.29802493380512,9.61084945662025,1.342683,1.5241998558251786,0.3439180589223877
2628,180,9,95,122.09111318810395,14.03599157782104,1.342683,1.1900964673137109,0.159731981847486
2629,214,9,95,105.73876258182213,12.695736842492105,1.342683,1.6574648059521113,0.3966689389669655
2630,179,9,95,118.117064198875,14.782410038732321,1.342683,1.289142288537579,0.2242904379977993
2631,165,9,95,108.22044124165377,8.297250893449858,1.342683,1.464839738646639,0.3173314639020532
2632,180,10,95,120.9824641865271,14.330082589051926,1.342683,1.2169337124709592,0.17826255468794572
2633,214,10,95,106.83717543280562,12.040821681678596,1.342683,1.5928825779692943,0.37220733415587853
2634,179,10,95,117.29307754323986,14.42424993066686,1.342683,1.300108023970621,0.23083314496750057
2635,165,10,95,108.36410718439899,8.40653494962944,1.342683,1.4604196490467924,0.3152653070282269
2636,180,11,95,120.53698755297764,15.455064066309752,1.342683,1.2522217400427844,0.20141939081345672
2637,214,11,95,105.55847493126791,12.928764273170708,1.342683,1.671553841071543,0.4017542388231096
2638,179,11,95,116.75498027461946,14.752658316392017,1.342683,1.3220980882933375,0.24362646852407577
2639,165,11,95,108.60671190024252,8.849737794559731,1.342683,1.4570498428863123,0.31368168022373827
2640,180,12,95,120.38556406836298,14.387335725126722,1.342683,1.2299757857731362,0.18697586443019149
2641,214,12,95,105.61395341490076,11.909231042436677,1.342683,1.6444900243875271,0.3919087466812458
2642,179,12,95,115.49680931730799,11.70048685900275,1.342683,1.2814532986163136,0.21963601710668737
2643,165,12,95,108.08591241059719,9.345253865006526,1.342683,1.4864375987783127,0.32725060182688503
2644,180,13,95,113.34145312990326,9.162419164983586,1.342683,1.2915173777451476,0.2257169611252975
2645,214,13,95,105.34779915676567,11.236353145998214,1.342683,1.6420286890940718,0.39099724222741034
2646,179,13,95,115.51664546584264,11.141916296407004,1.342683,1.2687240122409464,0.21180651556070054
2647,165,13,95,107.81655506097026,8.562029569625146,1.342683,1.4855619292715578,0.3268540474173649
2648,180,14,95,114.57118024986984,9.289805265713024,1.342683,1.2572728200936065,0.2046276798336037
2649,214,14,95,106.59853512906287,11.4761358604543,1.342683,1.590674614072926,0.37133591549594314
2650,179,14,95,115.9099922352967,10.942238261821085,1.342683,1.2541882988692696,0.20267155984347526
2651,165,14,95,107.63946577754425,8.644377368764362,1.342683,1.4942768519246719,0.33077996978138885
2652,180,15,95,111.74770182169735,14.722159475581325,1.342683,1.471674215936432,0.3205017868960243
2653,214,15,95,106.57066793349523,11.178772613369572,1.342683,1.5855681356487559,0.36931124086267225
2654,179,15,95,115.58668719945895,11.520793611052444,1.342683,1.2750920336292768,0.21574288472831735
2655,165,15,95,105.10836163697776,10.758682512550946,1.342683,1.6434338978366823,0.3915179665477632
2656,180,8,180,128.19356092472165,17.11745830484116,1.2779690000000001,1.123870135642281,0.11021748128531816
2657,214,8,180,105.6193074308514,9.90971714349032,1.2779690000000001,1.4721639520642118,0.32072783157213003
2658,179,8,180,121.06977595357473,14.66462490944577,1.2779690000000001,1.1726795769213154,0.14725213973168894
2659,165,8,180,108.60005701564387,10.09880381604175,1.2779690000000001,1.3758280513761942,0.27316498671492134
2660,180,9,180,126.52841605802408,16.55262275239815,1.2779690000000001,1.1329736979413847,0.11736697699425692
2661,214,9,180,106.03216074588148,11.796784346721662,1.2779690000000001,1.482689024679195,0.32554973878196275
2662,179,9,180,119.36857853440947,15.47255437859158,1.2779690000000001,1.2138101579333258,0.17614793922747046
2663,165,9,180,109.37330093195045,9.645488802816296,1.2779690000000001,1.346473043244666,0.25731896006603444
2664,180,10,180,125.30998503614266,16.85475065189213,1.2779690000000001,1.1517380260503203,0.1317469968154813
2665,214,10,180,107.1684609733363,10.696533803859618,1.2779690000000001,1.4293253910006982,0.3003692467116387
2666,179,10,180,118.64309934282218,15.224959022063926,1.2779690000000001,1.221932097374435,0.18162391989808632
2667,165,10,180,109.57369572285957,9.877764616030852,1.2779690000000001,1.3433479509240773,0.2555912268953783
2668,180,11,180,124.93455854711833,17.810941595298775,1.2779690000000001,1.1721535107106595,0.14686942378928283
2669,214,11,180,106.34448699649882,12.774276669545813,1.2779690000000001,1.4873861403569089,0.32767963014631635
2670,179,11,180,117.87050498441592,15.204570959151804,1.2779690000000001,1.2355641512638134,0.19065311260679052
2671,165,11,180,109.84886566523845,10.405814385949476,1.2779690000000001,1.3421703933543612,0.25493811743172684
2672,180,12,180,124.78394040032417,16.935573992395277,1.2779690000000001,1.1595409445283584,0.1375897464261182
2673,214,12,180,106.05412540982115,11.218083928819773,1.2779690000000001,1.4736752062273346,0.32142442529107984
2674,179,12,180,115.05827659940617,11.428963547300654,1.2779690000000001,1.2259258235007964,0.1842899620595598
2675,165,12,180,109.29298268146154,10.080564687567808,1.2779690000000001,1.3543649654609338,0.26164658308355754
2676,180,13,180,109.89306228859954,7.106221961879721,1.2779690000000001,1.3048583726686578,0.23363330385440256
2677,214,13,180,105.92639451213037,10.3795455300947,1.2779690000000001,1.467096899663593,0.31838176453831973
2678,179,13,180,114.06667361046526,9.9492241692854,1.2779690000000001,1.2253398539449094,0.18389988150588674
2679,165,13,180,109.09656598130952,9.2960574291639,1.2779690000000001,1.350762975026491,0.25967766478024157
2680,180,14,180,111.06971758103273,7.351029683481483,1.2779690000000001,1.2717358653238346,0.21367319483015434
2681,214,14,180,107.81629164526571,12.213308666895509,1.2779690000000001,1.4305083562159293,0.30094780945896543
2682,179,14,180,115.21844515629644,11.006300379731869,1.2779690000000001,1.2158562766981371,0.17753436885182783
2683,165,14,180,108.83153993894021,9.068337851636217,1.2779690000000001,1.3564107417132774,0.2627601881588583
2684,180,15,180,112.68236595486766,15.915574361044085,1.2779690000000001,1.3619873668167553,0.26577879915493946
2685,214,15,180,107.91839312045641,13.01689834690095,1.2779690000000001,1.440493768904394,0.30579359551094987
2686,179,15,180,117.04843171731574,13.930626080582922,1.2779690000000001,1.2280761291054205,0.18571823334076223
2687,165,15,180,106.42831478882225,11.348586778916724,1.2779690000000001,1.4628167963114072,0.31638739552241363
2688,180,8,240,121.83696734800833,14.5886426754226,1.352093,1.2138565682590208,0.17617943820639823
2689,214,8,240,104.07626830768974,9.893842316762512,1.352093,1.6990967827580616,0.41145200782691826
2690,179,8,240,118.42726801423017,13.03097746047887,1.352093,1.2481258428203403,0.19879873832245973
2691,165,8,240,108.79611933522956,10.248692945362922,1.352093,1.4889028485160631,0.32836450612162865
2692,180,9,240,119.82562050195804,13.482595836850408,1.352093,1.2280642774213133,0.18571037494894174
2693,214,9,240,104.54106001609627,10.965946636240048,1.352093,1.69741753550166,0.41086976004141673
2694,179,9,240,116.87339062403677,13.807714671680946,1.352093,1.3053467251543225,0.23392001471350332
2695,165,9,240,109.54575092680237,9.709923853368856,1.352093,1.4479221903107677,0.3093551527203476
2696,180,10,240,118.66426997585872,13.402005858146541,1.352093,1.2515693245135702,0.20100310832669543
2697,214,10,240,105.56280102921298,10.577300735229857,1.352093,1.6395856320818845,0.39008980047584496
2698,179,10,240,116.13436881886811,13.833735659816272,1.352093,1.3257254517903145,0.24569600843858086
2699,165,10,240,109.7029691761471,9.907735889279026,1.352093,1.445441648404446,0.30816992778376606
2700,180,11,240,118.23167327830589,13.901789473160125,1.352093,1.2739064171197882,0.21501298167495786
2701,214,11,240,104.92467359590326,10.205110753945906,1.352093,1.6629567790639301,0.3986614609653927
2702,179,11,240,115.70870343339794,13.798586559746356,1.352093,1.3365862919088518,0.25182533589219636
2703,165,11,240,110.14899444797909,10.089636989174931,1.352093,1.4315573074048729,0.3014600289996074
2704,180,12,240,118.12015492734108,13.358598809121297,1.352093,1.263153349446205,0.20833048462530493
2705,214,12,240,104.60809057714253,9.561429306655167,1.352093,1.666541046284275,0.39995477325349826
2706,179,12,240,114.91273960747529,11.913908523613092,1.352093,1.3120448833980105,0.23783095178105373
2707,165,12,240,109.5604644815267,9.746708001381835,1.352093,1.448028705349246,0.3094059556237783
2708,180,13,240,112.36381472175309,9.332243266218033,1.352093,1.3360877109057043,0.2515461433874561
2709,214,13,240,104.52699305788813,9.912789806971873,1.352093,1.676946653572405,0.40367810874025317
2710,179,13,240,114.53772422652655,10.935354124438826,1.352093,1.3004771786070715,0.2310514813715606
2711,165,13,240,109.26713916274568,9.833952451888734,1.352093,1.4615006793449288,0.3157717857180756
2712,180,14,240,113.57291613469286,9.92042262029625,1.352093,1.3080671029782374,0.2355132257946271
2713,214,14,240,106.50656525827631,10.396562392276547,1.352093,1.591800785286252,0.371780684339736
2714,179,14,240,115.11206879332651,11.071787481209261,1.352093,1.2869816155105076,0.22298812356901498
2715,165,14,240,109.15321394179182,9.457058736507706,1.352093,1.4591399719580103,0.31466478938404613
2716,180,15,240,111.11494125388813,13.789290980690966,1.352093,1.4846697344447195,0.32644952826898604
2717,214,15,240,107.48674326856785,12.488967564323456,1.352093,1.5955921769884536,0.37327343764782295
2718,179,15,240,116.58026371783372,13.26912538354746,1.352093,1.2993405128602487,0.23037880362962593
2719,165,15,240,106.6507935182767,10.779224609397449,1.352093,1.5930566440468255,0.37227593021443967
2720,180,8,41,121.15128638853793,18.73951607730726,1.33381,1.3130456913245523,0.23841187964202776
2721,214,8,41,107.75814444627764,15.69083015906518,1.33381,1.6303760846088031,0.3866445849885349
2722,179,8,41,119.21647659902588,17.62239054612503,1.33381,1.326521756215123,0.2461488133800127
2723,165,8,41,111.33019184222479,19.591407884464996,1.33381,1.6184900081263518,0.38214014607501223
2724,180,9,41,119.55448298927153,17.49653446014021,1.33381,1.3154474505892864,0.23980239609569662
2725,214,9,41,108.06652443440156,16.78448643513639,1.33381,1.6511503377972268,0.3943616295206141
2726,179,9,41,118.49207389528738,18.970339779768977,1.33381,1.38127070269889,0.2760289507001909
2727,165,9,41,112.27110236507148,17.648405021571428,1.33381,1.522946448336114,0.3433780937651852
2728,180,10,41,118.49432928819093,18.25144486721861,1.33381,1.360907483724904,0.26519619301164665
2729,214,10,41,109.15404918217384,16.221062626741645,1.33381,1.5911087212818902,0.37150743590020574
2730,179,10,41,117.56935525412621,19.208894344738574,1.33381,1.4119901948303375,0.2917797845471877
2731,165,10,41,112.41293334898207,18.128243615323925,1.33381,1.5331199434829987,0.34773531304526445
2732,180,11,41,118.01119273620596,19.551160442447134,1.33381,1.4104861311548051,0.2910245780429819
2733,214,11,41,108.04015591107688,16.642577371121167,1.33381,1.647788336705051,0.39312593873578505
2734,179,11,41,117.38639572618894,18.974572750943253,1.33381,1.4099410712482319,0.2907504998668546
2735,165,11,41,112.70071324222867,17.545895568805044,1.33381,1.505563448234534,0.33579683993216747
2736,180,12,41,117.9206626264345,18.118376394323235,1.33381,1.3714803025833013,0.27086083692458884
2737,214,12,41,108.09761858871745,15.228031285232209,1.33381,1.6032837256855752,0.37628007820487724
2738,179,12,41,118.27150672157202,18.55209330137109,1.33381,1.3748861182678516,0.2726670327722498
2739,165,12,41,112.10892618508579,18.488101944271612,1.33381,1.5548266653026763,0.3568414908774856
2740,180,13,41,118.9225767879993,22.26073608277512,1.33381,1.4692105883084385,0.31936237871022943
2741,214,13,41,107.91703368531361,14.866184531956335,1.33381,1.6002994330326927,0.3751169441428085
2742,179,13,41,118.45708073251134,18.47010617516111,1.33381,1.367946113151692,0.2689770522494918
2743,165,13,41,111.83338931621914,18.854599786930677,1.33381,1.576185692432174,0.3655569868440284
2744,180,14,41,120.16656769793866,20.822515456616156,1.33381,1.3937263395240493,0.2824990303752923
2745,214,14,41,109.33546915328321,15.509897736715509,1.33381,1.563330379418277,0.36033994274959014
2746,179,14,41,118.33749839022006,18.03670709412544,1.33381,1.358799753931113,0.26405638718514446
2747,165,14,41,111.79076529611419,17.776498186823254,1.33381,1.5432292133074936,0.35200811948293087
2748,180,15,41,112.32330921370989,13.119767622522835,1.33381,1.3966116926632344,0.2839813634288894
2749,214,15,41,109.13084719553304,16.363145795629684,1.33381,1.5962775021858078,0.3735425083479004
2750,179,15,41,118.36346100855619,16.04875151217477,1.33381,1.3053565078132658,0.23392575590311285
2751,165,15,41,109.23794997807511,18.57997548546611,1.33381,1.662973059242586,0.3986673479512303
2752,180,8,163,124.49541807939237,20.27050743552656,1.259425,1.2024814340943824,0.16838632876429896
2753,214,8,163,107.09098249981572,17.97049291438579,1.259425,1.5169419350087046,0.34077898637942144
2754,179,8,163,120.48112173859661,19.706208094462088,1.259425,1.2516287891460893,0.2010410685086274
2755,165,8,163,109.50907042585398,22.6795191331516,1.259425,1.5492696854265458,0.3545345852909531
2756,180,9,163,123.30605348995759,19.51660187386521,1.259425,1.2060041600985205,0.1708154639215272
2757,214,9,163,107.38645171314386,19.5629259292922,1.259425,1.5411279343350026,0.3511246031423728
2758,179,9,163,119.2271105696707,20.3375035048105,1.259425,1.2843313949720074,0.22138475792550766
2759,165,9,163,110.51323786131422,21.479840152691185,1.259425,1.4961692553028512,0.3316264209709467
2760,180,10,163,122.18610000582372,20.08212723257737,1.259425,1.2318031529427105,0.18818197728179653
2761,214,10,163,108.45732288322942,19.798622167372454,1.259425,1.5155725540619354,0.3401833535980396
2762,179,10,163,118.46269545679252,20.952827840939587,1.259425,1.3097302440588616,0.23648399772689513
2763,165,10,163,110.61007020970841,21.794118775043152,1.259425,1.5004680634019447,0.33354129661864024
2764,180,11,163,121.77971141251504,21.66462760677345,1.259425,1.2664427173222148,0.2103867104906136
2765,214,11,163,107.19294067421318,19.172503445907903,1.259425,1.5385716463242334,0.3500465172427444
2766,179,11,163,117.89926965568665,20.4863967168106,1.259425,1.3111619957286778,0.23731773552187926
2767,165,11,163,110.89249178772296,21.851424913278663,1.259425,1.494412043534865,0.3308405106033463
2768,180,12,163,121.64539464910324,20.544804316779,1.259425,1.248243481541397,0.19887424626071576
2769,214,12,163,107.3166043512566,19.233026257971368,1.259425,1.5362246658159204,0.34905354519296206
2770,179,12,163,116.78834911592355,17.815249413002647,1.259425,1.2816512886737397,0.2197565680796015
2771,165,12,163,110.27024395972609,22.24389118447333,1.259425,1.5192036382805028,0.34176039682748444
2772,180,13,163,114.56519752648848,14.354468224859712,1.259425,1.2643601499132548,0.20908611358195056
2773,214,13,163,107.11269807356186,19.388541629694178,1.259425,1.5454560780561315,0.3529418181474326
2774,179,13,163,116.67565427456162,17.464556319131646,1.259425,1.2773736694028008,0.21714371921606845
2775,165,13,163,109.99880020720263,21.91289743836427,1.259425,1.5191434678509053,0.3417343251887359
2776,180,14,163,115.79082837145893,14.74922023621785,1.259425,1.2466987564927008,0.1978816094970134
2777,214,14,163,108.36916995623871,19.899362878592132,1.259425,1.5201748878666523,0.3421809503751527
2778,179,14,163,117.19193929042265,17.567724345608948,1.259425,1.2696251451987426,0.21236594613643733
2779,165,14,163,109.92627414553704,21.755613277449022,1.259425,1.5176357327512193,0.34108035385594965
2780,180,15,163,114.41101981957533,28.754884226763217,1.259425,1.5594096373104984,0.3587316789162005
2781,214,15,163,109.35705465599797,23.855288837433168,1.259425,1.5798141552188492,0.3670141537240046
2782,179,15,163,118.6088059189521,25.37983315007808,1.259425,1.3954580737522628,0.2833894340436264
2783,165,15,163,107.45239392182842,21.00383091155874,1.259425,1.5702348333011444,0.36315258151694757
2784,180,8,67,119.46380209409979,11.653078858369025,1.2653299999999998,1.141163746589362,0.12370156956989153
2785,214,8,67,107.72208537304851,9.657337403495028,1.2653299999999998,1.3779215140410428,0.27426926003405594
2786,179,8,67,119.1504650839298,12.61788375998046,1.2653299999999998,1.1600775547528064,0.13798866644473293
2787,165,8,67,112.42058936252815,12.029750386777717,1.2653299999999998,1.2814162260524566,0.21961344045048517
2788,180,9,67,117.82422796244452,10.675521076590298,1.2653299999999998,1.1526141768360274,0.132406992646021
2789,214,9,67,108.05111674108791,11.728677869403986,1.2653299999999998,1.3935267637296667,0.2823962725168067
2790,179,9,67,118.5080151069828,14.139277993298625,1.2653299999999998,1.194089762818881,0.1625420205937402
2791,165,9,67,113.21077432255355,11.233615297323636,1.2653299999999998,1.2511861647964946,0.2007584257753921
2792,180,10,67,116.74015247845034,10.697383468104372,1.2653299999999998,1.1715703142489573,0.14644474357387893
2793,214,10,67,109.10910338842496,10.471868036039023,1.2653299999999998,1.346227452282841,0.25718347348788057
2794,179,10,67,117.58464173985732,14.392235154769079,1.2653299999999998,1.2139738950351737,0.17625905788441523
2795,165,10,67,113.3624600757725,11.556113483771533,1.2653299999999998,1.2525030237036785,0.20159873383540552
2796,180,11,67,116.28541453792361,11.109040585800349,1.2653299999999998,1.185837384937937,0.15671405480917863
2797,214,11,67,107.87383021729218,12.017286470122498,1.2653299999999998,1.402846249676366,0.2871635075970028
2798,179,11,67,117.49562430618957,14.962798712465428,1.2653299999999998,1.225158950864277,0.18377937875362274
2799,165,11,67,113.63589458667933,11.682186481684134,1.2653299999999998,1.2482871011629757,0.19890224046347768
2800,180,12,67,116.19285537531255,10.437487456315804,1.2653299999999998,1.177880802488524,0.15101765994718042
2801,214,12,67,108.03643776182201,10.511560794055136,1.2653299999999998,1.3781265219098244,0.27437721856322167
2802,179,12,67,118.7693135855445,14.56446925801393,1.2653299999999998,1.1967319922619604,0.16439101948809307
2803,165,12,67,113.219736766764,12.416501716242104,1.2653299999999998,1.2688810562743453,0.2119040669295093
2804,180,13,67,120.31857683759984,15.245493280722304,1.2653299999999998,1.183577285692712,0.15510375867450835
2805,214,13,67,107.87860349038907,9.11503104724049,1.2653299999999998,1.36757570616701,0.26877905516268447
2806,179,13,67,119.20199494578425,13.631519163582901,1.2653299999999998,1.1748646483516878,0.148838122414373
2807,165,13,67,112.94287059580584,11.834150918963424,1.2653299999999998,1.2662334111628666,0.21025618880042557
2808,180,14,67,121.63022192597599,15.083298655865669,1.2653299999999998,1.1621607710816857,0.13953385376341168
2809,214,14,67,109.06699325171135,9.795799363129547,1.2653299999999998,1.3393864284997636,0.2533894784046063
2810,179,14,67,118.72508028674122,13.241717954227536,1.2653299999999998,1.1762964094178017,0.14987413717011866
2811,165,14,67,112.76848306898691,11.376121321973224,1.2653299999999998,1.2634662919732793,0.20852656983970513
2812,180,15,67,114.49074803077434,13.126565480833483,1.2653299999999998,1.2525357157510495,0.20161957265994865
2813,214,15,67,110.92566024056273,12.27242585078354,1.2653299999999998,1.3220501702509375,0.24359905357435063
2814,179,15,67,120.3101176077887,14.291523442116606,1.2653299999999998,1.1684713142289536,0.1441809586400705
2815,165,15,67,109.97020915470543,10.234101247307281,1.2653299999999998,1.3190991082761274,0.24190684860150047
2816,180,8,13,120.98491433762631,17.60062865413047,1.2335891,1.1820059812107147,0.1539805924029996
2817,214,8,13,108.31131593044184,20.191157376399925,1.2335891,1.4587246213512508,0.3144696501566714
2818,179,8,13,119.63762071471498,18.437884668720613,1.2335891,1.2127253807948681,0.17541100744130506
2819,165,8,13,111.91294317206336,22.299438926880114,1.2335891,1.414276741811866,0.29292480712164265
2820,180,9,13,119.46450956704211,16.90293848332807,1.2335891,1.19255571927253,0.16146475687525172
2821,214,9,13,108.60714546386622,20.98542600466688,1.2335891,1.4656144410796088,0.31769231254068797
2822,179,9,13,118.92062582329822,20.2707965803916,1.2335891,1.2516681783507533,0.20106621124007568
2823,165,9,13,112.88426998543855,20.645195965215766,1.2335891,1.3651038111226101,0.26745497898973886
2824,180,10,13,118.26503240742804,17.18239772430087,1.2335891,1.214114210128003,0.17635425756645173
2825,214,10,13,109.63692805732009,20.729317166061602,1.2335891,1.4368513334470627,0.3040337739041096
2826,179,10,13,118.00799467116703,19.790038311516852,1.2335891,1.258317323069264,0.20528790181413156
2827,165,10,13,113.01975388256135,20.9529423044631,1.2335891,1.367677127402311,0.26883327946023067
2828,180,11,13,117.83142945361949,18.683422959695427,1.2335891,1.2436831902741365,0.1959367081422264
2829,214,11,13,108.38599005571825,20.53294177065002,1.2335891,1.4629251511542827,0.3164380288280803
2830,179,11,13,117.87673345650381,20.616802430001012,1.2335891,1.2737168479828347,0.21489615091165337
2831,165,11,13,113.30148275129929,21.21782957553321,1.2335891,1.3666051093751488,0.2682597239393984
2832,180,12,13,117.70550655242539,17.115412690578555,1.2335891,1.2216762049483787,0.18145250275849115
2833,214,12,13,108.59288958689976,19.84407555558697,1.2335891,1.445893092737556,0.3083859346013834
2834,179,12,13,118.88912120318516,19.435049571848488,1.2335891,1.2390203363359578,0.19291074514788908
2835,165,12,13,112.72871412125056,21.6966737336892,1.2335891,1.3865597838011847,0.27879056375156813
2836,180,13,13,120.0464997898187,21.834908000109138,1.2335891,1.259468140961151,0.20601405666612607
2837,214,13,13,108.40950671257988,19.687922061056025,1.2335891,1.4475929901576192,0.3091980917294188
2838,179,13,13,119.28394759207711,19.93936191630318,1.2335891,1.2409318780776695,0.1941539921199362
2839,165,13,13,112.44942679594757,21.50688741521682,1.2335891,1.3889936143540802,0.2800542855878951
2840,180,14,13,121.3315218072254,21.311085704253326,1.2335891,1.232629329955292,0.18872610305624443
2841,214,14,13,109.54741230165942,19.87156739476462,1.2335891,1.4239292920279358,0.2977179375418164
2842,179,14,13,118.95864044612605,19.016158284004174,1.2335891,1.2314813207183308,0.18796981880594527
2843,165,14,13,112.29437595524493,20.96489182166172,1.2335891,1.3827425254801866,0.27679956204953715
2844,180,15,13,113.62108252940735,23.977669465342576,1.2335891,1.4088086461397595,0.29018039267428236
2845,214,15,13,110.0269916651853,20.771892663310073,1.2335891,1.4286722799163611,0.3000494136706124
2846,179,15,13,119.33542048397103,20.546878791990803,1.2335891,1.2497083226279408,0.19981328291296274
2847,165,15,13,109.46996547749158,20.94137558680373,1.2335891,1.4444616562214878,0.30770055702561055
2848,180,8,88,124.04895409252515,23.182236322289278,1.3292680000000001,1.3656075886506467,0.26772521747034417
2849,214,8,88,112.0325051830537,24.608075943146005,1.3292680000000001,1.7560014426233181,0.4305243858421413
2850,179,8,88,121.35591881148484,22.133344013921803,1.3292680000000001,1.3956169958565654,0.28347103613033453
2851,165,8,88,115.11457311750092,30.123294211980554,1.3292680000000001,1.8454681313181411,0.45813206793999656
2852,180,9,88,123.28587834711897,22.32272287733061,1.3292680000000001,1.3580024809993192,0.2636243202853903
2853,214,9,88,112.344541749907,25.897521493827647,1.3292680000000001,1.7917230345989743,0.44187802428748635
2854,179,9,88,120.65614455851258,24.085338568085703,1.3292680000000001,1.4708315732405945,0.3201125008509572
2855,165,9,88,115.93300773703768,28.158328344879695,1.3292680000000001,1.7462999277531357,0.42736068180072434
2856,180,10,88,122.23334852880099,23.198160976307204,1.3292680000000001,1.4060990258220294,0.28881253621850494
2857,214,10,88,113.38533652483959,25.778751586923125,1.3292680000000001,1.749341539443202,0.42835634011281176
2858,179,10,88,119.93446619502411,24.447638236139646,1.3292680000000001,1.5008460664581638,0.33370915089254083
2859,165,10,88,116.10028165892474,28.946979474775297,1.3292680000000001,1.76868968090617,0.4346096939471823
2860,180,11,88,121.86374130968123,24.984253726287317,1.3292680000000001,1.4680641689819443,0.3188308650748774
2861,214,11,88,111.98983022622464,26.04168237117933,1.3292680000000001,1.8104003908288582,0.44763600081738353
2862,179,11,88,119.77261461280867,24.370585464321117,1.3292680000000001,1.5027257046241784,0.33454256028042506
2863,165,11,88,116.37715812998545,28.740745114028883,1.3292680000000001,1.7520132640816513,0.4292280655054471
2864,180,12,88,121.68745784646259,23.898299102074024,1.3292680000000001,1.4395990362736275,0.30536213570378634
2865,214,12,88,112.25684239607538,25.67115302319174,1.3292680000000001,1.7866495697139035,0.4402931515215207
2866,179,12,88,120.66982914873005,23.59562781799671,1.3292680000000001,1.4555204989831418,0.3129605521195877
2867,165,12,88,115.93476884425691,29.002030366638518,1.3292680000000001,1.7763020470698578,0.4370326816604337
2868,180,13,88,119.67487215801971,25.405774821482062,1.3292680000000001,1.5383327952779065,0.34994560145267806
2869,214,13,88,112.13806249746717,25.328080474225267,1.3292680000000001,1.778452205032709,0.43771331207542447
2870,179,13,88,120.64961464977924,23.339966545741035,1.3292680000000001,1.4482772103392014,0.3095244523209823
2871,165,13,88,115.65299410260432,29.859565010676384,1.3292680000000001,1.8168223221861084,0.44958844473204146
2872,180,14,88,120.94715705586356,24.77785807796772,1.3292680000000001,1.4847666847651322,0.3264935088719444
2873,214,14,88,113.25156698400173,25.861277590285894,1.3292680000000001,1.757139950758392,0.43089336761798963
2874,179,14,88,120.58546993224081,23.148298793512623,1.3292680000000001,1.444089935779617,0.30752235354362983
2875,165,14,88,115.59374562291315,28.481518955046322,1.3292680000000001,1.7693913793938119,0.43483391427927215
2876,180,15,88,119.00394320714139,21.336482484819665,1.3292680000000001,1.429587809324657,0.3004976724917625
2877,214,15,88,114.23851974968612,26.445782111578232,1.3292680000000001,1.7432520258030684,0.42635947918125755
2878,179,15,88,123.90324940701655,25.01405114346484,1.3292680000000001,1.4208090636279944,0.29617566103743087
2879,165,15,88,112.9468791499788,28.266122911305587,1.3292680000000001,1.856975347174941,0.4614898891784844
2880,180,8,75,122.60269050709454,13.227776332292741,1.078583,1.0329422133872599,0.03189163242659494
2881,214,8,75,107.6070630888913,11.604437577528282,1.078583,1.1068188487437385,0.0965097846544446
2882,179,8,75,119.70141417679989,12.91549247144346,1.078583,1.042117505605309,0.04041531341597142
2883,165,8,75,110.9994664105284,13.766499548061246,1.078583,1.0891842867503803,0.08188172363050217
2884,180,9,75,121.41754694189251,12.729600110076488,1.078583,1.0352022487633903,0.034005189619170005
2885,214,9,75,107.97700697177093,12.865114980656664,1.078583,1.106970548710616,0.09663359954355956
2886,179,9,75,118.7106073398673,13.132734679959919,1.078583,1.0468548681228833,0.0447577496648593
2887,165,9,75,111.81519036149199,12.556408438304576,1.078583,1.0805201680679097,0.07451981966416116
2888,180,10,75,120.35458355403956,12.753161053932724,1.078583,1.0390803580023562,0.037610525212399014
2889,214,10,75,109.01251360908608,12.105593712436649,1.078583,1.0977928974529374,0.08908137197811467
2890,179,10,75,117.97003979919047,13.354869138175799,1.078583,1.0507782663307548,0.048324435285542186
2891,165,10,75,111.97841017420967,12.743258624630766,1.078583,1.080072426503254,0.07413616396308653
2892,180,11,75,119.9125232761,12.944232934452147,1.078583,1.041399121877921,0.0397533673768299
2893,214,11,75,107.79891127815834,12.515942260961861,1.078583,1.1074214347580549,0.09700140469244566
2894,179,11,75,117.60812504450364,13.349955632520194,1.078583,1.0523598311990758,0.04975468432638311
2895,165,11,75,112.2390486503164,12.7038934400665,1.078583,1.0783720659108975,0.0726762760167539
2896,180,12,75,119.77788480502409,12.554497254655809,1.078583,1.0405920013848156,0.039008565634557915
2897,214,12,75,107.89406449345961,12.461706510076558,1.078583,1.1066065702066925,0.09633646959712203
2898,179,12,75,117.18778268225111,12.12146817907161,1.078583,1.050085161304997,0.04769628516867485
2899,165,12,75,111.76154491356473,12.884599295176542,1.078583,1.0818230010090828,0.07563436988561109
2900,180,13,75,115.40120101346305,10.080807211895543,1.078583,1.052304772509931,0.04970496559202616
2901,214,13,75,107.7100505562723,12.082513275237252,1.078583,1.1070848995618687,0.09672690830147518
2902,179,13,75,117.18282608857207,11.950724663208883,1.078583,1.0495333703771106,0.04719561261716969
2903,165,13,75,111.48018424125897,12.950892370429514,1.078583,1.0837594011899616,0.07728597426513142
2904,180,14,75,116.66338127263825,10.569115018412676,1.078583,1.0474191387760043,0.045272362343328494
2905,214,14,75,109.05257739760371,13.347976662155698,1.078583,1.1007022231918047,0.09148907040433644
2906,179,14,75,117.39331392348397,12.007057711335685,1.078583,1.0487568744459137,0.04649015957265907
2907,165,14,75,111.38452107854856,12.47803007410162,1.078583,1.0829801164586068,0.07662201290449865
2908,180,15,75,116.24578624076842,15.07648160319909,1.078583,1.0646364765733989,0.06071225060918028
2909,214,15,75,110.49715902214291,14.333723480897156,1.078583,1.0940435687207568,0.08595961935110141
2910,179,15,75,119.84536462032527,14.48507960277845,1.078583,1.0469481587179397,0.04484286860529076
2911,165,15,75,108.8770779231429,12.766667250793486,1.078583,1.10038684868107,0.09122868816670629
2912,180,8,138,123.70691616834587,19.463142024778477,1.158569,1.1096621369721298,0.09882479839436394
2913,214,8,138,108.71366403629581,18.526205584031548,1.158569,1.2612788769910739,0.2071539306314118
2914,179,8,138,120.03638943781384,18.109000148877772,1.158569,1.1276976245162393,0.11323746875056083
2915,165,8,138,106.0256337283894,15.469855666701552,1.158569,1.277518359847238,0.21723238473098955
2916,180,9,138,122.14246935681153,18.492694338668283,1.158569,1.113550261838969,0.10197138443616077
2917,214,9,138,108.56920518908437,18.696407927755192,1.158569,1.2648426481569353,0.20938782270099018
2918,179,9,138,119.32655472313357,19.638600612109492,1.158569,1.1472105306361584,0.12832041434846864
2919,165,9,138,107.08104027981885,13.749653188235738,1.158569,1.248287382021741,0.19890242070669004
2920,180,10,138,121.10016674751739,18.962009282887777,1.158569,1.12587621496802,0.11180289031294208
2921,214,10,138,109.88863231898678,18.576508654825748,1.158569,1.2451935627835353,0.1969120063835086
2922,179,10,138,118.16893566992462,19.840341224653127,1.158569,1.1599165023333036,0.1378689776476267
2923,165,10,138,107.17958871383212,14.044871811849966,1.158569,1.248748924323837,0.19919850938692713
2924,180,11,138,120.68020186531074,20.33867427316435,1.158569,1.1412148814761607,0.12374083423579206
2925,214,11,138,107.87710298673693,18.49515490578897,1.158569,1.2732196269142848,0.21458955009706146
2926,179,11,138,117.87538169627088,19.517545272817575,1.158569,1.1599232215555004,0.13787397181430458
2927,165,11,138,107.37113035274285,14.434455348501256,1.158569,1.2484840637433474,0.1990286227589595
2928,180,12,138,120.51008956704942,19.232051664990863,1.158569,1.13316893632199,0.1175190495022094
2929,214,12,138,108.27607843553216,18.08650441418228,1.158569,1.2638316889217327,0.2087553993418434
2930,179,12,138,118.457399946818,18.569815751451788,1.158569,1.1459900380813466,0.1273920655765628
2931,165,12,138,106.9376876532452,14.69027939306368,1.158569,1.2571702580177828,0.2045627920145603
2932,180,13,138,121.90714285296676,24.049107129065256,1.158569,1.1628325459221676,0.1400309498501657
2933,214,13,138,107.53991342161589,17.138169685133057,1.158569,1.2668293079065858,0.2106276719690964
2934,179,13,138,119.43984608754238,19.321360624306145,1.158569,1.143412779859932,0.12542520285412598
2935,165,13,138,106.44124873810296,14.330953393617946,1.158569,1.2625968497927509,0.20798154995860704
2936,180,14,138,123.13128951783528,22.39566588352798,1.158569,1.1384428490099063,0.1216072015651105
2937,214,14,138,108.214824299645,15.871563298242384,1.158569,1.2464401936269822,0.19771521721381002
2938,179,14,138,118.70629388094977,18.378576982892675,1.158569,1.141990875802732,0.1243362611832807
2939,165,14,138,106.49875669642937,13.916378623182677,1.158569,1.2588198157418566,0.20560513308199482
2940,180,15,138,104.04186726640623,7.587951298357304,1.158569,1.273248284159112,0.21460722748161612
2941,214,15,138,102.44584794311652,11.493753182914277,1.158569,1.3166345779427182,0.240487818903761
2942,179,15,138,111.11290198982245,10.987028840561468,1.158569,1.1691760836857503,0.14469683912147252
2943,165,15,138,103.71262497851524,13.704589175065106,1.158569,1.3050354793121142,0.23373730764231693
2944,180,8,181,123.02474908348621,15.610191614919815,1.118977,1.0614043963148236,0.05785202749114152
2945,214,8,181,102.56022829619269,9.671299116100615,1.118977,1.2247760446916844,0.1835242007433839
2946,179,8,181,119.66706587407465,13.25618589668471,1.118977,1.0670963929408246,0.06287753701042206
2947,165,8,181,108.10608772529372,8.054153139112232,1.118977,1.1493109215000052,0.1299134278695746
2948,180,9,181,120.77460244001317,14.017275312787081,1.118977,1.0647693362048605,0.060829452917677676
2949,214,9,181,103.11763528139193,9.300255117380546,1.118977,1.2165127495802457,0.177978200109249
2950,179,9,181,117.75884595957736,14.084451027611932,1.118977,1.0841064256618584,0.07758133673131822
2951,165,9,181,109.05718352336275,7.377242408915744,1.118977,1.1362058293444481,0.11987777727124868
2952,180,10,181,119.60179828006889,14.22234458242002,1.118977,1.072853837667097,0.06790658252713766
2953,214,10,181,104.10756953803045,10.244206359292498,1.118977,1.2053437942418597,0.17036118261264815
2954,179,10,181,116.74741424799561,14.26634022769838,1.118977,1.0923265076466167,0.08452281163214763
2955,165,10,181,109.21636107084454,7.668889492894274,1.118977,1.1348347613993424,0.11881444416901742
2956,180,11,181,119.1399050033,14.756715643545094,1.118977,1.0787524446906118,0.07300325953207751
2957,214,11,181,103.59886388280201,10.072302363843454,1.118977,1.211676600067417,0.17469727487981487
2958,179,11,181,116.33143004122435,13.831058203587512,1.118977,1.0929572455923093,0.0850511270840542
2959,165,11,181,109.48919029082553,8.33848542979532,1.118977,1.1331630482256103,0.11751446399009106
2960,180,12,181,119.0336351494965,14.028884910493764,1.118977,1.0753324795239487,0.07005505828048506
2961,214,12,181,103.26380609615008,8.829172411895271,1.118977,1.2136729511311168,0.17605480202222376
2962,179,12,181,114.28598244434048,10.999687495714321,1.118977,1.0943093643403083,0.08618162963191094
2963,165,12,181,108.8482317923909,7.971311498187683,1.118977,1.1399876414189292,0.12279750791393511
2964,180,13,181,111.68330339829717,8.577581405244542,1.118977,1.1090182547899454,0.09830158729947518
2965,214,13,181,103.33546363995097,10.173314881255177,1.118977,1.2154124113545846,0.17723400661550437
2966,179,13,181,113.72776241534841,10.066946902785695,1.118977,1.0947928519796721,0.08658519445780254
2967,165,13,181,108.59717191602773,7.972020620890779,1.118977,1.143064811305974,0.12515896727021075
2968,180,14,181,112.73748941323733,8.840644101549326,1.118977,1.099006326020687,0.09008713023442906
2969,214,14,181,105.31061775671193,8.225511872797169,1.118977,1.1853978603820279,0.15640137929916476
2970,179,14,181,114.80747309941901,10.713251192423737,1.118977,1.088385274516392,0.0812077088746581
2971,165,14,181,108.43680002202241,7.1192317683494295,1.118977,1.1434144745315766,0.12542649907447545
2972,180,15,181,110.55576924103838,9.301095056308423,1.118977,1.1238585154110552,0.11020828130287691
2973,214,15,181,106.74495031127219,6.758108892087926,1.118977,1.1644504180338087,0.14122577954970858
2974,179,15,181,115.7757140965889,10.250615688454104,1.118977,1.0780493878009647,0.07239871260459786
2975,165,15,181,105.87468910440208,9.97988220447775,1.118977,1.1818422186484292,0.15386336329767136
2976,180,8,135,120.96083621740217,16.191518930511645,1.137417,1.088767016891739,0.08152985488590113
2977,214,8,135,109.13175775721245,19.482858852359705,1.137417,1.2227894656044767,0.18219773057526495
2978,179,8,135,120.55360475019874,17.994377891851364,1.137417,1.1039716258939287,0.09417961789528681
2979,165,8,135,113.69051717639925,24.399500382934526,1.137417,1.2098245584281155,0.17343387267715374
2980,180,9,135,119.51757738732599,15.333880506828903,1.137417,1.0931592292961978,0.08522018275066474
2981,214,9,135,109.53581987621506,20.528712417052834,1.137417,1.2256028020540866,0.18407497247556928
2982,179,9,135,119.70565500430786,19.248799697553288,1.137417,1.1190540590561584,0.10638812137151975
2983,165,9,135,114.58891490078258,22.511383474780878,1.137417,1.1870050755905766,0.15754361917747908
2984,180,10,135,118.46939126196652,15.61899038100136,1.137417,1.1030535288128238,0.09342568254483222
2985,214,10,135,110.51540408934706,20.19597268676545,1.137417,1.2120382667532537,0.1749435414454784
2986,179,10,135,118.95582607063002,19.39234805562553,1.137417,1.1258693532892075,0.11179747714198131
2987,165,10,135,114.73121680840545,22.930424296691637,1.137417,1.1887681827935297,0.15879309820518284
2988,180,11,135,118.01951725372015,16.536438386648637,1.137417,1.1130049589771274,0.10153140654555669
2989,214,11,135,109.0807244612512,19.915698736637108,1.137417,1.2264896312194458,0.18466493760265784
2990,179,11,135,118.77227551849818,19.719324968361292,1.137417,1.129677147449507,0.11479133462359717
2991,165,11,135,115.01410357160466,23.002205854278277,1.137417,1.1866191386160803,0.15726961797846004
2992,180,12,135,117.88687149169036,15.669961473618836,1.137417,1.1080371845176156,0.09750321201056948
2993,214,12,135,109.41313710545137,19.77407490643752,1.137417,1.2215741693393647,0.1813841311487402
2994,179,12,135,119.69120188754795,19.344240934588278,1.137417,1.119844069930176,0.1070185333370997
2995,165,12,135,114.5260888995573,23.31509265501877,1.137417,1.1935987800325107,0.16219753511078286
2996,180,13,135,119.97281606003715,19.449486824612162,1.137417,1.1184706487785276,0.10592200064249199
2997,214,13,135,109.29121899351864,20.03122224912934,1.137417,1.2248486878657898,0.18357262418884768
2998,179,13,135,120.16075029102487,19.58014987042519,1.137417,1.117997357769568,0.10554350325565678
2999,165,13,135,114.2606380681306,23.73292442350315,1.137417,1.1992753976867763,0.16616316658471345
3000,180,14,135,121.24504125760159,19.46038337916717,1.137417,1.109306559636951,0.09853593552419296
3001,214,14,135,110.3293255026865,19.907665739376505,1.137417,1.2120300707491174,0.17493796223889752
3002,179,14,135,119.81620847680351,18.700401293062125,1.137417,1.1143259730229962,0.10259652542500403
3003,165,14,135,114.13820240009429,22.975621918621748,1.137417,1.1948229155086083,0.16305589136250934
3004,180,15,135,119.33688859232544,31.35363981643752,1.137417,1.208485757751889,0.1725181752573808
3005,214,15,135,113.8704459343616,26.11530917186343,1.137417,1.2207295667529854,0.18081774437568776
3006,179,15,135,123.50403606076331,24.52195657844758,1.137417,1.129120370190429,0.11435483195529686
3007,165,15,135,111.42128158531602,22.746915109324114,1.137417,1.2209324446635244,0.18095386491626153
3008,180,8,208,120.22850591806419,23.23683544873966,1.253715,1.3124743454822172,0.23808034538565456
3009,214,8,208,111.65461817190881,26.11317097378356,1.253715,1.5509949721202263,0.35525258432463547
3010,179,8,208,119.22880080067233,23.282074032040168,1.253715,1.3308604932376948,0.24860644291332373
3011,165,8,208,116.4650456775126,31.94190375281362,1.253715,1.5601072684435582,0.3590184340352119
3012,180,9,208,119.28857045659477,23.21119801879138,1.253715,1.328441118733796,0.24723799504704405
3013,214,9,208,111.98384059051517,26.988386538289497,1.253715,1.5616121266972836,0.3596361203246159
3014,179,9,208,118.7470044216222,25.345463711695363,1.253715,1.3797345517807873,0.27522290522526516
3015,165,9,208,117.34711151073391,30.379614861652037,1.253715,1.509058934908742,0.3373353572433714
3016,180,10,208,118.4175449332807,23.795646007979826,1.253715,1.3556244220435385,0.26233255779462267
3017,214,10,208,113.06611502211787,26.882510123674326,1.253715,1.5329453616814825,0.34766102889466105
3018,179,10,208,118.09154757542922,25.863702246270066,1.253715,1.4026339636346432,0.28705562111963867
3019,165,10,208,117.51439168548109,30.84832691022471,1.253715,1.514986936596414,0.33992830179340633
3020,180,11,208,118.07743228374414,26.086894594787356,1.253715,1.4073633849227507,0.289451458867612
3021,214,11,208,111.94999839158957,26.887203110802815,1.253715,1.5602786634033539,0.3590888451818263
3022,179,11,208,118.10263213542625,26.00298641958809,1.253715,1.4051934532888566,0.28835421367819564
3023,165,11,208,117.78795132298289,30.644538489268328,1.253715,1.5050653947671275,0.3355770430462088
3024,180,12,208,117.9275085485395,25.115198041091613,1.253715,1.3909487235526272,0.2810662369739293
3025,214,12,208,112.1066135175128,26.291698343387292,1.253715,1.5436165070353338,0.35217070079109375
3026,179,12,208,120.33394553615993,25.8770698371932,1.253715,1.3608135444970837,0.26514546827973384
3027,165,12,208,117.28511252390992,30.500193157061823,1.253715,1.512832697956811,0.3389883750195433
3028,180,13,208,119.79977264067094,27.58874385262997,1.253715,1.4039243271772575,0.2877108967756056
3029,214,13,208,112.07862191318281,26.228567884504617,1.253715,1.5429526084466132,0.3518919540848617
3030,179,13,208,120.3634452550365,25.762204134072874,1.253715,1.3580755533343936,0.26366394156439543
3031,165,13,208,117.00662021925189,31.60998643102511,1.253715,1.5413903221713348,0.35123505992219145
3032,180,14,208,121.06007854225003,27.02648603573138,1.253715,1.369937992784258,0.2700399541678504
3033,214,14,208,113.58067870357112,26.988503549350874,1.253715,1.522989492708952,0.3433966519222053
3034,179,14,208,120.15154302143414,25.460392700059103,1.253715,1.3560657696936522,0.2625726403919854
3035,165,14,208,116.8825335366466,30.331111265723855,1.253715,1.5180666770713807,0.3412674060343798
3036,180,15,208,118.17532670057504,29.142501027880243,1.253715,1.4667383063586337,0.31821512013098746
3037,214,15,208,115.17960777065565,30.977214707401007,1.253715,1.5694679067465473,0.36284138356612505
3038,179,15,208,124.92395471755134,31.23908794866203,1.253715,1.3827299067011425,0.2767929621297069
3039,165,15,208,114.11610799628143,30.446058733893373,1.253715,1.5833150944601675,0.3684137772077827
3040,180,8,91,124.5858501092181,20.764291583905415,1.342066,1.3072805018894889,0.23505322801446085
3041,214,8,91,111.38480676769082,18.294098483334828,1.342066,1.5940152574371071,0.3726534326855679
3042,179,8,91,119.71411721675774,17.476676212882865,1.342066,1.321767425354122,0.2434372486278481
3043,165,8,91,110.73623877075158,17.639251357997885,1.342066,1.5961033382438305,0.37347415042669757
3044,180,9,91,123.98044324681831,20.1601400052068,1.342066,1.3029996477687464,0.23254008417239586
3045,214,9,91,111.59395591921647,19.00626182338025,1.342066,1.6107113437591527,0.37915629397247946
3046,179,9,91,119.34294516351336,18.774834943302665,1.342066,1.3672860031511758,0.26862412275463504
3047,165,9,91,111.56587907157109,15.652554852221659,1.342066,1.5036714947710663,0.3349611245026296
3048,180,10,91,122.98306339169064,21.00051472378717,1.342066,1.3472708955406347,0.2577587749353714
3049,214,10,91,112.72759040051484,18.500916302125844,1.342066,1.5532135078914608,0.3561735106479126
3050,179,10,91,118.55026581441982,19.370256495376655,1.342066,1.4051684735396144,0.28834156271596134
3051,165,10,91,111.72428507080384,16.114519336014858,1.342066,1.511969081893285,0.3386108142186335
3052,180,11,91,122.60676401636302,22.462262796444648,1.342066,1.3989571130298182,0.28518180386943326
3053,214,11,91,110.94381277152952,18.52646027725427,1.342066,1.618283955262709,0.3820614752139331
3054,179,11,91,118.10452156182522,18.64149083138982,1.342066,1.3948969339314334,0.28310115559465754
3055,165,11,91,111.98845755153924,15.992006530460033,1.342066,1.4991146853715451,0.33293962779628367
3056,180,12,91,122.43868994361691,21.761605555959576,1.342066,1.3817741797962093,0.2762927440520818
3057,214,12,91,111.29543319761531,17.749064343866422,1.342066,1.5790724157993932,0.3667168205875107
3058,179,12,91,118.23297500265944,18.131453580734576,1.342066,1.3764921284663814,0.2735156421750483
3059,165,12,91,111.5411926675582,16.482700903780525,1.342066,1.5296909900349234,0.3462731973225719
3060,180,13,91,117.34824271147535,18.763575220929525,1.342066,1.4189091260407634,0.29523323118631395
3061,214,13,91,110.91436037614366,16.985062901911,1.342066,1.56815693535497,0.3623087221346002
3062,179,13,91,118.1377018982745,17.52445929033755,1.342066,1.3614199777438467,0.26547280314102195
3063,165,13,91,111.28769715827192,16.824782226231054,1.342066,1.5494582895657583,0.35461315303927676
3064,180,14,91,118.62576811397616,19.06279890442302,1.342066,1.3939191235132444,0.2825982633199031
3065,214,14,91,111.9045554144015,17.365382229152015,1.342066,1.5447199955098116,0.35263348509322234
3066,179,14,91,118.31392958194839,17.476611819608532,1.342066,1.3556026635480278,0.26232071764841963
3067,165,14,91,111.10289713739449,16.14471988213621,1.342066,1.53494945536898,0.34851274971812396
3068,180,15,91,113.097420095035,11.956587838332691,1.342066,1.3560421753138434,0.2625598095659825
3069,214,15,91,109.20714777295514,14.464777501876775,1.342066,1.5564934844189002,0.35753023702933195
3070,179,15,91,118.44621671560607,15.041140032885238,1.342066,1.287251667203205,0.22315113238681059
3071,165,15,91,108.62069659224389,15.866134675739609,1.342066,1.6213595648674228,0.3832336628662815
3072,180,8,178,126.22441216464806,18.52165142946018,1.287158,1.1749907847878598,0.14892949549340825
3073,214,8,178,107.50700295917383,18.557139028238165,1.287158,1.5925867122077035,0.37209070480453627
3074,179,8,178,121.08584442816195,17.638045298661112,1.287158,1.234589464474341,0.19001414739451353
3075,165,8,178,108.32538279093141,16.870198059908475,1.287158,1.525105108869463,0.34430748793354665
3076,180,9,178,124.62247555504206,17.935530046915364,1.287158,1.1859237615761178,0.15677547545638276
3077,214,9,178,107.72641455262043,19.620441017107947,1.287158,1.612325550101982,0.3797778618984556
3078,179,9,178,120.08939656523182,19.08007042692174,1.287158,1.28179104752351,0.2198416411691637
3079,165,9,178,109.15534359756904,15.03764575126201,1.287158,1.4585981508578179,0.31441020995955
3080,180,10,178,123.47275638408459,18.263309956289465,1.287158,1.2085422625712154,0.17255686377697257
3081,214,10,178,108.85037893353105,19.244563816582147,1.287158,1.5660551593950023,0.36145288753027094
3082,179,10,178,119.03717175868492,18.662152800810176,1.287158,1.292986165016644,0.22659651970280176
3083,165,10,178,109.2880689234739,15.40854415874689,1.287158,1.4623702865687707,0.31617866611174944
3084,180,11,178,122.93663519466436,20.06831673365622,1.287158,1.2523821709264669,0.2015216894534387
3085,214,11,178,107.4088932535423,19.055517820345433,1.287158,1.6084627503166784,0.3782883689391518
3086,179,11,178,118.6089728331938,19.36816464787997,1.287158,1.3168514722307056,0.2406129156646414
3087,165,11,178,109.53746275992769,15.646621678511508,1.287158,1.459896831557572,0.3150200901983639
3088,180,12,178,122.77983625011667,18.587658019670833,1.287158,1.2254422747081934,0.18396809002029618
3089,214,12,178,107.53292673402275,18.654272428598528,1.287158,1.5941524751800535,0.37270743196189327
3090,179,12,178,117.28831386022496,15.549207806665686,1.287158,1.2633447432579397,0.20845042072904088
3091,165,12,178,109.09734223102731,15.904600568570743,1.287158,1.4789912438518444,0.32386347508344454
3092,180,13,178,116.56293188281468,14.238094349979797,1.287158,1.2526821553691707,0.20171290401650546
3093,214,13,178,107.19694467825094,17.960179070031536,1.287158,1.5882419214649517,0.3703729976616995
3094,179,13,178,117.44827815779271,15.709832603667762,1.287158,1.2633186523916897,0.20843407313996362
3095,165,13,178,108.85122062157667,15.790129581238025,1.287158,1.4841327886414621,0.3262058438076994
3096,180,14,178,117.81577743985011,14.114876461115088,1.287158,1.2255615175520864,0.18404748706749438
3097,214,14,178,108.31274845929754,18.07795670779782,1.287158,1.5542515081396142,0.35660348742594067
3098,179,14,178,117.67446893494954,15.22096203761349,1.287158,1.2492367213120137,0.19951120316912574
3099,165,14,178,108.68426259102861,15.179780055480512,1.287158,1.4762439338519977,0.3226051758325085
3100,180,15,178,110.95043338198491,20.671313432067507,1.287158,1.538220513063965,0.3498981508131687
3101,214,15,178,107.01796928525299,16.36302355581636,1.287158,1.5565761088176457,0.35756433987697106
3102,179,15,178,116.07183083637214,16.337849759239077,1.287158,1.3049713585172262,0.2336996567217766
3103,165,15,178,106.17943029201051,15.658940639344294,1.287158,1.569755127130775,0.3629579654071161
3104,180,8,2,123.47015165383056,20.013718767333604,1.0866441,1.0588312802136544,0.05556246902885528
3105,214,8,2,104.43944780636353,13.225274376452719,1.0866441,1.1490850733266473,0.12974241575955736
3106,179,8,2,120.43838936516495,18.99646315470871,1.0866441,1.0671297577801038,0.0629068370464623
3107,165,8,2,107.055253792939,17.83311477620745,1.0866441,1.1412980580765426,0.12380469508085877
3108,180,9,2,121.33851424535541,18.589369295994928,1.0866441,1.061721142289142,0.05813310089697095
3109,214,9,2,104.6848437570266,14.675646290518225,1.0866441,1.1505425003387293,0.13084479738419774
3110,179,9,2,119.03060237805283,19.89862533002641,1.0866441,1.0770412936842004,0.07153049203960209
3111,165,9,2,107.872023069783,15.310609515590711,1.0866441,1.1267530258412413,0.11249406297054904
3112,180,10,2,120.1542895202612,18.995340799142028,1.0866441,1.068364765725817,0.0639900976885661
3113,214,10,2,105.75514642517787,14.467238691641562,1.0866441,1.1410243357355907,0.12359450304333407
3114,179,10,2,118.20385763183361,19.946712881777078,1.0866441,1.0811524794198326,0.0750610861692521
3115,165,10,2,108.02611897110748,15.806047994494206,1.0866441,1.1272013276725907,0.1128470349970506
3116,180,11,2,119.62934855444077,20.293931341398586,1.0866441,1.075864834357497,0.07051520965717153
3117,214,11,2,104.33256761042539,14.843180418738381,1.0866441,1.1539792632324453,0.13343330173986787
3118,179,11,2,117.54044744932295,19.785988014105808,1.0866441,1.08375797479911,0.07728475983268839
3119,165,11,2,108.24985116306905,15.883837252165053,1.0866441,1.1257875530830146,0.111732939965929
3120,180,12,2,119.49540167449287,19.2375402010411,1.0866441,1.0722696297829617,0.06739874726992856
3121,214,12,2,104.50763764444719,14.520976022863604,1.0866441,1.1516459505353405,0.13167757891637455
3122,179,12,2,116.06266826435524,15.967101060586675,1.0866441,1.0761296018396578,0.07074389711937411
3123,165,12,2,107.72037502986447,16.690408869827575,1.0866441,1.1324401754094295,0.11695114522190657
3124,180,13,2,114.94072565672818,15.37607540876086,1.0866441,1.0799981330061612,0.07407247342501178
3125,214,13,2,104.154057781582,14.057921141650265,1.0866441,1.1535303851905314,0.13309609106237147
3126,179,13,2,116.48336493072085,15.992345634808697,1.0866441,1.0740040463352554,0.06890481147419687
3127,165,13,2,107.41630268070837,16.65307904344257,1.0866441,1.1346006013113885,0.11863258414971321
3128,180,14,2,116.16293572745654,15.752874860105292,1.0866441,1.0747530252039526,0.06955367740394766
3129,214,14,2,105.17761813918564,14.158255519887483,1.0866441,1.1450172116531814,0.12665068278214336
3130,179,14,2,116.66847882029384,15.679135572725015,1.0866441,1.071806350000051,0.06699563778479906
3131,165,14,2,107.28947797412526,16.09589276119308,1.0866441,1.133732387524062,0.11795763179714545
3132,180,15,2,111.96165428027516,17.108419252209774,1.0866441,1.1045965636950696,0.09469209585912142
3133,214,15,2,106.8406493145952,15.834780107623269,1.0866441,1.1363644465995946,0.12000062744627867
3134,179,15,2,115.87950936199232,16.090239855734566,1.0866441,1.077597021858897,0.07200931357905867
3135,165,15,2,104.62884350584041,15.89203345286679,1.0866441,1.1543649182711062,0.13372280795079838
3136,180,8,25,119.11523295244488,16.898678463861394,1.275615,1.2420447099736545,0.194876004084256
3137,214,8,25,110.78403800362341,21.80278551976794,1.275615,1.5401554371025934,0.35071488506300186
3138,179,8,25,118.26944082002788,17.079474383597915,1.275615,1.2608258352674604,0.20686904405962708
3139,165,8,25,115.03184161516974,24.633766487913324,1.275615,1.4969954831995023,0.3319953124623212
3140,180,9,25,118.14124127777254,16.263161558064425,1.275615,1.2476822443931461,0.1985138808428063
3141,214,9,25,111.14338292773297,22.80590048343849,1.275615,1.5547010570191153,0.3567895284529257
3142,179,9,25,117.95401310804318,19.87202345851487,1.275615,1.3233316511422006,0.24433153311426126
3143,165,9,25,116.08292202575308,22.38610354870172,1.275615,1.4189845002244406,0.2952706672681554
3144,180,10,25,117.11849584566032,16.95841963376709,1.275615,1.280566342542255,0.21909551518061798
3145,214,10,25,112.10679351181984,21.88297976502029,1.275615,1.5056831866648257,0.3358496602362565
3146,179,10,25,117.18804942893223,19.61153788273918,1.275615,1.333413149000895,0.25004489362559235
3147,165,10,25,116.22813970820123,22.98048475853918,1.275615,1.4293936227863582,0.3004026434295466
3148,180,11,25,116.77992719324222,18.375958069857873,1.275615,1.3159543982867659,0.24009524851173053
3149,214,11,25,110.98581075121133,22.812860362216142,1.275615,1.5593191597232778,0.35869447010613054
3150,179,11,25,117.29544083534616,20.349851113522288,1.275615,1.3470021429082306,0.25761068364675305
3151,165,11,25,116.5149669969677,22.740718510176237,1.275615,1.4173369574598713,0.2944514748333494
3152,180,12,25,116.61997164483823,17.14107673795799,1.275615,1.2941900000859172,0.2273159273880859
3153,214,12,25,111.2663781919809,21.473497670650165,1.275615,1.5186781291244833,0.3415326257602069
3154,179,12,25,119.79421297836066,21.083266190155562,1.275615,1.3131131022952454,0.2384509771077159
3155,165,12,25,115.8977644407836,24.02808807598437,1.275615,1.4616224416144576,0.3158287861977307
3156,180,13,25,120.36848937812535,24.269594255797234,1.275615,1.370633051736101,0.27041012272879433
3157,214,13,25,111.29712725639995,20.93879487265196,1.275615,1.5049921921787874,0.33554472561595605
3158,179,13,25,119.88851445474403,20.394021066417693,1.275615,1.2970523783917434,0.22902111228543298
3159,165,13,25,115.626281818207,24.116250201626467,1.275615,1.4701640147169985,0.3198037838026552
3160,180,14,25,121.6451396631862,22.550194447504076,1.275615,1.30989982400106,0.23658284268981564
3161,214,14,25,112.44173437885144,21.030174428799956,1.275615,1.476458407690723,0.32270357580606346
3162,179,14,25,119.44525258280365,19.779716237409538,1.275615,1.2926535469946006,0.22639751205960446
3163,165,14,25,115.27910716830817,23.06356240535352,1.275615,1.4535397663516683,0.3120243263038042
3164,180,15,25,116.04544999514302,16.835704122482387,1.275615,1.2999867432098675,0.23076138643472166
3165,214,15,25,113.39617658307183,21.33221964978404,1.275615,1.459015939175889,0.3146065281748462
3166,179,15,25,122.98964289593822,19.508999258117736,1.275615,1.2275507436886783,0.18536972492469767
3167,165,15,25,112.64109064479219,24.749374402221306,1.275615,1.5616758320090862,0.35966224263488394
3168,180,8,34,121.16791727664848,17.724819445598346,1.3858700000000002,1.3499909878865726,0.2592543143080442
3169,214,8,34,109.25778710115812,22.98696784807287,1.3858700000000002,2.041619424388916,0.510192747946002
3170,179,8,34,119.9885969764316,19.199302710905137,1.3858700000000002,1.433550084450343,0.3024310689616236
3171,165,8,34,113.13525997960829,26.79230582324492,1.3858700000000002,2.04752057331261,0.5116044190060879
3172,180,9,34,119.77278662047637,16.815366839923396,1.3858700000000002,1.3564908606885382,0.2628037320558045
3173,214,9,34,109.57737511943901,24.498022838201006,1.3858700000000002,2.1065709250082825,0.5252948817775654
3174,179,9,34,119.46295889445956,21.444936638071674,1.3858700000000002,1.5368396426708129,0.3493140258523397
3175,165,9,34,114.09186215658866,24.739581802150003,1.3858700000000002,1.895460297703213,0.47242366341741343
3176,180,10,34,118.73829582492593,17.469181371434903,1.3858700000000002,1.4076878448965018,0.2896152342115851
3177,214,10,34,110.59421407121155,24.121904777459353,1.3858700000000002,2.0323638905235692,0.5079621298809909
3178,179,10,34,118.55947855213603,22.246901379902607,1.3858700000000002,1.6006143597018887,0.3752398921460082
3179,165,10,34,114.23341008933252,25.297010426661622,1.3858700000000002,1.917401204342541,0.4784607427307366
3180,180,11,34,118.30507616849563,19.09596267097481,1.3858700000000002,1.480624408512579,0.3246092700818094
3181,214,11,34,109.28593452836309,24.319219571479742,1.3858700000000002,2.1125766562658015,0.5266443955848666
3182,179,11,34,118.48617138690346,22.790206552285788,1.3858700000000002,1.6267354356547337,0.38527188989553374
3183,165,11,34,114.520880034719,25.346176386179962,1.3858700000000002,1.9068891960159562,0.47558568054751704
3184,180,12,34,118.17147140321755,17.42061986783915,1.3858700000000002,1.4227964423498884,0.29715877111106526
3185,214,12,34,109.53072495991472,23.901339781710497,1.3858700000000002,2.0764281266097053,0.5184037496001592
3186,179,12,34,119.56258373872201,20.756162114946736,1.3858700000000002,1.5059318703853475,0.33595933543519896
3187,165,12,34,113.93784478780938,26.52969497369936,1.3858700000000002,1.9949154142293768,0.49872561369410556
3188,180,13,34,120.38742637302111,22.812128935821097,1.3858700000000002,1.5635282416448908,0.3604208908001801
3189,214,13,34,109.39983232806019,23.38739711063367,1.3858700000000002,2.05557717237187,0.5135186294922076
3190,179,13,34,119.97105370703416,21.13873285547709,1.3858700000000002,1.5084132921577367,0.33705171838579323
3191,165,13,34,113.66053428070059,26.19336179525423,1.3858700000000002,1.990446293190759,0.4976001093719725
3192,180,14,34,121.69998518041649,21.24740604714107,1.3858700000000002,1.4611868108272175,0.31562481087967603
3193,214,14,34,110.5322094848022,22.89831916006761,1.3858700000000002,1.9707371680330696,0.4925756634518299
3194,179,14,34,119.60945010916532,20.087972754765616,1.3858700000000002,1.4783145307561887,0.3235539669027814
3195,165,14,34,113.55735565080006,24.91258437157387,1.3858700000000002,1.9287827627492644,0.48153829487017413
3196,180,15,34,117.11741578120144,25.312896263898942,1.3858700000000002,1.7945133759592002,0.4427458644795658
3197,214,15,34,112.37039024866344,24.50748136041716,1.3858700000000002,1.9640265326513366,0.49084190901940083
3198,179,15,34,121.87707368277788,23.25665168375189,1.3858700000000002,1.535183423884997,0.3486120391598812
3199,165,15,34,110.91899799373174,26.33526930127864,1.3858700000000002,2.1359771219482977,0.5318301915669088
3200,180,8,39,124.82687313026025,19.25914037373231,1.288484,1.2086546330593981,0.17263379244345642
3201,214,8,39,107.21477093119057,15.344809991686347,1.288484,1.5306241933154423,0.3466717667424765
3202,179,8,39,120.57405137397633,17.760543173313422,1.288484,1.2473070610768324,0.19827279808977097
3203,165,8,39,110.66295536934487,21.362638942554288,1.288484,1.5685457073015596,0.36246677712672754
3204,180,9,39,123.51008780073046,18.102015631296293,1.288484,1.2061760172771092,0.17093360697267282
3205,214,9,39,107.62746262856392,17.055397894341986,1.288484,1.555555033966949,0.3571426415883097
3206,179,9,39,119.39526321444848,18.582269997040623,1.288484,1.2860959675585788,0.22245304765373022
3207,165,9,39,111.63669581099077,18.96914862237941,1.288484,1.4786413390641127,0.323703474547156
3208,180,10,39,122.42192576546958,18.848215762894355,1.288484,1.2377440507157693,0.19207852429448996
3209,214,10,39,108.66524076222414,16.66107270440843,1.288484,1.5125563481375939,0.3388676056721477
3210,179,10,39,118.57798608842167,18.75631454749318,1.288484,1.305963513809812,0.2342818237833018
3211,165,10,39,111.81305556831869,19.455758041449794,1.288484,1.48570446911735,0.3269186296558054
3212,180,11,39,121.99782537557117,20.097811948021842,1.288484,1.2705386240588339,0.21293223120960883
3213,214,11,39,107.70104934080715,17.41952642808525,1.288484,1.5617954395041642,0.3597112818324799
3214,179,11,39,118.0893149852369,18.51087856346105,1.288484,1.3105620702686172,0.23696860859475607
3215,165,11,39,112.02448220251418,19.368357365776397,1.288484,1.4775800756290451,0.3232177284373076
3216,180,12,39,121.82002033851919,19.26250049041993,1.288484,1.2562471670607172,0.20397830441302972
3217,214,12,39,107.61150930337658,17.362651288788868,1.288484,1.5634105569730572,0.36037274691549026
3218,179,12,39,116.93055935301042,15.384301378024766,1.288484,1.2688799362624055,0.2119033712948558
3219,165,12,39,111.4717243815943,20.236174418669478,1.288484,1.5151962151932683,0.34001947076376066
3220,180,13,39,113.99851826095826,12.560447725659053,1.288484,1.2798849872699594,0.21867979549237787
3221,214,13,39,107.52053835038275,17.426208301218864,1.288484,1.56797992217245,0.36223673156829
3222,179,13,39,116.70565281419825,14.934839312612024,1.288484,1.264634858070108,0.209257918506179
3223,165,13,39,111.19468693266111,20.42925674328259,1.288484,1.5282369882616202,0.3456512257712682
3224,180,14,39,115.21108583544883,12.777253626529562,1.288484,1.2558352550443146,0.20371721053115915
3225,214,14,39,109.12042270877225,17.90758233880332,1.288484,1.5277428002689735,0.3454395597060313
3226,179,14,39,117.38250960765733,15.344057191741873,1.288484,1.2588756247115356,0.20564035050790302
3227,165,14,39,111.00625520510286,19.24472394312877,1.288484,1.503639603089274,0.3349470192554991
3228,180,15,39,115.7168793914531,15.901426350021529,1.288484,1.3054915773554643,0.23400501592993722
3229,214,15,39,110.22829733284985,17.82251224826691,1.288484,1.4917437195461838,0.32964356618560553
3230,179,15,39,119.55375687700484,17.283586790447153,1.288484,1.2560523690970724,0.20385485143516632
3231,165,15,39,108.45144651594052,19.669379452593603,1.288484,1.5935362530850514,0.372464857285787
3232,180,8,164,124.34307604040193,15.188663597651194,1.379842,1.2023781894958554,0.16831492059974112
3233,214,8,164,105.45042122639148,10.465214195755056,1.379842,1.7054344532133348,0.41363914742321156
3234,179,8,164,119.99596000236077,12.779841766206115,1.379842,1.22841464418152,0.18594262553236685
3235,165,8,164,106.34467662087869,6.213923378605147,1.379842,1.5855716035842002,0.3693126202944792
3236,180,9,164,122.6330660326775,14.28232169034515,1.379842,1.2115341604963141,0.1746002443791247
3237,214,9,164,105.72465562285376,10.594141488829116,1.379842,1.6940277960697974,0.40969091397435486
3238,179,9,164,118.57921950025207,14.464007953420271,1.379842,1.308264025580687,0.23562829792240195
3239,165,9,164,107.26881796834199,5.828266220547227,1.379842,1.535121296127516,0.34858567689563585
3240,180,10,164,121.55299128724668,14.372333497844487,1.379842,1.2356895424389263,0.1907352408063089
3241,214,10,164,106.83203051225021,10.124166253064683,1.379842,1.62627639347776,0.38509837318518797
3242,179,10,164,117.50773331521977,13.838477970113296,1.379842,1.3189157404980763,0.24180145152990645
3243,165,10,164,107.4030194117726,6.045401028400114,1.379842,1.5308542556498592,0.34676995128089944
3244,180,11,164,121.15902297670581,14.936722962792063,1.379842,1.2594010684336203,0.20597177097542907
3245,214,11,164,105.58380429173486,11.420534710616943,1.379842,1.7224529640362862,0.4194326226147483
3246,179,11,164,117.15588937973465,14.27474386200163,1.379842,1.3415774304887669,0.254608808053906
3247,165,11,164,107.66337761991618,6.295753825886206,1.379842,1.520961096434084,0.34252098732537284
3248,180,12,164,121.02503651003245,14.42240207011894,1.379842,1.2483850175953075,0.19896507415136824
3249,214,12,164,105.59893421046938,10.274459261994819,1.379842,1.6931165997336046,0.40937322322789804
3250,179,12,164,115.80045698482591,11.639460248765287,1.379842,1.307257225604548,0.23503960780362512
3251,165,12,164,106.89697679019687,6.066689032258906,1.379842,1.5561042865231134,0.3573695486474411
3252,180,13,164,114.94510844470537,10.205868872252257,1.379842,1.2976093443327261,0.22935203544312233
3253,214,13,164,105.29824834405336,10.070663692691921,1.379842,1.7044429106836534,0.41329803789151304
3254,179,13,164,115.91245720344855,10.790549503734821,1.379842,1.282546011123475,0.2203008770624708
3255,165,13,164,106.8736213519778,5.8780133005516655,1.379842,1.5552232623167237,0.3570055025344982
3256,180,14,164,116.19260114954537,10.227022790274562,1.379842,1.2609919840820805,0.20697354731566
3257,214,14,164,106.68136793538169,10.011842768547542,1.379842,1.6313371188197356,0.3870059177446443
3258,179,14,164,116.08144929883586,10.745032523847634,1.379842,1.276546240568681,0.21663628921540987
3259,165,14,164,106.77838464932066,5.784089098571956,1.379842,1.5589914273126544,0.35855965435052334
3260,180,15,164,108.24783239235086,9.434955744678794,1.379842,1.542685368068918,0.3517796819115705
3261,214,15,164,104.86916919599858,8.20986092887762,1.379842,1.6910110204552413,0.408637798391883
3262,179,15,164,113.74123942142677,8.31643825372452,1.379842,1.2957723882477414,0.22825952376382333
3263,165,15,164,104.22475124118095,9.984773950592324,1.379842,1.7610364684560518,0.43215258859646044
3264,180,8,204,124.41703093217907,21.510983038669814,1.206839,1.1674908386645582,0.1434622295247675
3265,214,8,204,104.66570605375986,12.813180238679566,1.206839,1.3835102369569623,0.2772008668331179
3266,179,8,204,121.44104244937175,20.04623876846392,1.206839,1.1819286133528784,0.1539252128237981
3267,165,8,204,109.42764327126424,22.08974386992124,1.206839,1.3964032451052109,0.283874480021954
3268,180,9,204,122.37520013233829,19.97714104554226,1.206839,1.170553058100403,0.14570297084796824
3269,214,9,204,105.1260808148287,14.673672032647207,1.206839,1.3911913215679343,0.2811916057146219
3270,179,9,204,119.53773541149376,20.750181671248523,1.206839,1.214109478738801,0.17635104781589772
3271,165,9,204,110.22098282315585,19.7208334886578,1.206839,1.3474213482590844,0.25784165339814824
3272,180,10,204,121.23193309240406,20.847041155900982,1.206839,1.1944531233458195,0.16279678084070046
3273,214,10,204,106.1525863900543,14.258943717173642,1.206839,1.3629490345373956,0.2662968499483076
3274,179,10,204,118.75343492620604,21.525681333594438,1.206839,1.2346521132601633,0.19005524774144855
3275,165,10,204,110.3818981691516,20.283360311716383,1.206839,1.3522250017609794,0.26047810187082976
3276,180,11,204,120.80759223653648,22.350854174123054,1.206839,1.2189762441484675,0.1796394681189512
3277,214,11,204,105.23475457807004,15.585905291420914,1.206839,1.3988890644951637,0.2851470317548849
3278,179,11,204,118.04490814176445,20.389840722352748,1.206839,1.2291596773607105,0.186436051866564
3279,165,11,204,110.67031161277576,20.39843381141249,1.206839,1.3484099309464488,0.2583857645589275
3280,180,12,204,120.64221877050703,21.044348785598096,1.206839,1.204077745093797,0.16948884399312555
3281,214,12,204,105.14979561022011,14.368000158199143,1.206839,1.3873466538967676,0.27919961662702797
3282,179,12,204,116.10509621702275,16.532805417221958,1.206839,1.2064442001906206,0.1711179018126176
3283,165,12,204,110.22139553700528,21.424998634299932,1.206839,1.3714625682358728,0.27085140844470085
3284,180,13,204,113.32209992971868,14.26986941802695,1.206839,1.2218468764942851,0.1815668401353259
3285,214,13,204,105.06195862002889,14.497052408336485,1.206839,1.3907961831338136,0.2809873854077249
3286,179,13,204,116.20825290331983,16.320241484216744,1.206839,1.2023065557638986,0.1682653685900938
3287,165,13,204,109.9309151258559,21.569876096019865,1.206839,1.3791134534928982,0.27489649421714557
3288,180,14,204,114.5112704055623,13.865752964257613,1.206839,1.1980049027614283,0.16527887515737422
3289,214,14,204,106.68071312475068,15.124333070236121,1.206839,1.3607082495198943,0.26508860341455626
3290,179,14,204,116.92342248202466,16.88191206052036,1.206839,1.1992366398689407,0.1661362180284238
3291,165,14,204,109.79628098977085,20.252022817983057,1.206839,1.3630005672177792,0.266324589988068
3292,180,15,204,115.21373653152399,19.85026286187368,1.206839,1.263157730518876,0.20833323041199045
3293,214,15,204,109.45259787656937,19.764947888703,1.206839,1.3628874022238306,0.2662636705216479
3294,179,15,204,118.71243222217736,19.566327433500675,1.206839,1.2094196862443392,0.1731571667190723
3295,165,15,204,107.12367746575353,20.718067914830836,1.206839,1.4239776008024088,0.2977417626256889
3296,180,8,44,121.991432677958,16.80772156055537,1.3083799999999999,1.2232595441180776,0.18251199853015576
3297,214,8,44,105.33485078838757,11.90226882237186,1.3083799999999999,1.5765949666055514,0.3657216842744176
3298,179,8,44,119.82916133836267,16.566480008800198,1.3083799999999999,1.2576337156588675,0.20485592303311825
3299,165,8,44,110.38709335864552,12.245216092157012,1.3083799999999999,1.4009373885041183,0.2861922251444999
3300,180,9,44,119.89905021361987,15.405534242766361,1.3083799999999999,1.2314908051161693,0.18797607270346792
3301,214,9,44,105.72398661278955,12.875305269583214,1.3083799999999999,1.5798615860129208,0.36703315730102093
3302,179,9,44,118.52642910598615,18.067650875921796,1.3083799999999999,1.3189850607053337,0.24184129919921526
3303,165,9,44,111.27802365283634,11.42628874118195,1.3083799999999999,1.3575758257214707,0.26339289411804345
3304,180,10,44,118.77403966441065,16.12231848380697,1.3083799999999999,1.2689295119033082,0.21193416133882184
3305,214,10,44,106.7789678716759,11.946580582094084,1.3083799999999999,1.5211189776931455,0.3425892289395068
3306,179,10,44,117.65698522435775,18.12207898779591,1.3083799999999999,1.3397552333253733,0.25359500367994475
3307,165,10,44,111.42844169519188,11.831350154237622,1.3083799999999999,1.3605986288346825,0.26502939308672235
3308,180,11,44,118.29965440404874,17.45222534576024,1.3083799999999999,1.309301990322664,0.23623426269018322
3309,214,11,44,105.97057882717573,13.489625879179085,1.3083799999999999,1.583004373843081,0.36828980606523115
3310,179,11,44,117.35066339004173,18.24710413488517,1.3083799999999999,1.3499215979325405,0.2592162377937056
3311,165,11,44,111.6972749110691,12.03017003965639,1.3083799999999999,1.3563617006619018,0.2627335322782986
3312,180,12,44,118.198846984818,16.032850706411114,1.3083799999999999,1.2789249024176113,0.2180932609024553
3313,214,12,44,105.84684145264733,10.733925477220682,1.3083799999999999,1.5362794923574603,0.3490767760848813
3314,179,12,44,116.97083058949693,15.163271227102761,1.3083799999999999,1.2863634692797123,0.2226147400159451
3315,165,12,44,111.15412529710919,12.261323155061095,1.3083799999999999,1.377273102856839,0.2739275907401894
3316,180,13,44,115.97255702540912,15.648835530521595,1.3083799999999999,1.3203828827848016,0.24264392318467992
3317,214,13,44,105.81084572369,9.856983845210063,1.3083799999999999,1.524570508531806,0.34407756518718086
3318,179,13,44,116.95740026471739,14.222999455590365,1.3083799999999999,1.2663935552564574,0.21035605728624385
3319,165,13,44,110.93995529198382,11.719113653249547,1.3083799999999999,1.3734340924964261,0.2718980798107703
3320,180,14,44,117.21156434005114,14.511424275490604,1.3083799999999999,1.266941267735237,0.2106974289442925
3321,214,14,44,107.47151077334682,10.996537338380781,1.3083799999999999,1.4784803249563416,0.3236298223789152
3322,179,14,44,117.08024228775476,14.338947091897062,1.3083799999999999,1.266147667750174,0.21020270741650024
3323,165,14,44,110.80257203560936,11.263974816643746,1.3083799999999999,1.3693257795650098,0.2697135956078564
3324,180,15,44,112.57305891604578,10.79026530828908,1.3083799999999999,1.3079302027264723,0.235433207433065
3325,214,15,44,108.61797624661081,10.0814422925535,1.3083799999999999,1.4224258124486138,0.2969756375001626
3326,179,15,44,117.80720049995395,13.147934253104784,1.3083799999999999,1.2264533437777412,0.18464081404043955
3327,165,15,44,108.09918426133382,14.745529245783471,1.3083799999999999,1.5320016369584053,0.34725918310023934
3328,180,8,87,118.3965136500065,14.859432307084516,1.114362,1.0806677098703135,0.07464617396590305
3329,214,8,87,114.78767854729766,27.973097135514216,1.114362,1.1800563191103906,0.1525828184591475
3330,179,8,87,119.44459968245049,18.994002877577426,1.114362,1.0969892970351258,0.08841407778294869
3331,165,8,87,121.1791413867408,35.95789609796939,1.114362,1.1765934517050258,0.15008875958736692
3332,180,9,87,117.85779383340744,14.661360179141669,1.114362,1.0830822914294076,0.07670912181544302
3333,214,9,87,115.23483318177831,29.391896437894474,1.114362,1.184333853592341,0.15564348940395178
3334,179,9,87,119.78710633724907,21.305265616344897,1.114362,1.1078902289751764,0.09738350077784992
3335,165,9,87,122.18746960230001,33.394245628765965,1.114362,1.1580666801909376,0.1364918643241477
3336,180,10,87,116.89932660595679,15.019617724566935,1.114362,1.0915135365188524,0.08384095428693916
3337,214,10,87,116.26233222753316,28.81832588444858,1.114362,1.1737174323543862,0.14800617897096618
3338,179,10,87,119.11637977558402,21.794710114774723,1.114362,1.1148939256138677,0.10305368338122962
3339,165,10,87,122.3676649424563,33.68607328204298,1.114362,1.1584033758535717,0.13674284722871413
3340,180,11,87,116.50559237162959,16.11266510638879,1.114362,1.1002915488161247,0.0911499764985334
3341,214,11,87,115.19686313862572,29.52823829168706,1.114362,1.1853417199123661,0.15636142455702032
3342,179,11,87,119.32845972066664,22.419995212762835,1.114362,1.1170814200303718,0.10481010419740804
3343,165,11,87,122.65237961142901,34.58047938553251,1.114362,1.1610133533731126,0.13868346380798952
3344,180,12,87,116.35795020056868,15.103453494481096,1.114362,1.0957872686165333,0.0874141098002241
3345,214,12,87,115.32471570094509,29.33240386404643,1.114362,1.183347824449411,0.1549399260819355
3346,179,12,87,123.03246098564718,25.26056129880066,1.114362,1.1106826299034507,0.09965279632857146
3347,165,12,87,122.0368938526445,35.875189254659674,1.114362,1.1708816100836206,0.14594268849385786
3348,180,13,87,125.32520866808179,26.57930694649263,1.114362,1.1053106274538727,0.09527695187049808
3349,214,13,87,115.34103361778446,28.9968305164681,1.114362,1.1814331847501653,0.15357041523133833
3350,179,13,87,123.64692801683114,24.807617697330155,1.114362,1.1048297608532838,0.09488317980529552
3351,165,13,87,121.75507619951534,34.64414901228782,1.114362,1.1667874135997998,0.1429458457091368
3352,180,14,87,126.6258237941287,25.647535172086876,1.114362,1.0938961893453618,0.08583647174194257
3353,214,14,87,116.72404711979169,29.588251105975935,1.114362,1.1745206836358353,0.1485888550685976
3354,179,14,87,122.88245769473028,23.796906344616364,1.114362,1.1035567207898154,0.09383905588078865
3355,165,14,87,121.65554077202924,34.39606429087723,1.114362,1.1662089317954734,0.14252071585456064
3356,180,15,87,125.20236092088655,37.70913625998491,1.114362,1.160610606769844,0.13838457604385318
3357,214,15,87,120.27566562668827,36.41051827940859,1.114362,1.1844404913716557,0.15571950867541026
3358,179,15,87,130.4511457990898,35.32767175840945,1.114362,1.1225520091115149,0.10917267807352032
3359,165,15,87,118.76342002374568,35.13467300613939,1.114362,1.1883939645160257,0.15852820709397436
3360,180,8,22,114.81599480924203,9.770983578169,1.223166,1.1623391599165653,0.1396659129407791
3361,214,8,22,109.88672992433185,18.042109495519398,1.223166,1.3637155442339541,0.2667092457600941
3362,179,8,22,117.9575669307526,13.876210100972816,1.223166,1.1629826773763612,0.1401419647488156
3363,165,8,22,118.35108282664274,28.089892328704533,1.223166,1.3671610828757343,0.2685572954603381
3364,180,9,22,113.45214653485081,8.783989767675195,1.223166,1.177023030017121,0.15039895184934993
3365,214,9,22,110.46740262078296,19.440018006138743,1.223166,1.3731039800121025,0.27172303441201445
3366,179,9,22,117.82067261097065,15.338246662133553,1.223166,1.183856003611161,0.15530267452320046
3367,165,9,22,119.30483948019481,25.889536001562995,1.223166,1.3173125513652686,0.24087871252452916
3368,180,10,22,112.45447368804737,8.577596873592018,1.223166,1.194863344412259,0.1630842098584171
3369,214,10,22,111.29339126407537,18.775451046400395,1.223166,1.3458001760195404,0.25694763768147966
3370,179,10,22,116.96634148473126,15.139079342948456,1.223166,1.193650934249775,0.16223414123282792
3371,165,10,22,119.45382350064094,26.283437051792838,1.223166,1.321134692564056,0.24307490702617027
3372,180,11,22,111.98514641415136,8.73674563589136,1.223166,1.205948785602389,0.1707773896049114
3373,214,11,22,110.66449055179312,20.057903812764476,1.223166,1.3787945119282112,0.2747287638956991
3374,179,11,22,117.28651818882929,16.445019861428538,1.223166,1.2066163286729374,0.17123614504718207
3375,165,11,22,119.75391973496006,25.87285488698953,1.223166,1.3101507075456675,0.23672903106443324
3376,180,12,22,111.85633665969044,8.06920665418962,1.223166,1.203155697758272,0.16885237557931457
3377,214,12,22,110.808639121949,19.483275573821857,1.223166,1.3667102944385174,0.2683160402981908
3378,179,12,22,121.24240740645983,19.86018038132849,1.223166,1.1998982144510695,0.16659597626163575
3379,165,12,22,119.20635679922572,26.599969252543822,1.223166,1.3299345928178425,0.24808332274355147
3380,180,13,22,122.87646244545557,24.330826887017086,1.223166,1.2428469924009466,0.19539572762035007
3381,214,13,22,111.05883971557877,19.53027314384963,1.223166,1.3623238704851175,0.2659601570044395
3382,179,13,22,121.710382973164,20.329072195965377,1.223166,1.2005163113571822,0.16702506201727382
3383,165,13,22,118.9053080528929,27.14170426545565,1.223166,1.3431988648649775,0.2555086025176748
3384,180,14,22,124.1514471468531,24.272596252512876,1.223166,1.225868321076451,0.18425169913691303
3385,214,14,22,112.63013248815825,20.224497777977476,1.223166,1.342219500760938,0.2549653768008327
3386,179,14,22,120.47868920650129,18.678681264296443,1.223166,1.1932814946467982,0.16197476916710923
3387,165,14,22,118.80214521796078,26.401101997560808,1.223166,1.3332124320102297,0.24993198683859327
3388,180,15,22,120.64622093132857,19.714589574455534,1.223166,1.2055865007727509,0.1705282040243276
3389,214,15,22,117.40885775613113,24.628605969296277,1.223166,1.3277657045321707,0.24685507647424643
3390,179,15,22,127.34180219619698,22.303493662313482,1.223166,1.1636952216217868,0.14066846591812293
3391,165,15,22,116.00921279684832,26.979556530968893,1.223166,1.3894764389968914,0.2803044571796174
3392,180,8,214,126.01736801372793,18.782929674035515,1.363893,1.2515551783160512,0.20099407734824362
3393,214,8,214,107.00053749179261,13.560167815735182,1.363893,1.6744379776611562,0.4027846875542125
3394,179,8,214,121.2624461354669,17.711042341002468,1.363893,1.3196573014122264,0.24222750942244345
3395,165,8,214,110.05586695363532,21.10743158847847,1.363893,1.8219742894032478,0.451144834580772
3396,180,9,214,124.14670776814245,17.701688374280682,1.363893,1.2578813719551754,0.2050124739142452
3397,214,9,214,107.37916242063439,15.593343590092584,1.363893,1.7234504878839623,0.4197686518817309
3398,179,9,214,119.86110767239268,17.680318460934284,1.363893,1.352751711607543,0.26076604345105603
3399,165,9,214,110.9658245706631,19.34592349535313,1.363893,1.7082090059166073,0.414591542055821
3400,180,10,214,122.96282803111689,17.95235932578746,1.363893,1.2888428865974293,0.22411023841701933
3401,214,10,214,108.44899047499622,15.482097017111863,1.363893,1.6705848751004513,0.4014072467046186
3402,179,10,214,119.01978947119181,18.03582366670352,1.363893,1.3858336571322967,0.2784126761148965
3403,165,10,214,111.10674318408203,19.656333027216878,1.363893,1.7149332542244138,0.41688692691876544
3404,180,11,214,122.53193377165091,18.729713767053536,1.363893,1.3208248918999976,0.2428973695661453
3405,214,11,214,107.49803472804479,16.230827277844327,1.363893,1.7408318510874534,0.425561980971726
3406,179,11,214,118.56522573762857,17.815197421453412,1.363893,1.3910999586423551,0.28114439671470437
3407,165,11,214,111.43819267734403,19.616624326849163,1.363893,1.6995563564520946,0.41161115593274705
3408,180,12,214,122.41602578584691,18.065907171817376,1.363893,1.3039089472360275,0.23307528327053906
3409,214,12,214,107.35248895832773,15.728505022833216,1.363893,1.7294987929186325,0.4217978040259628
3410,179,12,214,117.04346075605362,15.431483681253535,1.363893,1.3595687518121156,0.2644726508555456
3411,165,12,214,110.88687727594521,19.81970569171473,1.363893,1.730903118376579,0.4222669140847675
3412,180,13,214,115.0561489335259,12.026514812024498,1.363893,1.3231023025116095,0.2442005443556958
3413,214,13,214,107.29590038559724,16.626513687998724,1.363893,1.7651239585439973,0.4334675504462175
3414,179,13,214,116.81849431581645,14.912910559847896,1.363893,1.3506838153335543,0.25963427661784205
3415,165,13,214,110.56135737376505,19.99414979725419,1.363893,1.7520714201738712,0.42924701100326007
3416,180,14,214,116.21785919145114,12.428503307077307,1.363893,1.2999338713626392,0.23073009940747008
3417,214,14,214,108.92763105358861,17.686681714338814,1.363893,1.7304422076283499,0.4221130323846263
3418,179,14,214,117.36494028678194,15.444148782210561,1.363893,1.3510407316984536,0.2598298655712213
3419,165,14,214,110.42302866787621,19.63659210422222,1.363893,1.7431796813933285,0.4263356722924299
3420,180,15,214,113.24515244740644,21.14393868342798,1.363893,1.6895852365548547,0.4081387678084546
3421,214,15,214,108.71402633042783,19.79745792926428,1.363893,1.8266912455388589,0.45256211062367674
3422,179,15,214,117.91137654772501,20.04641581571086,1.363893,1.4856761540886412,0.3269058016123101
3423,165,15,214,107.96839644553921,19.11712468297667,1.363893,1.832930166744607,0.45442547777144204
3424,180,8,31,121.35177842348399,14.514766432130727,1.206656,1.1178184949781729,0.1054003807482837
3425,214,8,31,109.63633080803604,15.64198408284562,1.206656,1.3047685426754587,0.23358054145796894
3426,179,8,31,119.08087820605199,14.244296109486426,1.206656,1.139810831242364,0.12266143416971559
3427,165,8,31,109.2360832101645,10.866918837550473,1.206656,1.2623895701405308,0.20785150348740702
3428,180,9,31,120.12846217318771,13.93612503175679,1.206656,1.1244240437384934,0.110655801457969
3429,214,9,31,109.66298340531338,16.0886208814115,1.206656,1.3097424130102033,0.23649109163252724
3430,179,9,31,118.60376572315003,16.170081105013903,1.206656,1.1681140902050773,0.1439192383815546
3431,165,9,31,110.26803073519476,10.058655381635981,1.206656,1.2342520479432182,0.18979271562366892
3432,180,10,31,119.07074585110179,14.28420875734791,1.206656,1.140383070780367,0.12310167905623376
3433,214,10,31,110.78821652027135,15.505887273659539,1.206656,1.2810736555441944,0.21940475813218996
3434,179,10,31,117.67103620232014,16.121421428669144,1.206656,1.1795241151445415,0.15220046189775627
3435,165,10,31,110.3935023755351,10.34651510425665,1.206656,1.2341393291411138,0.18971871620367256
3436,180,11,31,118.68492596285319,15.364719877863934,1.206656,1.1575264952080477,0.13608888942082897
3437,214,11,31,108.96598911898681,16.28405392368595,1.206656,1.3259910670104798,0.2458471064555847
3438,179,11,31,117.45675748280114,16.238112598417384,1.206656,1.1837954956480545,0.15525949906359282
3439,165,11,31,110.63445496473281,10.587989527940584,1.206656,1.231444129714585,0.1879452945772111
3440,180,12,31,118.5208911060043,14.279130860330579,1.206656,1.1469546202619272,0.1281259237862153
3441,214,12,31,109.43779397136358,14.491738567813048,1.206656,1.2950685889296947,0.22784012480262006
3442,179,12,31,118.41473090348661,15.654644557757631,1.206656,1.1643207055388958,0.14113010681437754
3443,165,12,31,110.02223885974875,11.263627031254726,1.206656,1.249777515277571,0.19985758442941448
3444,180,13,31,120.7924366690073,17.63600866685308,1.206656,1.1596506159122222,0.1376713069622572
3445,214,13,31,108.9696595496786,13.916346495882722,1.206656,1.298028918420051,0.22960113922793735
3446,179,13,31,119.15495534183212,15.556875555526176,1.206656,1.154062048096467,0.13349546356764783
3447,165,13,31,109.6825763247256,10.554532312825646,1.206656,1.2504113720661074,0.20026319150660166
3448,180,14,31,122.09092573722043,16.965106551751333,1.206656,1.1376671046878195,0.12100824935568118
3449,214,14,31,109.59783496940614,12.904724622455696,1.206656,1.274463726889472,0.21535624835658815
3450,179,14,31,118.61119602158753,14.342726502971605,1.206656,1.1465765539401205,0.12783843646237283
3451,165,14,31,109.65636190152628,10.030820594072733,1.206656,1.2466392286862598,0.19784330783989085
3452,180,15,31,111.66503905339776,10.13587990704935,1.206656,1.207495138148492,0.1718393156155095
3453,214,15,31,107.68846773200548,9.929427694673437,1.206656,1.2887936254414254,0.2240805818251239
3454,179,15,31,116.79905433731591,12.113121323369825,1.206656,1.1448809748371178,0.126546757279926
3455,165,15,31,107.0858501675185,12.858510152102063,1.206656,1.3272041620077948,0.2465364194705359
3456,180,8,125,119.11523295244488,16.898678463861394,1.127133,1.0981089919771556,0.08934358309962424
3457,214,8,125,110.78403800362341,21.80278551976794,1.127133,1.2015067819315777,0.1677117307716145
3458,179,8,125,118.26944082002788,17.079474383597915,1.127133,1.105302087504872,0.09526996166503474
3459,165,8,125,115.03184161516974,24.633766487913324,1.127133,1.180888742376796,0.15318017344522902
3460,180,9,125,118.14124127777254,16.263161558064425,1.127133,1.101057409339538,0.09178214367601106
3461,214,9,125,111.14338292773297,22.80590048343849,1.127133,1.204547199217313,0.16981252320392506
3462,179,9,125,117.95401310804318,19.87202345851487,1.127133,1.1257272415662443,0.11168535052178157
3463,165,9,125,116.08292202575308,22.38610354870172,1.127133,1.1571321269915598,0.1357944553834913
3464,180,10,125,117.11849584566032,16.95841963376709,1.127133,1.1131936283512291,0.10168368329495583
3465,214,10,125,112.10679351181984,21.88297976502029,1.127133,1.1891055778707047,0.15903178102093368
3466,179,10,125,117.18804942893223,19.61153788273918,1.127133,1.1298944131434006,0.11496155006380672
3467,165,10,125,116.22813970820123,22.98048475853918,1.127133,1.1598878302100497,0.1378476659946461
3468,180,11,125,116.77992719324222,18.375958069857873,1.127133,1.1250106749462208,0.111119545556487
3469,214,11,125,110.98581075121133,22.812860362216142,1.127133,1.2061476023293987,0.17091407546744
3470,179,11,125,117.29544083534616,20.349851113522288,1.127133,1.133917342948198,0.11810150341294834
3471,165,11,125,116.5149669969677,22.740718510176237,1.127133,1.155957567980101,0.13491634321199042
3472,180,12,125,116.61997164483823,17.14107673795799,1.127133,1.1182793552631634,0.10576905914115603
3473,214,12,125,111.2663781919809,21.473497670650165,1.127133,1.1945510716702403,0.1628654280961097
3474,179,12,125,119.79421297836066,21.083266190155562,1.127133,1.1202498602706235,0.10734199979420143
3475,165,12,125,115.8977644407836,24.02808807598437,1.127133,1.1695638382784894,0.1449804044284361
3476,180,13,125,120.36848937812535,24.269594255797234,1.127133,1.1368810774071225,0.12040052396624133
3477,214,13,125,111.29712725639995,20.93879487265196,1.127133,1.1907281907857945,0.1601777737872551
3478,179,13,125,119.88851445474403,20.394021066417693,1.127133,1.1151266203333678,0.10324085017264736
3479,165,13,125,115.626281818207,24.116250201626467,1.127133,1.1724171933844851,0.14706129725610587
3480,180,14,125,121.6451396631862,22.550194447504076,1.127133,1.1171532720383708,0.10486768017481753
3481,214,14,125,112.44173437885144,21.030174428799956,1.127133,1.180273658194475,0.15273886436663248
3482,179,14,125,119.44525258280365,19.779716237409538,1.127133,1.114250155025598,0.10253546253531676
3483,165,14,125,115.27910716830817,23.06356240535352,1.127133,1.1683638647248524,0.14410225256709888
3484,180,15,125,116.04544999514302,16.835704122482387,1.127133,1.1209476972752463,0.10789771687763938
3485,214,15,125,113.39617658307183,21.33221964978404,1.127133,1.1734116201928864,0.14778413406574312
3486,179,15,125,122.98964289593822,19.508999258117736,1.127133,1.0896416464948133,0.08226708916933821
3487,165,15,125,112.64109064479219,24.749374402221306,1.127133,1.2030350724297587,0.1687690384783967
3488,180,8,234,121.16791727664848,17.724819445598346,1.131427,1.09304693204521,0.08512620027312928
3489,214,8,234,109.25778710115812,22.98696784807287,1.131427,1.233940930844294,0.18958843571565906
3490,179,8,234,119.9885969764316,19.199302710905137,1.131427,1.1108242211204913,0.0997675590911248
3491,165,8,234,113.13525997960829,26.79230582324492,1.131427,1.2205822822339127,0.18071889576358793
3492,180,9,234,119.77278662047637,16.815366839923396,1.131427,1.0965527377037578,0.0880511573989087
3493,214,9,234,109.57737511943901,24.498022838201006,1.131427,1.2408202150995018,0.19408147301999779
3494,179,9,234,119.46295889445956,21.444936638071674,1.131427,1.129827172951347,0.11490887815364802
3495,165,9,234,114.09186215658866,24.739581802150003,1.131427,1.1974927733836085,0.16492189161657933
3496,180,10,234,118.73829582492593,17.469181371434903,1.131427,1.1083298406259305,0.0977415176016114
3497,214,10,234,110.59421407121155,24.121904777459353,1.131427,1.22751634824682,0.18534689869651558
3498,179,10,234,118.55947855213603,22.246901379902607,1.131427,1.1421778832599119,0.124479632589382
3499,165,10,234,114.23341008933252,25.297010426661622,1.131427,1.2000467061810842,0.16669910025226772
3500,180,11,234,118.30507616849563,19.09596267097481,1.131427,1.1225567981397098,0.10917647850229913
3501,214,11,234,109.28593452836309,24.319219571479742,1.131427,1.2427364562920895,0.19532416150109091
3502,179,11,234,118.48617138690346,22.790206552285788,1.131427,1.1464868195489195,0.12777017323806142
3503,165,11,234,114.520880034719,25.346176386179962,1.131427,1.1977559942645883,0.165105409792592
3504,180,12,234,118.17147140321755,17.42061986783915,1.131427,1.1122785132433537,0.10094460326843377
3505,214,12,234,109.53072495991472,23.901339781710497,1.131427,1.2372428723867392,0.19175125408407406
3506,179,12,234,119.56258373872201,20.756162114946736,1.131427,1.1244040755762394,0.1106400076969521
3507,165,12,234,113.93784478780938,26.52969497369936,1.131427,1.2112490031885206,0.17440592531545843
3508,180,13,234,120.38742637302111,22.812128935821097,1.131427,1.1323555938721406,0.11688518570349858
3509,214,13,234,109.39983232806019,23.38739711063367,1.131427,1.2351379539384622,0.1903738389616172
3510,179,13,234,119.97105370703416,21.13873285547709,1.131427,1.1240222664019892,0.11033790887344803
3511,165,13,234,113.66053428070059,26.19336179525423,1.131427,1.211532343672572,0.1745990066029476
3512,180,14,234,121.69998518041649,21.24740604714107,1.131427,1.1127125357527714,0.10129528708555369
3513,214,14,234,110.5322094848022,22.89831916006761,1.131427,1.2197232569677856,0.18014189342754228
3514,179,14,234,119.60945010916532,20.087972754765616,1.131427,1.1195312077712987,0.10676898235758416
3515,165,14,234,113.55735565080006,24.91258437157387,1.131427,1.203675081457862,0.16921101433052493
3516,180,15,234,117.11741578120144,25.312896263898942,1.131427,1.1749093964796677,0.14887054014866297
3517,214,15,234,112.37039024866344,24.50748136041716,1.131427,1.212262489008507,0.1750961453753416
3518,179,15,234,121.87707368277788,23.25665168375189,1.131427,1.1248976982733798,0.11103027276621415
3519,165,15,234,110.91899799373174,26.33526930127864,1.131427,1.2393159714763344,0.19310327389007131
3520,180,8,216,118.54059645753141,19.464265188954982,1.240158,1.2535905810345829,0.20229138992516654
3521,214,8,216,106.44116667981869,13.121450185953787,1.240158,1.4107607095322063,0.2911625669447587
3522,179,8,216,119.00182971396569,18.595893466137323,1.240158,1.2323089634048963,0.188515194081703
3523,165,8,216,115.42832400420228,22.767227630122665,1.240158,1.3659264223961856,0.2678961446212137
3524,180,9,216,116.6902081730649,17.56031273691369,1.240158,1.253208473874288,0.20204816608963322
3525,214,9,216,107.03521730602105,14.260534691333635,1.240158,1.4101292787249693,0.29084516215123607
3526,179,9,216,117.98334603623171,19.458669831009626,1.240158,1.2625492225217239,0.2079516725671314
3527,165,9,216,116.5389777528957,20.51826469498312,1.240158,1.3053109108297374,0.23389899547814447
3528,180,10,216,115.61582084556979,18.05071169820557,1.240158,1.2801298100617304,0.2188292217398031
3529,214,10,216,107.95675039752925,13.724660757885212,1.240158,1.378468183163252,0.27455706833563526
3530,179,10,216,117.14662436922342,19.78919880724674,1.240158,1.2821725814513314,0.22007379157330864
3531,165,10,216,116.7138205051615,21.402272546153352,1.240158,1.3175616417444214,0.24102222748681196
3532,180,11,216,115.22448000809206,19.219795655328188,1.240158,1.3070235096133738,0.23490282107029073
3533,214,11,216,107.45367365540903,14.644780076071168,1.240158,1.4046279550627616,0.28806770761207157
3534,179,11,216,117.17767404340512,19.471650562665445,1.240158,1.276296553012432,0.2164830362977096
3535,165,11,216,116.901343620745,20.818248299372964,1.240158,1.3040482377340932,0.2331572015023046
3536,180,12,216,115.09354005873325,18.683168980763433,1.240158,1.300341260813594,0.23097110725047462
3537,214,12,216,107.3041938692715,12.718417423112072,1.240158,1.3822519973527532,0.2765429155355395
3538,179,12,216,118.11154942795027,19.80121305422553,1.240158,1.2661221520461046,0.2101867909159005
3539,165,12,216,116.27413455539649,22.053998078552993,1.240158,1.3370955293878413,0.25211028081304915
3540,180,13,216,116.11880989353881,21.967412870731657,1.240158,1.3384340039324978,0.25285819318556874
3541,214,13,216,107.52993720328244,12.416024083470505,1.240158,1.3724810644156098,0.2713924979170543
3542,179,13,216,118.01395682536914,19.018865793501067,1.240158,1.2548089215318352,0.20306591478547323
3543,165,13,216,115.95849903875825,21.907935714900056,1.240158,1.3403641266814936,0.253934076499179
3544,180,14,216,117.30188508736929,22.763251380814676,1.240158,1.3310117265443606,0.2486918183686855
3545,214,14,216,109.33617199413193,14.040092312104345,1.240158,1.3484532034391303,0.2584095633058872
3546,179,14,216,118.00397956045099,18.861251823726473,1.240158,1.2523960661754285,0.2015305485158513
3547,165,14,216,115.79738451414823,20.62287481880042,1.240158,1.3206483093613712,0.24279613814553538
3548,180,15,216,119.9667366122794,17.613786548294815,1.240158,1.2026598377423756,0.16850969108838557
3549,214,15,216,115.4896679308908,20.297362639943916,1.240158,1.320693064758689,0.24282179812709515
3550,179,15,216,125.26024637687101,19.015553060360165,1.240158,1.156496259759993,0.13531929605416157
3551,165,15,216,113.07551119852084,20.955475923780902,1.240158,1.380277606035918,0.2755080603879785
3552,180,8,227,121.01370702024751,14.509933450217673,1.2183728999999999,1.1291038140315242,0.1143418456541673
3553,214,8,227,108.84680871826185,13.669501520115311,1.2183728999999999,1.3175816745970816,0.24103376718122507
3554,179,8,227,119.41768399695785,14.378877008577534,1.2183728999999999,1.1462855651300599,0.12761703503913704
3555,165,8,227,112.74284554685386,14.354850315193419,1.2183728999999999,1.2476954611088475,0.19852237090669264
3556,180,9,227,119.86346444387621,13.974344959418968,1.2183728999999999,1.135991829720966,0.11971197869827077
3557,214,9,227,109.20420930662348,14.841966185907614,1.2183728999999999,1.324267991518723,0.24486583802938527
3558,179,9,227,118.76731798722253,15.95638933624043,1.2183728999999999,1.1744095724117145,0.1485083028176915
3559,165,9,227,113.58869061628229,13.433950496293408,1.2183728999999999,1.221026402497916,0.1810168904175627
3560,180,10,227,118.85900416983115,14.19677225937096,1.2183728999999999,1.1510888749823334,0.13125734968522934
3561,214,10,227,110.24239217119285,14.090226826973781,1.2183728999999999,1.2929382621426713,0.2265678653961488
3562,179,10,227,117.89649476425302,15.868629682397875,1.2183728999999999,1.1850746609830627,0.15617130892794256
3563,165,10,227,113.74431713547936,13.86948150198206,1.2183728999999999,1.2237341020252657,0.1828290162503344
3564,180,11,227,118.43389930410314,15.112973513598398,1.2183728999999999,1.168046935802097,0.14387001981791026
3565,214,11,227,109.01935824755691,14.356411546532335,1.2183728999999999,1.322145524025256,0.24365360557625143
3566,179,11,227,117.75024449011966,16.28844681978995,1.2183728999999999,1.192636773863274,0.16152174583655607
3567,165,11,227,113.9959591186617,13.905578603306138,1.2183728999999999,1.2198583964146181,0.1802327196835479
3568,180,12,227,118.28551147526245,14.164534227804134,1.2183728999999999,1.1581635234381888,0.13656406909505817
3569,214,12,227,109.19699639567474,13.111312612019436,1.2183728999999999,1.3033993160685178,0.23277541450893974
3570,179,12,227,118.65710659174722,15.344601676523606,1.2183728999999999,1.1680281441483806,0.1438562460931893
3571,165,12,227,113.56106012442467,13.700170643789734,1.2183728999999999,1.224807346103164,0.18354506675552618
3572,180,13,227,118.19710488324183,15.078384473551253,1.2183728999999999,1.1707836306965491,0.14587121498695932
3573,214,13,227,109.07486560988836,10.928017336291882,1.2183728999999999,1.2831971304824281,0.22069651167000187
3574,179,13,227,118.80537340597616,14.778101443228485,1.2183728999999999,1.1589597704272778,0.13715728059195148
3575,165,13,227,113.28191662535171,14.251532138754714,1.2183728999999999,1.2366753933394086,0.1913803691850869
3576,180,14,227,119.49410394378914,14.800860156164672,1.2183728999999999,1.150511861416276,0.13082165118314937
3577,214,14,227,110.34873706535856,12.982679803568805,1.2183728999999999,1.277439437182624,0.21718402384265914
3578,179,14,227,118.52246606887488,14.171549002765268,1.2183728999999999,1.1551302672212889,0.13429677294705542
3579,165,14,227,113.16639808804031,13.435173029944988,1.2183728999999999,1.228511640519311,0.18600689890306257
3580,180,15,227,117.20891966488853,16.73967031245467,1.2183728999999999,1.2064265596996715,0.17110578181489924
3581,214,15,227,112.07653477800702,15.003268238759851,1.2183728999999999,1.2684475273346634,0.21163471215773594
3582,179,15,227,121.55835765117875,16.12645147204696,1.2183728999999999,1.1425128378981975,0.12473631207537988
3583,165,15,227,110.50622399103725,12.045322481556452,1.2183728999999999,1.2636201299334444,0.20862292685012024
3584,180,8,115,123.13048554813615,17.721670598997804,1.283152,1.199899266355013,0.16659670687378267
3585,214,8,115,107.73285219428752,17.332680695393034,1.283152,1.5449267195059613,0.3527201080969191
3586,179,8,115,120.15929653831022,17.762030310475794,1.283152,1.2486879381707958,0.19915939809196764
3587,165,8,115,112.5705725335107,24.342951573545687,1.283152,1.5760429729056045,0.36549953447246897
3588,180,9,115,121.6909851015774,16.62875644642089,1.283152,1.2017484373167802,0.16787909270532247
3589,214,9,115,108.20041417114523,19.52722758014336,1.283152,1.5827581633894692,0.3681915385869786
3590,179,9,115,119.09411867584221,19.124314987518353,1.283152,1.2962348543673858,0.22853486262098718
3591,165,9,115,113.55589502478156,21.672096296284924,1.283152,1.4809325233797397,0.32474978824975087
3592,180,10,115,120.5965119082265,17.218375732443718,1.283152,1.2305501278058977,0.18735533205540716
3593,214,10,115,109.24396846348681,18.976620027601626,1.283152,1.5364792432544754,0.3491613997453934
3594,179,10,115,118.32496846642951,19.457041913324545,1.283152,1.3185748850865084,0.2416054550179056
3595,165,10,115,113.72894430255654,22.417015421462953,1.283152,1.4949908062375734,0.3310995654102457
3596,180,11,115,120.17805731252454,18.43428272383136,1.283152,1.2617913612100442,0.20747594987414492
3597,214,11,115,108.47221862634608,20.202033653837553,1.283152,1.5910882791548986,0.37149936109695514
3598,179,11,115,118.01820748108798,20.083608211683135,1.283152,1.3386327547659975,0.25296912357802936
3599,165,11,115,114.02765874232544,22.239161469224605,1.283152,1.4827453507891948,0.32557535960726663
3600,180,12,115,120.04561574087437,17.222206119634812,1.283152,1.2400973387251428,0.1936116877502294
3601,214,12,115,108.34461510953307,18.922432060160954,1.283152,1.563196038244657,0.3602849703208567
3602,179,12,115,117.6946147746039,17.520002249661164,1.283152,1.290203751183155,0.22492862148093243
3603,165,12,115,113.36560217503259,23.535500931321526,1.283152,1.53310426424467,0.34772864225729605
3604,180,13,115,115.68508477278422,14.770501078437896,1.283152,1.276841198603038,0.21681725096740564
3605,214,13,115,108.33261011822962,18.88421233290733,1.283152,1.562642289026897,0.360058276278489
3606,179,13,115,117.45340199916058,16.414585232593403,1.283152,1.2725590587630466,0.21418185418284602
3607,165,13,115,113.15457583428646,23.434196564810257,1.283152,1.5362353959107555,0.34905809183809944
3608,180,14,115,116.92032305995531,14.39131384108019,1.283152,1.2441302750970522,0.19622565255717137
3609,214,14,115,110.15325969088866,19.052251447142112,1.283152,1.5110026369008362,0.338187786322422
3610,179,14,115,117.91566408150013,16.430907164940777,1.283152,1.263792852866141,0.20873108458232562
3611,165,14,115,112.98585617624734,22.2734871111196,1.283152,1.5111951621654898,0.3382721007609401
3612,180,15,115,115.58814433633263,20.835952767265123,1.283152,1.4099580221683956,0.2907590266679819
3613,214,15,115,111.25095645217384,21.868346813390804,1.283152,1.5494073267973787,0.354591925115652
3614,179,15,115,120.66293430855451,20.314799164866134,1.283152,1.2919019492321173,0.22594744857039534
3615,165,15,115,110.43397983396878,24.50965530388949,1.283152,1.6433302784092716,0.3914795989957717
3616,180,8,1,119.03416318190153,14.535469771748332,1.350076,1.2691423451934802,0.2120663188118978
3617,214,8,1,107.09775955109609,13.421057198261442,1.350076,1.6329966910470473,0.3876288877481935
3618,179,8,1,118.9439766729401,15.77394984407815,1.350076,1.3033700980707232,0.23275821542920025
3619,165,8,1,113.78266791223442,20.438751561090765,1.350076,1.603878683814324,0.3765114468497002
3620,180,9,1,117.34780431875103,13.425103340188391,1.350076,1.281582490107416,0.21971468265286234
3621,214,9,1,107.57821436531898,14.964474712846368,1.350076,1.6571710082076665,0.3965619751690188
3622,179,9,1,118.13409052720868,17.241364427573657,1.350076,1.3647801507586794,0.2672812544613128
3623,165,9,1,114.72127471060861,18.053606019921737,1.350076,1.4891561525637629,0.32847875068146565
3624,180,10,1,116.30109549952864,13.606304101276846,1.350076,1.3130777426258158,0.23843046947071184
3625,214,10,1,108.55444640483726,14.261768057735393,1.350076,1.5943627569348182,0.37279016607079296
3626,179,10,1,117.18117322299332,17.13195925696226,1.350076,1.3870447462334936,0.27904272539477176
3627,165,10,1,114.88872966188195,18.595253183197137,1.350076,1.5017875195188721,0.3341268408460538
3628,180,11,1,115.84452969524607,14.54276012110665,1.350076,1.350141010370951,0.25933662312409117
3629,214,11,1,107.88750622363408,15.657306598214983,1.350076,1.6657251276151224,0.39966085435011994
3630,179,11,1,117.19647486609462,17.777046464517046,1.350076,1.406202766652999,0.2888650031743505
3631,165,11,1,115.13472232079829,18.558528657081116,1.350076,1.492703383344022,0.3300745404892467
3632,180,12,1,115.73129603455048,13.593246765173287,1.350076,1.328241607812836,0.24712492507544526
3633,214,12,1,107.80615254864853,13.279254250350807,1.350076,1.5982176806097705,0.37430300507095604
3634,179,12,1,118.33974600555887,17.208279935665256,1.350076,1.3584811097728104,0.26388376488559495
3635,165,12,1,114.60267250043529,19.23669591508969,1.350076,1.5329797211756662,0.34767565011682977
3636,180,13,1,117.86973921627903,17.802195309078847,1.350076,1.3885218867764784,0.27980969581866005
3637,214,13,1,107.9140780845086,12.977117466025103,1.350076,1.5855080416518912,0.369287336469053
3638,179,13,1,118.34981966213944,16.44956336824529,1.350076,1.3364791810592243,0.2517653741471291
3639,165,13,1,114.28473662299137,19.483337218897507,1.350076,1.5522090975819924,0.35575690056334247
3640,180,14,1,119.13753019530209,17.369061476365847,1.350076,1.3430147727186494,0.2554065522483335
3641,214,14,1,109.61200221517922,14.513992554899097,1.350076,1.5588994137549403,0.3585217935317022
3642,179,14,1,118.13475398152693,15.908298519715768,1.350076,1.3268104147011308,0.24631281988749396
3643,165,14,1,114.16607932768588,18.8007385312925,1.350076,1.5324758827144582,0.347461182730843
3644,180,15,1,115.78181248465476,18.28338563246796,1.350076,1.4635200859934725,0.316715903272912
3645,214,15,1,112.44278123215162,18.61711845169471,1.350076,1.5861809911183746,0.36955492116008387
3646,179,15,1,121.95558903908326,18.01908459828665,1.350076,1.2964332416565882,0.22865291642615126
3647,165,15,1,111.37557306544355,20.263279901144912,1.350076,1.686952968641486,0.40721524631163464
3648,180,8,59,117.61721811931412,18.062330372472967,1.1464969999999999,1.1366944507233963,0.12025610808287437
3649,214,8,59,113.41429441340418,28.15474183054917,1.1464969999999999,1.2601905942543734,0.20646924000279684
3650,179,8,59,118.88837528611172,20.861113301957477,1.1464969999999999,1.1476267117809786,0.12863652463428613
3651,165,8,59,119.9439141829923,37.102109967616606,1.1464969999999999,1.26219100395908,0.20772688375742868
3652,180,9,59,116.9422108448635,17.813717466498513,1.1464969999999999,1.1408860519285424,0.12348827623090847
3653,214,9,59,113.84686095572535,29.385125597457755,1.1464969999999999,1.265258414796555,0.2096476195648988
3654,179,9,59,118.87949417245332,23.75092973458211,1.1464969999999999,1.1707802770252216,0.14586876835604787
3655,165,9,59,120.67019198338284,35.32347612612248,1.1464969999999999,1.2433055622598912,0.1956924907644163
3656,180,10,59,115.95466411451825,18.70026939114848,1.1464969999999999,1.1572371077148351,0.13587285325245663
3657,214,10,59,114.86141647468524,29.244170033272773,1.1464969999999999,1.2534581014856978,0.2022070791080126
3658,179,10,59,118.13157705117648,24.200338386753455,1.1464969999999999,1.1811044877537817,0.1533348570186244
3659,165,10,59,120.84981176710748,35.77357785926846,1.1464969999999999,1.244882356531116,0.196711243633884
3660,180,11,59,115.54032000088502,20.459058307608608,1.1464969999999999,1.1754320731401329,0.14924900991638856
3661,214,11,59,113.8334451324405,29.76286478466497,1.1464969999999999,1.2683583278971942,0.2115792690399284
3662,179,11,59,118.58338636646822,24.741257682694958,1.1464969999999999,1.181355372767403,0.15351466370577901
3663,165,11,59,121.16454577040113,35.23190753284329,1.1464969999999999,1.238313550202976,0.19245008678449274
3664,180,12,59,115.41793108521732,19.370639496294622,1.1464969999999999,1.167872024494365,0.14374179787981983
3665,214,12,59,113.97423683271091,28.893755338941524,1.1464969999999999,1.2600301502306668,0.20636819696978242
3666,179,12,59,122.203748635567,27.33528190987505,1.1464969999999999,1.1709715959985598,0.1460083204262199
3667,165,12,59,120.7733197703821,36.51528572670177,1.1464969999999999,1.2507175269637945,0.20045895380744286
3668,180,13,59,123.99406077181831,30.527848618227274,1.1464969999999999,1.1808688221312222,0.15316588832008596
3669,214,13,59,113.96208323602674,28.895576882223846,1.1464969999999999,1.2601741311878423,0.20645887322143464
3670,179,13,59,122.51100119134304,26.87732286713491,1.1464969999999999,1.1650115995242054,0.14163944770300715
3671,165,13,59,120.49793440163307,36.71248043289345,1.1464969999999999,1.2545274757899643,0.20288712738610262
3672,180,14,59,125.27148487878947,29.221986832356837,1.1464969999999999,1.1616274522114431,0.13913880212089133
3673,214,14,59,115.46947183777317,29.498612085896443,1.1464969999999999,1.2492007365385887,0.1994881440985211
3674,179,14,59,121.86351831738868,25.912349819785007,1.1464969999999999,1.1627244094586406,0.13995097044054008
3675,165,14,59,120.3801241846584,35.48159423755844,1.1464969999999999,1.247000202711086,0.1980755112742454
3676,180,15,59,122.10491109619917,28.443509851250955,1.1464969999999999,1.1802526043779111,0.1527237505846631
3677,214,15,59,119.1247922704631,34.557316060632395,1.1464969999999999,1.25181804741884,0.2011618604940798
3678,179,15,59,129.20290703685185,33.18805896786387,1.1464969999999999,1.1621582886244584,0.13953201574321727
3679,165,15,59,117.48100132363234,35.92275708330659,1.1464969999999999,1.2770734956337602,0.21695971029158329
3680,180,8,239,124.82687313026025,19.25914037373231,1.3235059999999998,1.2435333879119987,0.19583984658499004
3681,214,8,239,107.21477093119057,15.344809991686347,1.3235059999999998,1.6162707951587139,0.3812917965260874
3682,179,8,239,120.57405137397633,17.760543173313422,1.3235059999999998,1.2874564109344253,0.2232746743835714
3683,165,8,239,110.66295536934487,21.362638942554288,1.3235059999999998,1.6724826730771807,0.4020864813145645
3684,180,9,239,123.51008780073046,18.102015631296293,1.3235059999999998,1.2397257771597352,0.19337000292835502
3685,214,9,239,107.62746262856392,17.055397894341986,1.3235059999999998,1.6488083874608896,0.39350138705931326
3686,179,9,239,119.39526321444848,18.582269997040623,1.3235059999999998,1.333665108955947,0.250186577361355
3687,165,9,239,111.63669581099077,18.96914862237941,1.3235059999999998,1.5611751697646679,0.3594568890365196
3688,180,10,239,122.42192576546958,18.848215762894355,1.3235059999999998,1.277250854966492,0.21706844343726478
3689,214,10,239,108.66524076222414,16.66107270440843,1.3235059999999998,1.5973095183618462,0.3739472603747014
3690,179,10,239,118.57798608842167,18.75631454749318,1.3235059999999998,1.357173759217591,0.26317467221257007
3691,165,10,239,111.81305556831869,19.455758041449794,1.3235059999999998,1.5703621008870743,0.3632041938384053
3692,180,11,239,121.99782537557117,20.097811948021842,1.3235059999999998,1.3169328354276937,0.2406598323784409
3693,214,11,239,107.70104934080715,17.41952642808525,1.3235059999999998,1.6568868382615407,0.3964584805023665
3694,179,11,239,118.0893149852369,18.51087856346105,1.3235059999999998,1.362299925255696,0.2659472547410544
3695,165,11,239,112.02448220251418,19.368357365776397,1.3235059999999998,1.5605794966698712,0.3592123937717333
3696,180,12,239,121.82002033851919,19.26250049041993,1.3235059999999998,1.2993234693223292,0.23036870832360426
3697,214,12,239,107.61150930337658,17.362651288788868,1.3235059999999998,1.6586903317948873,0.3971147110275317
3698,179,12,239,116.93055935301042,15.384301378024766,1.3235059999999998,1.310376474580233,0.236860536342931
3699,165,12,239,111.4717243815943,20.236174418669478,1.3235059999999998,1.6067547747968531,0.37762749133486595
3700,180,13,239,113.99851826095826,12.560447725659053,1.3235059999999998,1.320524809818231,0.24272532211064698
3701,214,13,239,107.52053835038275,17.426208301218864,1.3235059999999998,1.664224469568512,0.39911951885957264
3702,179,13,239,116.70565281419825,14.934839312612024,1.3235059999999998,1.3050321115023367,0.2337353301990305
3703,165,13,239,111.19468693266111,20.42925674328259,1.3235059999999998,1.6226300966486882,0.38371659562745825
3704,180,14,239,115.21108583544883,12.777253626529562,1.3235059999999998,1.2929832296800368,0.22659476391858444
3705,214,14,239,109.12042270877225,17.90758233880332,1.3235059999999998,1.617477441592273,0.3817533560062621
3706,179,14,239,117.38250960765733,15.344057191741873,1.3235059999999998,1.2987225123638806,0.23001257737509942
3707,165,14,239,111.00625520510286,19.24472394312877,1.3235059999999998,1.591284170758165,0.37157673131157243
3708,180,15,239,115.7168793914531,15.901426350021529,1.3235059999999998,1.3534918389153625,0.26117027731666087
3709,214,15,239,110.22829733284985,17.82251224826691,1.3235059999999998,1.5747478419634169,0.3649776977924374
3710,179,15,239,119.55375687700484,17.283586790447153,1.3235059999999998,1.2972265907949736,0.22912465170238727
3711,165,15,239,108.45144651594052,19.669379452593603,1.3235059999999998,1.6990340741800436,0.4114302854799416
3712,180,8,156,127.02356644479661,19.747281642365596,1.222688,1.1345191616668393,0.11856931659858728
3713,214,8,156,104.30024128691241,10.026964132257874,1.222688,1.4031848418603932,0.28733551691296505
3714,179,8,156,120.76148564323972,16.26375554339907,1.222688,1.1569613733093898,0.13566690896552153
3715,165,8,156,102.66973073418654,8.168136564740541,1.222688,1.4373376819246788,0.3042692663139939
3716,180,9,156,125.62540452137816,18.583995321455525,1.222688,1.1336244169832494,0.11787362285195371
3717,214,9,156,104.31845511352161,10.259190809963002,1.222688,1.4044216806143626,0.2879631425495004
3718,179,9,156,119.00739388147214,16.70462188697519,1.222688,1.1852453222301678,0.1562928102357819
3719,165,9,156,103.3651825931538,7.75528077113021,1.222688,1.4153415575695958,0.2934567669183786
3720,180,10,156,124.47909639183474,18.76843898403063,1.222688,1.1473913102688515,0.12845775364493173
3721,214,10,156,105.52883185365778,9.871627601419128,1.222688,1.3687854675599036,0.26942532361724103
3722,179,10,156,118.13066871581755,16.46190613145166,1.222688,1.1940864286226678,0.16253968219581805
3723,165,10,156,103.4806686919763,8.273314481238769,1.222688,1.414822879115961,0.293197745978747
3724,180,11,156,124.07411015279774,19.67127110358898,1.222688,1.1633016723406104,0.14037775086495047
3725,214,11,156,103.91336235493304,12.093645429603933,1.222688,1.4313188883737187,0.3013436711254389
3726,179,11,156,117.13557046311348,16.099163557345992,1.222688,1.2035887586816838,0.16915142918473156
3727,165,11,156,103.74891516646818,8.719389895775526,1.222688,1.4098388347707864,0.29069906762599473
3728,180,12,156,123.9222834694099,18.91673655981016,1.222688,1.1551728058774187,0.13432865203189767
3729,214,12,156,104.0519336905851,11.410088037949816,1.222688,1.4212141845871193,0.29637628807475447
3730,179,12,156,114.38539477730572,12.445477217071755,1.222688,1.199797355767658,0.16652591773701905
3731,165,12,156,103.386602296432,9.00311549132721,1.222688,1.4217608098308023,0.2966468107114264
3732,180,13,156,113.3972270358203,10.842932745635371,1.222688,1.198732228356878,0.16578533858998978
3733,214,13,156,103.48213365801769,10.53457261544724,1.222688,1.4297580830636387,0.3005809781069866
3734,179,13,156,114.51448547106804,11.75535280337078,1.222688,1.1893320929560796,0.1591919482181764
3735,165,13,156,103.12238254189691,7.832611377460166,1.222688,1.4226248739566836,0.2970740085411664
3736,180,14,156,114.62594340237317,11.156609361211375,1.222688,1.180485236350599,0.15289071882724992
3737,214,14,156,104.5274875512234,9.808648591792377,1.222688,1.3953638330021998,0.28334103525641297
3738,179,14,156,115.15236251412082,11.866174355954392,1.222688,1.1799741063353297,0.15252377604647535
3739,165,14,156,103.01433768572207,7.825699654788989,1.222688,1.425666495281121,0.29857368233738685
3740,180,15,156,106.57793275582313,6.5921650620355665,1.222688,1.3221864146249638,0.2436769967239086
3741,214,15,156,100.47244280086137,9.741670279446906,1.222688,1.5116881962716495,0.3384879220024679
3742,179,15,156,108.97254416605432,7.639820087357482,1.222688,1.2661798536112172,0.21022278379493803
3743,165,15,156,100.38188732422925,6.953544405631831,1.222688,1.4986367716425042,0.3327269029279182
3744,180,8,145,118.9005049543139,16.278045282995876,1.44361,1.4412428242457953,0.30615439454257015
3745,214,8,145,109.36442288614157,20.124014716463172,1.44361,2.1183637712274965,0.527937546146503
3746,179,8,145,119.06423854314752,17.915914092939236,1.44361,1.5092567868745812,0.33742222748533535
3747,165,8,145,117.47122256473237,29.419652415193877,1.44361,2.2933268789326617,0.5639522611510966
3748,180,9,145,117.64664305913364,15.560340653387781,1.44361,1.4543838369725661,0.3124236019553187
3749,214,9,145,109.9325201286663,21.721009773313646,1.44361,2.1943153265670525,0.544276983397608
3750,179,9,145,118.53861297017671,19.7400092882933,1.44361,1.6206488518062812,0.3829631885491678
3751,165,9,145,118.33580473339146,27.568537022256987,1.44361,2.114232831684908,0.5270151967117718
3752,180,10,145,116.69213688937242,16.09226722007488,1.44361,1.5134193181403006,0.3392445913609677
3753,214,10,145,110.91694949248289,21.03204576288624,1.44361,2.0831721431394277,0.5199628589056696
3754,179,10,145,117.84753415930925,20.008619424452117,1.44361,1.66352441873593,0.39886665399244653
3755,165,10,145,118.50848621530783,27.83030945526637,1.44361,2.123024062486943,0.5289737795865656
3756,180,11,145,116.2540777286617,17.423390071626407,1.44361,1.594565649535806,0.3728699722767075
3757,214,11,145,110.27777108171739,22.21057423467214,1.44361,2.2073089621871396,0.5469596612296914
3758,179,11,145,117.8769057951175,20.621987034060716,1.44361,1.6963488959008233,0.41049862889853006
3759,165,11,145,118.80351781220531,27.471181966002618,1.44361,2.082829152798936,0.5198838086858034
3760,180,12,145,116.12836092358708,16.339456997484522,1.44361,1.547192543723094,0.3536680330725707
3761,214,12,145,110.22504751746796,21.166434895880453,1.44361,2.135832804960513,0.5317985576036286
3762,179,12,145,119.66366577636586,21.174744469579892,1.44361,1.6528726496170363,0.39499271148827114
3763,165,12,145,118.32726087133916,28.216697881998144,1.44361,2.1595903623647223,0.5369492208212054
3764,180,13,145,118.46138187648744,21.634604969989805,1.44361,1.7289096152276384,0.42160076432432003
3765,214,13,145,110.37590118860815,20.97409438884824,1.44361,2.11281146578028,0.5266970024555924
3766,179,13,145,119.52631491066796,20.655112364849572,1.44361,1.6301544777734878,0.3865612040854993
3767,165,13,145,118.02228837713838,28.316054074109264,1.44361,2.183310382848788,0.5419799182674165
3768,180,14,145,119.70498164698712,21.72260874716055,1.44361,1.6815389947314507,0.40530668445205786
3769,214,14,145,112.16312394846275,21.89114866074434,1.44361,2.0671257343664355,0.5162364904201169
3770,179,14,145,119.50863717681861,19.842050608614446,1.44361,1.5880024230895733,0.3702780389626687
3771,165,14,145,117.8488013086666,27.23961889294648,1.44361,2.117718400714452,0.5277936860431343
3772,180,15,145,123.22141364019909,23.718122954770514,1.44361,1.6549498160787557,0.39575207037431276
3773,214,15,145,117.00835550788405,28.33948380456702,1.44361,2.242368199652326,0.5540429086734964
3774,179,15,145,126.90741692876396,25.671748835406184,1.44361,1.6287833252806594,0.3860447952291704
3775,165,15,145,115.22301121407162,27.977708815550695,1.44361,2.322440307666797,0.5694184273762307
3776,180,8,7,123.4674870051172,20.108865723904138,1.212885,1.1662764032248225,0.14257032275115789
3777,214,8,7,110.54213007336767,21.67825747826883,1.212885,1.3830853079842975,0.27697879933567104
3778,179,8,7,120.17320747099745,18.46295883697056,1.212885,1.1834154485317663,0.15498821547354752
3779,165,8,7,112.89354893051085,21.92845878881413,1.212885,1.3426502583322868,0.2552044035338693
3780,180,9,7,122.40183689047358,19.474241665605202,1.212885,1.1700399055974173,0.1453282958845713
3781,214,9,7,110.86455426368066,22.67552497081638,1.212885,1.3918980537126717,0.2815565785635985
3782,179,9,7,119.43775120118377,20.566818682183893,1.212885,1.2208262270651096,0.18088260406723092
3783,165,9,7,113.78665199511468,19.8959393292294,1.212885,1.2971346406475321,0.22907000656400783
3784,180,10,7,121.34421818151546,20.342581647718234,1.212885,1.193573006665771,0.1621794440597433
3785,214,10,7,111.92275675300888,21.794085570161542,1.212885,1.3584058294802417,0.26384297071028934
3786,179,10,7,118.64655647746284,20.646385592703655,1.212885,1.2326820869034254,0.18876082436464814
3787,165,10,7,113.95202664025618,20.30620917810019,1.212885,1.3002391131085753,0.23091069179635124
3788,180,11,7,120.93537382091,22.228222312451525,1.212885,1.2238943470715669,0.1829360088207636
3789,214,11,7,110.57947639310284,22.23570815337273,1.212885,1.3907859117750245,0.2809820752902756
3790,179,11,7,118.34405755770173,20.958807572905346,1.212885,1.2412500968208398,0.19436058650770155
3791,165,11,7,114.30092837074501,20.345404929279162,1.212885,1.2949066694611677,0.22774357134470805
3792,180,12,7,120.80789776436193,20.837670498833095,1.212885,1.2067447687670938,0.1713243546755298
3793,214,12,7,110.7270875846748,21.51334450949083,1.212885,1.3769834575637931,0.27377486308424165
3794,179,12,7,118.72990244491409,19.258499707411232,1.212885,1.2126133959604868,0.1753348566565026
3795,165,12,7,113.71423162115397,21.13728951614345,1.212885,1.316452527100348,0.24038278675902916
3796,180,13,7,117.83329901632351,20.18389832218221,1.212885,1.237739426781456,0.19207550606968993
3797,214,13,7,110.54304684074549,20.860468488349472,1.212885,1.370805756639402,0.2705020422065127
3798,179,13,7,118.7387539510251,18.853503099839774,1.212885,1.2070661018333646,0.17154495641859227
3799,165,13,7,113.44223400474283,21.21577821469639,1.212885,1.3223408462761308,0.24376532509290702
3800,180,14,7,119.11353605009757,18.908755019132585,1.212885,1.2028115192072366,0.16861454680855406
3801,214,14,7,111.77570556755104,21.035215626178083,1.212885,1.3498156154991838,0.25915807424543413
3802,179,14,7,118.85757684687802,18.569139038457987,1.212885,1.2016971890854622,0.16784360562494244
3803,165,14,7,113.33155421796371,20.46692661843348,1.212885,1.3132898208017285,0.23855345243632012
3804,180,15,7,116.98358099340969,18.83219191282893,1.212885,1.2314186865760826,0.1879285161893509
3805,214,15,7,111.68878703917935,19.79469850871588,1.212885,1.3331819383090802,0.24991483062819325
3806,179,15,7,121.13780594150826,18.71424025473909,1.212885,1.1749655641700307,0.14891122727807132
3807,165,15,7,110.67539373313679,21.0602015448939,1.212885,1.3711989719308497,0.2707112385069448
3808,180,8,4,124.41703093217907,21.510983038669814,1.261495,1.2269178769062776,0.18494952366205641
3809,214,8,4,104.66570605375986,12.813180238679566,1.261495,1.5067829323899913,0.33633439926622677
3810,179,8,4,121.44104244937175,20.04623876846392,1.261495,1.245050090917114,0.1968194634937203
3811,165,8,4,109.42764327126424,22.08974386992124,1.261495,1.5444608651769842,0.3525248696506097
3812,180,9,4,122.37520013233829,19.97714104554226,1.261495,1.2295360042461616,0.18668506123730144
3813,214,9,4,105.1260808148287,14.673672032647207,1.261495,1.5209909529362864,0.34253389340055496
3814,179,9,4,119.53773541149376,20.750181671248523,1.261495,1.289731121176111,0.22464459174397847
3815,165,9,4,110.22098282315585,19.7208334886578,1.261495,1.471361807360061,0.3203575116617885
3816,180,10,4,121.23193309240406,20.847041155900982,1.261495,1.2629950175663276,0.2082312391644222
3817,214,10,4,106.1525863900543,14.258943717173642,1.261495,1.4817509671654807,0.3251227620840008
3818,179,10,4,118.75343492620604,21.525681333594438,1.261495,1.3189021978372295,0.24179366624771245
3819,165,10,4,110.3818981691516,20.283360311716383,1.261495,1.4791228540731693,0.3239236367376608
3820,180,11,4,120.80759223653648,22.350854174123054,1.261495,1.298412610285258,0.22982879858175245
3821,214,11,4,105.23475457807004,15.585905291420914,1.261495,1.533466258911521,0.3478826193999104
3822,179,11,4,118.04490814176445,20.389840722352748,1.261495,1.3098484966987325,0.23655292767038094
3823,165,11,4,110.67031161277576,20.39843381141249,1.261495,1.4740625143462838,0.3216027201916336
3824,180,12,4,120.64221877050703,21.044348785598096,1.261495,1.276373334218719,0.21653016935510475
3825,214,12,4,105.14979561022011,14.368000158199143,1.261495,1.5151157811210194,0.33998443388919775
3826,179,12,4,116.10509621702275,16.532805417221958,1.261495,1.2741575856097966,0.21516772234934198
3827,165,12,4,110.22139553700528,21.424998634299932,1.261495,1.50818089667765,0.3369495647353142
3828,180,13,4,113.32209992971868,14.26986941802695,1.261495,1.292031164441467,0.22602486107036696
3829,214,13,4,105.06195862002889,14.497052408336485,1.261495,1.520081263273681,0.34214043409338685
3830,179,13,4,116.20825290331983,16.320241484216744,1.261495,1.268352773127106,0.2115758161394531
3831,165,13,4,109.9309151258559,21.569876096019865,1.261495,1.5191602568051676,0.3417415999922054
3832,180,14,4,114.5112704055623,13.865752964257613,1.261495,1.2598443453692008,0.2062511502506706
3833,214,14,4,106.68071312475068,15.124333070236121,1.261495,1.4804086287869582,0.3245108272440991
3834,179,14,4,116.92342248202466,16.88191206052036,1.261495,1.2648834594889378,0.20941333171987322
3835,165,14,4,109.79628098977085,20.252022817983057,1.261495,1.4940019745859363,0.3306568418176618
3836,180,15,4,115.21373653152399,19.85026286187368,1.261495,1.3556222603341452,0.26233138149154356
3837,214,15,4,109.45259787656937,19.764947888703,1.261495,1.4928483988931018,0.33013961716309087
3838,179,15,4,118.71243222217736,19.566327433500675,1.261495,1.281867339282595,0.2198880731607873
3839,165,15,4,107.12367746575353,20.718067914830836,1.261495,1.579977805948124,0.3670797170470929
3840,180,8,247,113.96485583145838,13.189725075932595,1.179654,1.1698865128258396,0.14521623333829345
3841,214,8,247,108.58535648323374,21.14982483474884,1.179654,1.334178301048977,0.25047499332453127
3842,179,8,247,118.0806346600282,18.753341593116275,1.179654,1.1750198938138852,0.1489505792500285
3843,165,8,247,118.88706095318068,32.60130615981272,1.179654,1.3148455469344944,0.2394543965019642
3844,180,9,247,112.64252052419745,12.347966133123261,1.179654,1.1810866856876165,0.15332209555997978
3845,214,9,247,109.31001431443853,22.135001513174764,1.179654,1.333275622653257,0.24996753633733199
3846,179,9,247,118.2597924524075,21.645915960117588,1.179654,1.203784503904,0.1692865319690571
3847,165,9,247,119.9880274363294,31.993018364669766,1.179654,1.2952273984358307,0.22793480032337124
3848,180,10,247,111.60330293614676,12.65173514358925,1.179654,1.199478839991526,0.16630459274540868
3849,214,10,247,110.15481843842763,21.397655646769678,1.179654,1.3113730556956797,0.2374404860182957
3850,179,10,247,117.15283673757285,21.13549755382324,1.179654,1.2112414861377434,0.17440080161993465
3851,165,10,247,120.1630466866065,32.24615663480302,1.179654,1.2957994791020053,0.2282756582885769
3852,180,11,247,111.0959423869359,13.869554821493221,1.179654,1.2182701747091884,0.17916401405894336
3853,214,11,247,109.6719392199857,22.555531029306227,1.179654,1.3321739341835033,0.24934727039761104
3854,179,11,247,117.62272013111485,22.80950558735644,1.179654,1.223923284668918,0.18295532691780703
3855,165,11,247,120.50344625704574,30.925431355167486,1.179654,1.2780337029713478,0.21754802109282168
3856,180,12,247,110.94881390157983,12.769906582331249,1.179654,1.2108188541809175,0.17411262919549605
3857,214,12,247,109.69987469254366,21.43950340174292,1.179654,1.3191119218566878,0.24191421256168213
3858,179,12,247,121.26133658361861,25.04619210705523,1.179654,1.2072643543835104,0.17168100228499664
3859,165,12,247,119.74962234760531,31.739258203980036,1.179654,1.2953994556442125,0.2280373473658039
3860,180,13,247,123.56662794561761,29.19508639700664,1.179654,1.2267518738197691,0.18483923168075214
3861,214,13,247,110.00498584569748,21.418042308473982,1.179654,1.313982995667594,0.23895514379017432
3862,179,13,247,122.00138824284609,24.87445034862457,1.179654,1.1977673968590596,0.16511335788373507
3863,165,13,247,119.45519548954158,32.84754259569368,1.179654,1.3104910136329788,0.23692723597716797
3864,180,14,247,124.83039699244082,28.895895535277866,1.179654,1.2111379322647955,0.17433021181160863
3865,214,14,247,111.77603960256072,22.498972906356133,1.179654,1.2988673219511264,0.2300984226026838
3866,179,14,247,120.83020151714877,22.86634100193678,1.179654,1.1886988175029782,0.15874401044611577
3867,165,14,247,119.41671266415344,31.324641702455278,1.179654,1.2950132497572755,0.22780712846958892
3868,180,15,247,121.73063568406832,30.660173242370167,1.179654,1.2614074104570725,0.20723471916369288
3869,214,15,247,118.14678152628169,32.72019406811848,1.179654,1.3252843766777955,0.24544496441828875
3870,179,15,247,128.14215529195346,30.364037942298456,1.179654,1.1950913566804229,0.1632438855740063
3871,165,15,247,116.60778093203987,31.30096673706723,1.179654,1.3299573068459514,0.24809616455167177
3872,180,8,112,119.64916330448457,16.789344603626013,1.18264,1.1409636218827444,0.12354786706532792
3873,214,8,112,110.12692993956014,23.500910217495484,1.18264,1.342831771079459,0.2553050787619269
3874,179,8,112,118.91532710435952,18.577333022959117,1.18264,1.1672466850791585,0.14328306708175953
3875,165,8,112,115.2195642528014,31.068895757624606,1.18264,1.3538974990985324,0.26139164843288987
3876,180,9,112,118.57449502639616,16.17934451342502,1.18264,1.1461368321023264,0.12750382677631236
3877,214,9,112,110.48008745035679,25.14536982002084,1.18264,1.3564653478943716,0.26278986665432286
3878,179,9,112,118.42977909940802,20.372393453452105,1.18264,1.191980523199694,0.1610601175632895
3879,165,9,112,116.12666029095168,29.259940482937253,1.18264,1.321139092119252,0.24307742767955623
3880,180,10,112,117.55906035927283,16.939930769411713,1.18264,1.165314019124613,0.14186220744928246
3881,214,10,112,111.49306604729642,25.02049616262484,1.18264,1.3390350468010517,0.253193557264244
3882,179,10,112,117.88830820299958,20.880347266281696,1.18264,1.2038667592975496,0.16934329129288764
3883,165,10,112,116.27645803210173,29.42069770979894,1.18264,1.32093738528953,0.24296184577983257
3884,180,11,112,117.15180681978264,18.28022786534063,1.18264,1.1842662704406481,0.1555953040628991
3885,214,11,112,110.31518247480338,25.564249694107673,1.18264,1.3640378216102502,0.2668824983023584
3886,179,11,112,117.65842616172992,21.27778887233965,1.18264,1.2110094528924045,0.17424261419960377
3887,165,11,112,116.54659999626449,29.176608232303042,1.18264,1.3145793589197374,0.23930039429361244
3888,180,12,112,117.03588667736882,16.985722480722313,1.18264,1.1719180407050132,0.14669800680053455
3889,214,12,112,110.52561882330198,25.612952852474212,1.18264,1.3612301493021524,0.26537037068077024
3890,179,12,112,119.45508210153834,21.919229712408644,1.18264,1.1972895259100758,0.16478013182326418
3891,165,12,112,115.99946874389225,31.052155209899812,1.18264,1.342947086972793,0.2553690240662035
3892,180,13,112,119.09238059735186,22.705561300344556,1.18264,1.2100485013615525,0.17358684476300323
3893,214,13,112,110.50394480692452,25.147386510073893,1.18264,1.356106872448501,0.2625949913560551
3894,179,13,112,119.70997374561108,21.82392242793704,1.18264,1.1934196406084787,0.16207177595121652
3895,165,13,112,115.74058511157679,30.762625192388217,1.18264,1.3432650836063347,0.25554530360065103
3896,180,14,112,120.38485589317924,21.06445161699436,1.18264,1.1779196349651302,0.15104564834798523
3897,214,14,112,111.7483451670226,25.37065939326226,1.18264,1.339204819510846,0.2532882308732602
3898,179,14,112,119.47263534851228,21.07134811532581,1.18264,1.187851611368277,0.15814400516903984
3899,165,14,112,115.55069176960768,29.490602960282175,1.18264,1.3315837722050474,0.2490145788244013
3900,180,15,112,118.84397089046517,22.99883625489512,1.18264,1.2161672304323756,0.17774465963494443
3901,214,15,112,114.67577684573493,28.596366004901462,1.18264,1.3335888518996262,0.2501437016547091
3902,179,15,112,124.37749903092148,26.827089492056004,1.18264,1.1986900796139839,0.16575600565407897
3903,165,15,112,112.8505025729374,31.297031962129648,1.18264,1.3907492374711823,0.2809631146601862
3904,180,8,153,122.90661769434777,24.08897058833858,1.2992361000000001,1.3603818982104108,0.2649123004977462
3905,214,8,153,106.31017341104815,17.73499786046472,1.2992361000000001,1.6487023421876463,0.39346237679682666
3906,179,8,153,119.85920184632772,23.143303592420693,1.2992361000000001,1.4007119905082985,0.28607736153017854
3907,165,8,153,110.91144683370509,26.150343839145656,1.2992361000000001,1.733629587039434,0.42317551138030185
3908,180,9,153,121.14444731093398,22.78195448556761,1.2992361000000001,1.3641294543807794,0.2669317440594881
3909,214,9,153,106.7773948637403,20.064077210255824,1.2992361000000001,1.6960044101409149,0.41037889169349884
3910,179,9,153,118.56701090361457,24.933388658452227,1.2992361000000001,1.4776604409802239,0.3232545365181205
3911,165,9,153,111.82665393585404,25.22158487958663,1.2992361000000001,1.6755176868427046,0.4031695350919452
3912,180,10,153,120.07522926728436,23.512776004021305,1.2992361000000001,1.4053291752339052,0.28842294202455565
3913,214,10,153,107.81384944728126,19.85519470912684,1.2992361000000001,1.6524591956943921,0.3948413355043344
3914,179,10,153,117.80955892237702,25.60960129811936,1.2992361000000001,1.5149447061418926,0.33990990169753554
3915,165,10,153,111.9979244055879,25.46249719712632,1.2992361000000001,1.6772520994420614,0.4037867054495562
3916,180,11,153,119.65274168075861,25.99984427937654,1.2992361000000001,1.4800424401706742,0.3243436993031883
3917,214,11,153,106.91770860513911,20.325154264020384,1.2992361000000001,1.6983720223581857,0.41120085185370503
3918,179,11,153,117.44803624618622,25.916916087664863,1.2992361000000001,1.5327475683636156,0.3475768478513294
3919,165,11,153,112.23199539649983,25.474056324422325,1.2992361000000001,1.6701506943730988,0.4012516335387592
3920,180,12,153,119.51460688297091,24.423211856662203,1.2992361000000001,1.4415727175921216,0.30631317602187036
3921,214,12,153,106.82114385895845,19.499800050304053,1.2992361000000001,1.678264105575597,0.40414622664111116
3922,179,12,153,116.60932036843634,20.948947107594496,1.2992361000000001,1.4202124305568964,0.29587998352621225
3923,165,12,153,111.72389682761694,26.52452772283709,1.2992361000000001,1.7181175247390033,0.4179676386503836
3924,180,13,153,114.30711686062688,20.567484169345768,1.2992361000000001,1.4696489008730316,0.3195653741475538
3925,214,13,153,106.82173125146805,19.126826282732463,1.2992361000000001,1.667750010004227,0.40038975026151225
3926,179,13,153,116.46959274398368,20.712868214813806,1.2992361000000001,1.4175630923082558,0.2945640265142109
3927,165,13,153,111.42432502850856,26.284251197232706,1.2992361000000001,1.7206598321104138,0.41882760244743683
3928,180,14,153,115.49572300229832,19.34323481625445,1.2992361000000001,1.4068759564142312,0.2892052810762752
3929,214,14,153,108.45587457861207,20.006255591659265,1.2992361000000001,1.634240714445947,0.3880950393901869
3930,179,14,153,116.91388157874187,20.933338682057265,1.2992361000000001,1.4123850647722045,0.29197778641104205
3931,165,14,153,111.22446434870443,25.03147372870054,1.2992361000000001,1.6893144996113596,0.408043913534124
3932,180,15,153,115.10526665950113,23.163990142101596,1.2992361000000001,1.5186690599014916,0.34152869350952275
3933,214,15,153,110.0969380142332,24.270241540391375,1.2992361000000001,1.7038441434061218,0.41309185827236555
3934,179,15,153,119.41128438653323,25.13602958434031,1.2992361000000001,1.462784294917601,0.3163722064323023
3935,165,15,153,108.5533405864409,25.51863926474137,1.2992361000000001,1.796366564756224,0.44332074554298717
3936,180,8,200,117.99939093213915,12.677540146871877,1.153814,1.0981500110121074,0.08937759871408432
3937,214,8,200,103.8011791090061,12.112704682412305,1.153814,1.284699332143011,0.22160775289584925
3938,179,8,200,118.76893396648057,14.976057870148534,1.153814,1.1090328741214253,0.09831347353684262
3939,165,8,200,108.97300597444077,13.652456327784087,1.153814,1.2110665600919548,0.17428155234996232
3940,180,9,200,115.60320949646652,10.942122050315357,1.153814,1.1087618500015495,0.09809306660523852
3941,214,9,200,104.20190587178779,12.961427368462658,1.153814,1.2821244327548502,0.22004450234885592
3942,179,9,200,117.57597973855724,16.09498202116105,1.153814,1.1287227135917146,0.11404281320972569
3943,165,9,200,109.82963249199919,11.544429140254147,1.153814,1.18514371091003,0.1562204728470142
3944,180,10,200,114.4604341606296,10.935938637058232,1.153814,1.1212932394831956,0.10817263068410159
3945,214,10,200,105.2430516295114,12.696558870870987,1.153814,1.2631104037804373,0.20830356791691265
3946,179,10,200,116.38501065841483,15.589572819629309,1.153814,1.1361477188228215,0.11983276167986857
3947,165,10,200,109.94061115094725,12.004433419069917,1.153814,1.1864013422939046,0.15711491183371218
3948,180,11,200,113.83732083259972,11.824700493667017,1.153814,1.1347025706819687,0.11871178770751435
3949,214,11,200,104.16242919919401,13.062433757607891,1.153814,1.2833488362366146,0.2207886337961916
3950,179,11,200,116.38122774678111,16.439677013223758,1.153814,1.1431007133945996,0.12518644395701736
3951,165,11,200,110.1570482713985,11.967184064802758,1.153814,1.1831085771081868,0.1547690386589454
3952,180,12,200,113.7605681464309,10.92060344822792,1.153814,1.1293479112595644,0.11453327178451353
3953,214,12,200,104.18557400477381,11.85322875670478,1.153814,1.2767672644208385,0.21677189894619084
3954,179,12,200,117.14018484975773,14.72676350309197,1.153814,1.1218944358126979,0.10865053958877853
3955,165,12,200,109.66647367084664,12.446860381222805,1.153814,1.1931220291328926,0.16186276375539305
3956,180,13,200,118.73002616755598,17.511338488356706,1.153814,1.1297298383877625,0.11483262102105755
3957,214,13,200,104.0756833500307,11.58024531656784,1.153814,1.277406549050945,0.2171638694486461
3958,179,13,200,117.62977160569115,14.99692272721133,1.153814,1.1194259079544158,0.10668495976893087
3959,165,13,200,109.35795201968898,12.410985653184065,1.153814,1.197316955429037,0.1647992660041568
3960,180,14,200,119.96646978108708,17.201465611634426,1.153814,1.1165627331848431,0.10439425365054393
3961,214,14,200,105.33551656988833,11.280543292936713,1.153814,1.2543669256066035,0.20278510251981757
3962,179,14,200,116.87133902330429,14.281657435189157,1.153814,1.1209757579165645,0.10792004828133743
3963,165,14,200,109.32383544485523,11.91756973805707,1.153814,1.194736295192825,0.162995211559548
3964,180,15,200,110.15468824949262,11.868098686260153,1.153814,1.1825152674800783,0.15434495646641036
3965,214,15,200,107.1647999330789,12.448098195531232,1.153814,1.230611537737079,0.18739588461939913
3966,179,15,200,116.23108355093844,12.641768252665084,1.153814,1.1146968619624327,0.10289511514413698
3967,165,15,200,106.41265546348698,13.986420412129945,1.153814,1.2518831809986908,0.2012034228287585
3968,180,8,134,121.16791727664848,17.724819445598346,1.380882,1.3435843566694752,0.2557222067702279
3969,214,8,134,109.25778710115812,22.98696784807287,1.380882,2.0188630432244614,0.504671699570649
3970,179,8,134,119.9885969764316,19.199302710905137,1.380882,1.4252380226698387,0.2983628109171955
3971,165,8,134,113.13525997960829,26.79230582324492,1.380882,2.023149091912776,0.5057210543714526
3972,180,9,134,119.77278662047637,16.815366839923396,1.380882,1.3501219000937585,0.2593261394170738
3973,214,9,134,109.57737511943901,24.498022838201006,1.380882,2.08164532655319,0.5196107678651433
3974,179,9,134,119.46295889445956,21.444936638071674,1.380882,1.5258881912617075,0.34464398785789646
3975,165,9,134,114.09186215658866,24.739581802150003,1.380882,1.8754802942908537,0.46680324872295476
3976,180,10,134,118.73829582492593,17.469181371434903,1.380882,1.4002349250687927,0.28583412533373953
3977,214,10,134,110.59421407121155,24.121904777459353,1.380882,2.0093689598834867,0.5023313189539939
3978,179,10,134,118.55947855213603,22.246901379902607,1.380882,1.588087815500387,0.37031189948087834
3979,165,10,134,114.23341008933252,25.297010426661622,1.380882,1.896709615572511,0.47277116550170717
3980,180,11,134,118.30507616849563,19.09596267097481,1.380882,1.4713959592843389,0.32037328654458014
3981,214,11,134,109.28593452836309,24.319219571479742,1.380882,2.087580108545795,0.5209764665287032
3982,179,11,134,118.48617138690346,22.790206552285788,1.380882,1.6134907478869944,0.3802257612511343
3983,165,11,134,114.520880034719,25.346176386179962,1.380882,1.886430963256998,0.4698984381207037
3984,180,12,134,118.17147140321755,17.42061986783915,1.380882,1.4150654003585281,0.2933188814123821
3985,214,12,134,109.53072495991472,23.901339781710497,1.380882,2.0524715170823495,0.5127825201581699
3986,179,12,134,119.56258373872201,20.756162114946736,1.380882,1.4957965944336518,0.331459903223923
3987,165,12,134,113.93784478780938,26.52969497369936,1.380882,1.9719268885764205,0.49288180723478897
3988,180,13,134,120.38742637302111,22.812128935821097,1.380882,1.5516627265467497,0.35553004986752756
3989,214,13,134,109.39983232806019,23.38739711063367,1.380882,2.0323271763352753,0.5079532411689658
3990,179,13,134,119.97105370703416,21.13873285547709,1.380882,1.4981352101122585,0.3325035061921628
3991,165,13,134,113.66053428070059,26.19336179525423,1.380882,1.9676849742129485,0.49178856722225645
3992,180,14,134,121.69998518041649,21.24740604714107,1.380882,1.451870574686245,0.31123337201313284
3993,214,14,134,110.5322094848022,22.89831916006761,1.380882,1.9496714745618458,0.4870930753989041
3994,179,14,134,119.60945010916532,20.087972754765616,1.380882,1.4689045693945169,0.31922058053628327
3995,165,14,134,113.55735565080006,24.91258437157387,1.380882,1.9079544997077755,0.47587848653981996
3996,180,15,134,117.11741578120144,25.312896263898942,1.380882,1.7767192033534345,0.43716486087808965
3997,214,15,134,112.37039024866344,24.50748136041716,1.380882,1.9425082285856394,0.4852016659264757
3998,179,15,134,121.87707368277788,23.25665168375189,1.380882,1.5238284954518535,0.34375817030283656
3999,165,15,134,110.91899799373174,26.33526930127864,1.380882,2.1095938152419595,0.5259750987251993
4000,180,8,10,119.9976021404315,11.414635967484081,1.3345120000000001,1.1687892465589562,0.1444137572756511
4001,214,8,10,107.4088580397772,13.11514388396181,1.3345120000000001,1.5765991947239013,0.3657233852798441
4002,179,8,10,117.85259679946327,11.966911955489932,1.3345120000000001,1.2229672087937928,0.18231658804139517
4003,165,8,10,110.10498882240984,15.45823772101496,1.3345120000000001,1.5348488554690174,0.3484700487368698
4004,180,9,10,118.67062257312101,10.968185062298955,1.3345120000000001,1.1855383943824995,0.15650137967833527
4005,214,9,10,107.65516972424672,14.320687035431368,1.3345120000000001,1.5975603067068067,0.3740455394379515
4006,179,9,10,117.25364303360938,12.953762411036225,1.3345120000000001,1.2579073464306463,0.20502888957797002
4007,165,9,10,111.06887932106875,14.080855251005001,1.3345120000000001,1.4632283938685926,0.3165796917348458
4008,180,10,10,117.62736904632898,10.967250703343774,1.3345120000000001,1.2074626210327388,0.17181701314720346
4009,214,10,10,108.76481980528314,13.711112983187824,1.3345120000000001,1.5376161282453713,0.34964261779620137
4010,179,10,10,116.28159047214821,13.21425998401908,1.3345120000000001,1.2873539698039758,0.22321286650301075
4011,165,10,10,111.20307583616581,14.346009110928662,1.3345120000000001,1.4655629307050244,0.3176683313633352
4012,180,11,10,117.18587098576022,11.40498622125737,1.3345120000000001,1.2262176162103027,0.1844840697277221
4013,214,11,10,107.59374563350033,14.760518198532118,1.3345120000000001,1.612122642657098,0.3796997985514293
4014,179,11,10,116.18788821659177,13.199601640845039,1.3345120000000001,1.289369357936481,0.2244270473431993
4015,165,11,10,111.49717542037138,14.433821703564098,1.3345120000000001,1.457903198675367,0.31408340354243836
4016,180,12,10,117.08182555374192,10.632873378082612,1.3345120000000001,1.2130296251692017,0.17561782560709252
4017,214,12,10,107.6548567157741,14.157376460197314,1.3345120000000001,1.5931956610655913,0.372330703354313
4018,179,12,10,117.13936353988524,12.952002550045883,1.3345120000000001,1.260546983219604,0.20669359150273986
4019,165,12,10,110.87788998774053,15.223107992775741,1.3345120000000001,1.5006075258822398,0.33360323552150767
4020,180,13,10,117.6973258231248,12.446354820530047,1.3345120000000001,1.2366071591030565,0.19133575069602046
4021,214,13,10,107.46005489887072,14.467081765768143,1.3345120000000001,1.6095018781961405,0.37868975889561785
4022,179,13,10,117.24817960405092,12.72898197914445,1.3345120000000001,1.2530351522760825,0.20193779226101954
4023,165,13,10,110.58546783661633,14.68217213108751,1.3345120000000001,1.4960187180641762,0.33155916572087835
4024,180,14,10,118.97059178307278,12.284072693650023,1.3345120000000001,1.20599509277784,0.1708092296655696
4025,214,14,10,108.8431212499916,15.011923433408205,1.3345120000000001,1.5695397772410864,0.36287055957397585
4026,179,14,10,116.9875080941546,12.18354766120394,1.3345120000000001,1.2472142976589105,0.19821316843700817
4027,165,14,10,110.56333345498948,14.450038976931548,1.3345120000000001,1.49056090270002,0.3291116128240128
4028,180,15,10,111.84861969778628,14.189317978930513,1.3345120000000001,1.4397875047119282,0.3054530639227353
4029,214,15,10,108.00397936367956,14.784703271883894,1.3345120000000001,1.5961969255401205,0.3735108845284736
4030,179,15,10,117.14125866975851,14.551577760655421,1.3345120000000001,1.2979334386363814,0.2295444664322637
4031,165,15,10,108.0167046295012,14.759711625735193,1.3345120000000001,1.5949920269160516,0.37303761829234994
4032,180,8,173,118.26053998013326,12.468815090436022,1.2698399999999999,1.1752089099936187,0.1490874588370591
4033,214,8,173,110.0150048515717,14.490042163807649,1.2698399999999999,1.3902460865620139,0.2807028844275092
4034,179,8,173,118.22217373493604,13.277479535859925,1.2698399999999999,1.1886834098382435,0.1587331061210988
4035,165,8,173,114.2339672746552,16.01560142247711,1.2698399999999999,1.314875699940793,0.23947183749381887
4036,180,9,173,117.18038915791159,11.778299381488951,1.2698399999999999,1.1830955788404918,0.15475975239459264
4037,214,9,173,110.23700666934745,15.414064796781565,1.2698399999999999,1.4013998905284903,0.2864278021151522
4038,179,9,173,118.08062612089763,14.635354663534219,1.2698399999999999,1.2136711445747934,0.17605357557516335
4039,165,9,173,115.18852947382436,14.285836090050834,1.2698399999999999,1.2627358475499866,0.2080687327121961
4040,180,10,173,116.1651963496394,11.893653695688043,1.2698399999999999,1.2036499232797675,0.16919364953295696
4041,214,10,173,111.26280590633294,14.737144839810604,1.2698399999999999,1.3617795227934595,0.26566673733742907
4042,179,10,173,117.35576857255512,14.704662855304553,1.2698399999999999,1.2278228846475254,0.18555028375523983
4043,165,10,173,115.33792319072622,14.681465269778865,1.2698399999999999,1.2666470798772334,0.21051410776794863
4044,180,11,173,115.71814106183578,12.517450919449097,1.2698399999999999,1.2222473505488574,0.1818350029141449
4045,214,11,173,110.02819280704823,15.0481583325227,1.2698399999999999,1.4001517479150247,0.2857916997288996
4046,179,11,173,117.32929866705634,15.250197525110224,1.2698399999999999,1.2378789883712624,0.19216659350866871
4047,165,11,173,115.54281925537535,14.691338361404956,1.2698399999999999,1.2626236706496026,0.20799837414301467
4048,180,12,173,115.62144260226887,11.799067854123473,1.2698399999999999,1.2127863930249059,0.17545249043747813
4049,214,12,173,110.37875254307029,13.735926476818458,1.2698399999999999,1.3670788983139854,0.268513323383678
4050,179,12,173,119.83832704904474,16.482119275976515,1.2698399999999999,1.2161398587065513,0.17772615308935844
4051,165,12,173,115.02940598392289,14.91280112285324,1.2698399999999999,1.27722197060467,0.21705073744810846
4052,180,13,173,121.80979963753538,19.239240298640325,1.2698399999999999,1.2344068227521332,0.1898943026169596
4053,214,13,173,110.26933321200423,12.27926770960115,1.2698399999999999,1.34605032869135,0.2570857280112143
4054,179,13,173,120.37049671273253,16.111230442386116,1.2698399999999999,1.2011790228811892,0.16748462889289747
4055,165,13,173,114.77584666547449,15.19867789561056,1.2698399999999999,1.2878003381477552,0.22348211102483384
4056,180,14,173,123.09853604451709,19.14194325403944,1.2698399999999999,1.2131563567463661,0.175703944146196
4057,214,14,173,111.34440767431396,13.776000834422321,1.2698399999999999,1.3425210805730103,0.2551327390902619
4058,179,14,173,119.71752619225019,15.22699698158036,1.2698399999999999,1.1964156542221729,0.1641700804641083
4059,165,14,173,114.58514407564168,14.581448735281535,1.2698399999999999,1.2807106682439306,0.21918351678043888
4060,180,15,173,115.46951799062192,12.483529689860955,1.2698399999999999,1.2266642694640693,0.18478101556108673
4061,214,15,173,112.71229794291156,13.912571453837959,1.2698399999999999,1.3112038142826365,0.23734205993970287
4062,179,15,173,122.24790721955179,15.141783109597547,1.2698399999999999,1.1579146731384298,0.13637850594846976
4063,165,15,173,111.73948234316384,13.556049147549478,1.2698399999999999,1.3287387899213565,0.24740663282721914
4064,180,8,162,117.93010446694356,12.904651095584182,1.118075,1.0757300289145908,0.07039873098178939
4065,214,8,162,110.36004423924402,20.803776231612442,1.118075,1.1829245192286861,0.1546375244195295
4066,179,8,162,119.05631442566889,16.27173384607262,1.118075,1.0872254486901833,0.08022756346925722
4067,165,8,162,117.64792583036282,29.375299034854507,1.118075,1.173488561356,0.14784001060524096
4068,180,9,162,116.62287300050238,12.186183090372207,1.118075,1.081052601821668,0.07497563179172526
4069,214,9,162,110.76584745507517,22.264837050338826,1.118075,1.1877697823976643,0.15808600722155694
4070,179,9,162,118.65584765744363,17.1872096592282,1.118075,1.0951064154126027,0.08684673386446146
4071,165,9,162,118.56593869650744,27.353032684215414,1.118075,1.1555058438457402,0.1345781543849121
4072,180,10,162,115.68078094204175,12.330706586015308,1.118075,1.088976313757003,0.08170638115170005
4073,214,10,162,111.75272429153566,21.80919329952346,1.118075,1.176201926677943,0.1498058476877407
4074,179,10,162,117.94490595648175,18.041569839219694,1.118075,1.1048812351343487,0.09492534744840296
4075,165,10,162,118.71664725038318,27.788971030257315,1.118075,1.1569519475059082,0.13565986715719386
4076,180,11,162,115.28426738598083,13.100696307039234,1.118075,1.0962392157439966,0.08779034207299445
4077,214,11,162,110.78465187086873,22.310221250906434,1.118075,1.1878657701973405,0.15815403971623015
4078,179,11,162,118.06766842872119,18.531102750244997,1.118075,1.1069186550740342,0.09659124867389929
4079,165,11,162,119.04973756744508,27.923295104289103,1.118075,1.1554159246609752,0.13451080372341043
4080,180,12,162,115.16636595953105,12.162866050453587,1.118075,1.0921679973718397,0.08438994513081319
4081,214,12,162,111.06500931265212,22.45814692561807,1.118075,1.1861943867681872,0.15696785353661802
4082,179,12,162,120.80483536452832,20.02692965567267,1.118075,1.0980248616074175,0.0892738088497534
4083,165,12,162,118.49009298162966,28.37393319245335,1.118075,1.1618597480819441,0.1393109179908765
4084,180,13,162,121.56634151482923,20.516228370695828,1.118075,1.0962972517696097,0.08783863282897918
4085,214,13,162,111.10792675664686,22.74146446516074,1.118075,1.1874813349045206,0.15788150044446383
4086,179,13,162,121.1226105741271,20.097818472163,1.118075,1.0965179529566607,0.08802222772222634
4087,165,13,162,118.1810584193928,28.331305796807005,1.118075,1.1637949727991346,0.14074212092975316
4088,180,14,162,122.82220860522045,19.832075151818177,1.118075,1.0852443340649378,0.07854851795967731
4089,214,14,162,112.51560998289351,23.300520860701983,1.118075,1.178429731263767,0.15141312759685394
4090,179,14,162,120.56380652854853,19.10136261638105,1.118075,1.0941259736636006,0.08602846100840356
4091,165,14,162,118.05501227167223,27.679629640918648,1.118075,1.1609735583016962,0.13865394017859695
4092,180,15,162,120.28156624246496,31.88809369624992,1.118075,1.1689545786915112,0.14453476787834932
4093,214,15,162,116.6998113922792,30.073084456878483,1.118075,1.1843102334384938,0.1556266493648143
4094,179,15,162,126.57276957345294,28.268861200955804,1.118075,1.1118230409392864,0.10057629390808133
4095,165,15,162,115.16696352732792,27.99863435907375,1.118075,1.1842987756966128,0.1556184803013133
4096,180,8,84,124.88435284201896,21.947022404231664,1.259416,1.2255527329204052,0.18404163840663884
4097,214,8,84,109.38796610741382,17.246256123390957,1.259416,1.4383881852018496,0.30477738187228676
4098,179,8,84,121.79096929285988,19.48057464126068,1.259416,1.227211055635113,0.18514423789763326
4099,165,8,84,111.240778462855,18.553242912403242,1.259416,1.416571830367213,0.2940703898221854
4100,180,9,84,123.48060546590402,20.92223959353153,1.259416,1.2275205322458076,0.1853496754384612
4101,214,9,84,109.54729637626254,18.053779484887844,1.259416,1.450001799966894,0.3103456836930604
4102,179,9,84,120.69926737580191,20.91742879656356,1.259416,1.2701518200141484,0.21269254254277975
4103,165,9,84,112.00155100467269,16.56884013646703,1.259416,1.3598514809200613,0.2646255756375612
4104,180,10,84,122.37812795106416,21.620851344150964,1.259416,1.2562683391403737,0.20399171988663692
4105,214,10,84,110.72949170486186,17.67574322539416,1.259416,1.4119786144359339,0.2917739760531102
4106,179,10,84,119.65697276882021,21.64166866606482,1.259416,1.301504539221997,0.23165846152348268
4107,165,10,84,112.13272777171892,16.79302125719232,1.259416,1.3609396699626881,0.2652135711295591
4108,180,11,84,121.93784961862985,23.380201308669125,1.259416,1.2958053518342725,0.2282791558281082
4109,214,11,84,109.12426903922959,17.382608312366717,1.259416,1.4480999685706757,0.3094399408163552
4110,179,11,84,119.52223130336874,20.676591987929218,1.259416,1.285550541897771,0.22212315470400112
4111,165,11,84,112.44297957514866,16.81513465411829,1.259416,1.3541123298919622,0.2615088291236629
4112,180,12,84,121.77936862067695,22.24490709560875,1.259416,1.277138399553744,0.21699950424369147
4113,214,12,84,109.42249451183959,16.300834709874966,1.259416,1.4195547504498967,0.2955537645285805
4114,179,12,84,119.33606592968204,19.91415934545467,1.259416,1.2745331430827682,0.21539898320630807
4115,165,12,84,112.03255510717887,17.581322403702153,1.259416,1.3782817876291458,0.27445896116776525
4116,180,13,84,119.54797841326273,22.656636839176205,1.259416,1.323067556527025,0.2441806957877936
4117,214,13,84,109.04796196255901,15.624156751232642,1.259416,1.4172243703944103,0.2943954246837413
4118,179,13,84,119.67691882062647,19.57458522117475,1.259416,1.2624874880482742,0.20791294213462916
4119,165,13,84,111.77068602983923,17.576375375058547,1.259416,1.3844386042530767,0.2776855564934832
4120,180,14,84,120.81272693122742,22.720111084855017,1.259416,1.3021105166902822,0.2320160330616097
4121,214,14,84,110.05966514313269,16.106215156331697,1.259416,1.3992796518332058,0.28534657193800167
4122,179,14,84,119.4348925800579,19.242548225859288,1.259416,1.2605143847914972,0.20667307563855303
4123,165,14,84,111.60584762291745,16.847160176859102,1.259416,1.374498849468134,0.27246210472496746
4124,180,15,84,114.10312794008483,14.488788148739637,1.259416,1.276171704888826,0.21640638468229062
4125,214,15,84,109.94060470331247,16.985241720623968,1.259416,1.418827843399171,0.2951928560943377
4126,179,15,84,119.24172507102338,16.63399994861844,1.259416,1.2178990150685847,0.17891386097911732
4127,165,15,84,108.93269762091201,17.652882892168158,1.259416,1.4585751525822934,0.3143993998323788
4128,180,8,64,124.34307604040193,15.188663597651194,1.3155059999999998,1.1600610634668116,0.13797641219719362
4129,214,8,64,105.45042122639148,10.465214195755056,1.3155059999999998,1.5629949083026498,0.360202650253058
4130,179,8,64,119.99596000236077,12.779841766206115,1.3155059999999998,1.1831005335131546,0.1547632921518911
4131,165,8,64,106.34467662087869,6.213923378605147,1.3155059999999998,1.4767533456359514,0.3228388457996969
4132,180,9,64,122.6330660326775,14.28232169034515,1.3155059999999998,1.1681931200369844,0.14397715339366104
4133,214,9,64,105.72465562285376,10.594141488829116,1.3155059999999998,1.553804595642988,0.3564184307318355
4134,179,9,64,118.57921950025207,14.464007953420271,1.3155059999999998,1.2441869633434084,0.19626227451156011
4135,165,9,64,107.26881796834199,5.828266220547227,1.3155059999999998,1.4371335992707963,0.3041704678622771
4136,180,10,64,121.55299128724668,14.372333497844487,1.3155059999999998,1.1871811128575742,0.15766854006548728
4137,214,10,64,106.83203051225021,10.124166253064683,1.3155059999999998,1.5019579488801855,0.3342023984455958
4138,179,10,64,117.50773331521977,13.838477970113296,1.3155059999999998,1.2534471966628085,0.20220013841635215
4139,165,10,64,107.4030194117726,6.045401028400114,1.3155059999999998,1.4334655914196104,0.30238995202552055
4140,180,11,64,121.15902297670581,14.936722962792063,1.3155059999999998,1.2051915001393878,0.17025634524941152
4141,214,11,64,105.58380429173486,11.420534710616943,1.3155059999999998,1.5737985724795887,0.36459467082597735
4142,179,11,64,117.15588937973465,14.27474386200163,1.3155059999999998,1.2706019778919624,0.21297147541113878
4143,165,11,64,107.66337761991618,6.295753825886206,1.3155059999999998,1.4252588476243373,0.2983730627830664
4144,180,12,64,121.02503651003245,14.42240207011894,1.3155059999999998,1.1971377307514004,0.16467422727346845
4145,214,12,64,105.59893421046938,10.274459261994819,1.3155059999999998,1.5538566113521224,0.3564399747735873
4146,179,12,64,115.80045698482591,11.639460248765287,1.3155059999999998,1.24716986996559,0.19818460653832948
4147,165,12,64,106.89697679019687,6.066689032258906,1.3155059999999998,1.4535441891809966,0.31202641966911737
4148,180,13,64,114.94510844470537,10.205868872252257,1.3155059999999998,1.241175279088865,0.1943120227675736
4149,214,13,64,105.29824834405336,10.070663692691921,1.3155059999999998,1.5631612944610924,0.360270751621473
4150,179,13,64,115.91245720344855,10.790549503734821,1.3155059999999998,1.2284431428395213,0.18596151085306203
4151,165,13,64,106.8736213519778,5.8780133005516655,1.3155059999999998,1.4530804160571293,0.31180684224383354
4152,180,14,64,116.19260114954537,10.227022790274562,1.3155059999999998,1.2117447083198198,0.17474366247773485
4153,214,14,64,106.68136793538169,10.011842768547542,1.3155059999999998,1.5061667084129067,0.3360628711188749
4154,179,14,64,116.08144929883586,10.745032523847634,1.3155059999999998,1.223686885330882,0.18279748521648786
4155,165,14,64,106.77838464932066,5.784089098571956,1.3155059999999998,1.456193083483535,0.31327788097456183
4156,180,15,64,108.24783239235086,9.434955744678794,1.3155059999999998,1.4375482349669177,0.30437116774519013
4157,214,15,64,104.86916919599858,8.20986092887762,1.3155059999999998,1.5566317087460886,0.3575872864587034
4158,179,15,64,113.74123942142677,8.31643825372452,1.3155059999999998,1.2417432378560869,0.19468053498198631
4159,165,15,64,104.22475124118095,9.984773950592324,1.3155059999999998,1.6073742380379608,0.37786734642416026
4160,180,8,141,121.15128638853793,18.73951607730726,1.2404571000000002,1.2035341538115745,0.1691137332222645
4161,214,8,141,107.75814444627764,15.69083015906518,1.2404571000000002,1.4132112907577052,0.2923917275923818
4162,179,8,141,119.21647659902588,17.62239054612503,1.2404571000000002,1.2141008340618649,0.17634518324608556
4163,165,8,141,111.33019184222479,19.591407884464996,1.2404571000000002,1.393977726686218,0.28262842306870073
4164,180,9,141,119.55448298927153,17.49653446014021,1.2404571000000002,1.2071553922426947,0.17160623526506752
4165,214,9,141,108.06652443440156,16.78448643513639,1.2404571000000002,1.4229366332852973,0.29722801661857207
4166,179,9,141,118.49207389528738,18.970339779768977,1.2404571000000002,1.2466987690577485,0.19788161758128847
4167,165,9,141,112.27110236507148,17.648405021571428,1.2404571000000002,1.339600827102756,0.25350897090533553
4168,180,10,141,118.49432928819093,18.25144486721861,1.2404571000000002,1.2350828091961326,0.1903376902712611
4169,214,10,141,109.15404918217384,16.221062626741645,1.2404571000000002,1.3867251891167776,0.2788765879150775
4170,179,10,141,117.56935525412621,19.208894344738574,1.2404571000000002,1.2657071444435772,0.2099278222533743
4171,165,10,141,112.41293334898207,18.128243615323925,1.2404571000000002,1.3447660136870403,0.25637620982238457
4172,180,11,141,118.01119273620596,19.551160442447134,1.2404571000000002,1.264042129710268,0.2088871276551433
4173,214,11,141,108.04015591107688,16.642577371121167,1.2404571000000002,1.421268402283111,0.2964031294908054
4174,179,11,141,117.38639572618894,18.974572750943253,1.2404571000000002,1.264898925129274,0.20942299804879747
4175,165,11,141,112.70071324222867,17.545895568805044,1.2404571000000002,1.3288506931887234,0.24747000913971004
4176,180,12,141,117.9206626264345,18.118376394323235,1.2404571000000002,1.2421088512826488,0.19491757991470554
4177,214,12,141,108.09761858871745,15.228031285232209,1.2404571000000002,1.3973593879998352,0.284364488772363
4178,179,12,141,118.27150672157202,18.55209330137109,1.2404571000000002,1.2434470932069677,0.19578403820873036
4179,165,12,141,112.10892618508579,18.488101944271612,1.2404571000000002,1.3574464148072778,0.2633226703523512
4180,180,13,141,118.9225767879993,22.26073608277512,1.2404571000000002,1.2948636416146762,0.22771790954527496
4181,214,13,141,107.91703368531361,14.866184531956335,1.2404571000000002,1.3965041752919978,0.28392623689012025
4182,179,13,141,118.45708073251134,18.47010617516111,1.2404571000000002,1.2391721248133392,0.19300960699819364
4183,165,13,141,111.83338931621914,18.854599786930677,1.2404571000000002,1.3697997977228633,0.2699663106518292
4184,180,14,141,120.16656769793866,20.822515456616156,1.2404571000000002,1.2509210168203475,0.20058901676954063
4185,214,14,141,109.33546915328321,15.509897736715509,1.2404571000000002,1.371042822414276,0.27062817903886105
4186,179,14,141,118.33749839022006,18.03670709412544,1.2404571000000002,1.2341344751833008,0.18971552929718277
4187,165,14,141,111.79076529611419,17.776498186823254,1.2404571000000002,1.3520780585768033,0.26039773099150837
4188,180,15,141,112.32330921370989,13.119767622522835,1.2404571000000002,1.2682510257298614,0.211512563591649
4189,214,15,141,109.13084719553304,16.363145795629684,1.2404571000000002,1.3895897887172788,0.2803631632014989
4190,179,15,141,118.36346100855619,16.04875151217477,1.2404571000000002,1.2029693903899077,0.16872365332930128
4191,165,15,141,109.23794997807511,18.57997548546611,1.2404571000000002,1.4246362959317367,0.29806645888803307
4192,180,8,165,118.5181057712869,17.932283337169864,1.100334,1.0839270836744166,0.07742871724351719
4193,214,8,165,108.04928443431743,20.84809878900526,1.100334,1.1706894075242371,0.14580247025998933
4194,179,8,165,119.30575952581715,20.356534711708733,1.100334,1.0911915508948482,0.08357061674466339
4195,165,8,165,114.4013124700183,28.940370228988957,1.100334,1.1608966031649182,0.1385968420669597
4196,180,9,165,116.71356981664766,16.829714314500496,1.100334,1.0891547745486796,0.0818568459066098
4197,214,9,165,108.50372398304957,22.157293971527352,1.100334,1.1728647902581464,0.14738680169612647
4198,179,9,165,118.7285718346375,22.23312212383437,1.100334,1.1033623580651295,0.09367943115839757
4199,165,9,165,115.3515481235959,27.31879331131095,1.100334,1.1475362640087126,0.1285678445518759
4200,180,10,165,115.59009385158167,17.176310226789376,1.100334,1.0978028797840589,0.08908965496911157
4201,214,10,165,109.47646338276208,22.013072829498416,1.100334,1.1644526587136874,0.14122743203261698
4202,179,10,165,117.73219649411308,22.02222523960593,1.100334,1.1080565798077453,0.09751900920663617
4203,165,10,165,115.49583426326821,27.729727143510356,1.100334,1.1484844241637708,0.12928727724965414
4204,180,11,165,115.14242730494172,18.492395991677125,1.100334,1.1069748973773432,0.09663714834978579
4205,214,11,165,108.5026316736035,21.97063861682105,1.100334,1.1720288600038018,0.14677868939442648
4206,179,11,165,117.8478318041811,23.033635825059466,1.100334,1.1122293760381337,0.10090488388097185
4207,165,11,165,115.78975418972513,27.699640263450938,1.100334,1.146500687855399,0.1277807239081885
4208,180,12,165,115.01878229574442,17.361497266075745,1.100334,1.1023844258014268,0.09287542839422279
4209,214,12,165,108.57152329583738,21.44652272167391,1.100334,1.1690963984371776,0.14463854192282344
4210,179,12,165,119.75905550639487,23.28749589188701,1.100334,1.1027013219854007,0.09313611939857676
4211,165,12,165,115.2139662289299,28.201790019823267,1.100334,1.15239307590597,0.13224053414774642
4212,180,13,165,121.46769393939913,26.137276598715587,1.100334,1.1069605672720428,0.09662545390901588
4213,214,13,165,108.55724486954279,21.8128210144075,1.100334,1.1708717913600106,0.14593552652040304
4214,179,13,165,120.30515420529854,23.519036288948204,1.100334,1.100869619339464,0.0916272168542421
4215,165,13,165,114.93329960219683,28.586613835197447,1.100334,1.1558998871038981,0.13487317443598387
4216,180,14,165,122.7616129245803,25.415620789477337,1.100334,1.097178519376406,0.08857129232865278
4217,214,14,165,109.98557404135154,22.043241646715384,1.100334,1.1606252988314296,0.13839548301519403
4218,179,14,165,119.5942408218745,22.347797567030117,1.100334,1.099133826558946,0.0901926809670702
4219,165,14,165,114.81741482507412,27.431388271205616,1.100334,1.151466317550613,0.1315421174219065
4220,180,15,165,116.87745181521403,26.67881716541665,1.100334,1.1351452954976748,0.11905550420171007
4221,214,15,165,113.26404371620107,26.495945553941137,1.100334,1.1574965666059083,0.13606655185831837
4222,179,15,165,122.8463314140086,26.080196743979144,1.100334,1.0997844864752198,0.09073094565556784
4223,165,15,165,111.95951977265973,27.447211330428416,1.100334,1.1707975684593204,0.14588138296535486
4224,180,8,137,123.38834650323292,17.06463767727598,1.397071,1.2884576083192845,0.22387822964199813
4225,214,8,137,108.56623102152385,17.585322349818842,1.397071,1.8451518089810846,0.4580391731820634
4226,179,8,137,120.71962552040097,18.071668614566335,1.397071,1.389115517591829,0.2801174651525021
4227,165,8,137,111.7900625396387,21.04972027436908,1.397071,1.8558587284392922,0.4611658825771924
4228,180,9,137,121.91883754792826,16.27689845201639,1.397071,1.2977701828058557,0.2294475452980889
4229,214,9,137,108.84968304034523,19.756581870646173,1.397071,1.9385542637583688,0.484151659463351
4230,179,9,137,119.81054643781073,20.138384808501442,1.397071,1.4955720765148206,0.33135954080505975
4231,165,9,137,112.75384129281055,18.435030623408956,1.397071,1.6846124110805263,0.4063916462786888
4232,180,10,137,120.86442595022262,16.46302055268471,1.397071,1.329840553434458,0.24803015112045487
4233,214,10,137,109.93861760047399,18.78481780983636,1.397071,1.8327550138028301,0.454373338242805
4234,179,10,137,118.95766247547829,19.055762243983487,1.397071,1.4789557406017901,0.32384724400670845
4235,165,10,137,112.90978167522704,18.928461911310112,1.397071,1.7004507816488195,0.41192064434210596
4236,180,11,137,120.42869858526426,17.363466382695957,1.397071,1.371976412873564,0.27112449556947593
4237,214,11,137,108.65313278098114,20.094864744109174,1.397071,1.967036871956544,0.4916211209577712
4238,179,11,137,118.62096525448439,20.49579244674671,1.397071,1.5496441658274878,0.3546905657106034
4239,165,11,137,113.14880271350592,19.07252957512854,1.397071,1.6967451054112344,0.4106362842534127
4240,180,12,137,120.29456936499845,16.199933794202455,1.397071,1.3360294829872479,0.25151352366559654
4241,214,12,137,108.84292024984005,18.11525853660322,1.397071,1.8561277643660716,0.4612439837397008
4242,179,12,137,118.5833744087643,17.79986791600976,1.397071,1.4418911531659,0.30646637382832825
4243,165,12,137,112.6440846241785,22.614489712671503,1.397071,1.8966818347622298,0.47276344314998875
4244,180,13,137,118.12286802532749,16.256424685400173,1.397071,1.3994947406807634,0.2854564072791264
4245,214,13,137,108.6626192049057,18.06747018305614,1.397071,1.863244829747152,0.4633018785106716
4246,179,13,137,118.73740511477895,17.45193353988247,1.397071,1.424105792443307,0.2978049767747085
4247,165,13,137,112.36992038028148,20.18638892464002,1.397071,1.7848621818017574,0.4397326526407018
4248,180,14,137,119.3714107359919,15.781866956919982,1.397071,1.3471135108494179,0.2576720581107873
4249,214,14,137,109.8926911805957,17.29855122657659,1.397071,1.7647216924459181,0.43333841008437307
4250,179,14,137,118.75830435217487,16.748890977357405,1.397071,1.3979151858493128,0.28464901867959663
4251,165,14,137,112.15273296660452,18.40443176065689,1.397071,1.709704169593065,0.4151034911273482
4252,180,15,137,115.92572410745109,23.931981800438987,1.397071,1.815735662541261,0.4492590410432191
4253,214,15,137,110.8089956656615,19.456606933419113,1.397071,1.8228139574624531,0.45139766134328696
4254,179,15,137,120.18358305576004,19.31877475071723,1.397071,1.451365791342446,0.3109938197764422
4255,165,15,137,109.4821298836934,20.562598807343583,1.397071,1.9473006345485766,0.48646861082555953
4256,180,8,93,116.84468794417903,10.260658734733614,1.277591,1.1717890997777285,0.1466041114483096
4257,214,8,93,111.45175567050177,20.45686698657643,1.277591,1.4941978965055565,0.33074460729821986
4258,179,8,93,117.79853612551894,13.118673454351441,1.277591,1.1998256118725146,0.16654554619871434
4259,165,8,93,114.53697723527452,23.158297825570685,1.277591,1.4786884040840742,0.3237250003191729
4260,180,9,93,115.93265920851526,9.902179496118723,1.277591,1.1841569568501913,0.15551735416902943
4261,214,9,93,111.597250581517,21.776650471885546,1.277591,1.5221693619157282,0.3430428801027445
4262,179,9,93,117.57803496350192,14.494610429921309,1.277591,1.227747642410855,0.18550037038852754
4263,165,9,93,115.43932575845115,20.974247542772638,1.277591,1.4054788495080024,0.28849872031154583
4264,180,10,93,114.9049713491068,10.043996308313158,1.277591,1.2076771056444393,0.171964099239605
4265,214,10,93,112.63472045105507,21.145705547072737,1.277591,1.4788964453071427,0.323820134145825
4266,179,10,93,116.70847995400746,14.26363002313569,1.277591,1.2402136435003277,0.19368730924646066
4267,165,10,93,115.56127420775596,21.340026233270237,1.277591,1.411052478577121,0.29130913613618303
4268,180,11,93,114.45737593200808,10.319936704895479,1.277591,1.2215845949298614,0.1813911176103067
4269,214,11,93,111.07041388570138,21.24603042698597,1.277591,1.523854888416215,0.34376953632420476
4270,179,11,93,116.99117176205266,15.425287311445063,1.277591,1.2560287013200577,0.2038398494007162
4271,165,11,93,115.83572229386496,21.24781297979551,1.277591,1.402602535167753,0.2870396459960777
4272,180,12,93,114.34753830838581,9.856559455145653,1.277591,1.2172753416577646,0.17849317588399102
4273,214,12,93,111.62727789154647,21.97814066487775,1.277591,1.5262925193935175,0.3448175973519436
4274,179,12,93,120.69418098012935,17.487892015070987,1.277591,1.2282529933756183,0.18583548715668802
4275,165,12,93,115.35787504445476,22.105979831779074,1.277591,1.4336448720251918,0.3024771897747714
4276,180,13,93,122.86409238454709,19.989607438174,1.277591,1.2408041371208751,0.1940710301624476
4277,214,13,93,111.4201016971097,21.821855560061334,1.277591,1.5281954917910554,0.345633457648803
4278,179,13,93,120.88330502398986,17.90602333800717,1.277591,1.2329937506299238,0.1889658812227472
4279,165,13,93,115.03863074355917,21.923664990751178,1.277591,1.436975006677745,0.30409367222608946
4280,180,14,93,124.17150906423635,19.85171424143202,1.277591,1.2183837503192785,0.1792405309591915
4281,214,14,93,112.18918162327314,21.224768257360164,1.277591,1.4926275766759092,0.3300405167195114
4282,179,14,93,119.83389492083396,16.501998030876024,1.277591,1.2243048496752473,0.18320996583060603
4283,165,14,93,114.95815712929013,21.722214280343668,1.277591,1.434175964301653,0.30273549069905614
4284,180,15,93,114.82277021223149,19.744933985938076,1.277591,1.3919671184326619,0.28159222530630756
4285,214,15,93,112.84034387484289,21.380865563907037,1.277591,1.4791386670778552,0.32393086445669633
4286,179,15,93,122.38678600644747,19.82558232717619,1.277591,1.2452364213126095,0.19693964705441608
4287,165,15,93,112.23387223984652,21.761311549499382,1.277591,1.5044257410418966,0.33529454281509063
4288,180,8,195,123.71976775785167,14.792785504807629,1.396102,1.2151549943239575,0.1770597128176701
4289,214,8,195,105.47533686182246,11.910857510876912,1.396102,1.7829981552215899,0.4391469239205575
4290,179,8,195,119.37245419072543,13.59028024957,1.396102,1.2782080633572168,0.2176547553819232
4291,165,8,195,107.29802493380512,9.61084945662025,1.396102,1.6224474352900533,0.38364721207671987
4292,180,9,195,122.09111318810395,14.03599157782104,1.396102,1.2277405174141591,0.185495643569556
4293,214,9,195,105.73876258182213,12.695736842492105,1.396102,1.7936542323510172,0.44247894495849494
4294,179,9,195,118.117064198875,14.782410038732321,1.396102,1.348611361299598,0.25849653302909775
4295,165,9,195,108.22044124165377,8.297250893449858,1.396102,1.548330956285108,0.35414324958064
4296,180,10,195,120.9824641865271,14.330082589051926,1.396102,1.2604545068004118,0.20663538858023522
4297,214,10,195,106.83717543280562,12.040821681678596,1.396102,1.7122864180462012,0.415985556235944
4298,179,10,195,117.29307754323986,14.42424993066686,1.396102,1.3612985556997177,0.2654072864376232
4299,165,10,195,108.36410718439899,8.40653494962944,1.396102,1.5432282281981922,0.35200770584169677
4300,180,11,195,120.53698755297764,15.455064066309752,1.396102,1.3048474082257366,0.2336268641865582
4301,214,11,195,105.55847493126791,12.928764273170708,1.396102,1.8118221533838488,0.4480694486860366
4302,179,11,195,116.75498027461946,14.752658316392017,1.396102,1.388642667315413,0.2798723361041143
4303,165,11,195,108.60671190024252,8.849737794559731,1.396102,1.5400039273094335,0.350651006619758
4304,180,12,195,120.38556406836298,14.387335725126722,1.396102,1.2762861351476151,0.21647664073045805
4305,214,12,195,105.61395341490076,11.909231042436677,1.396102,1.7751293306773133,0.4366607645323269
4306,179,12,195,115.49680931730799,11.70048685900275,1.396102,1.334386174219213,0.25059175572983716
4307,165,12,195,108.08591241059719,9.345253865006526,1.396102,1.5763137072757964,0.3656085109300917
4308,180,13,195,113.34145312990326,9.162419164983586,1.396102,1.342908907138148,0.2553478536894328
4309,214,13,195,105.34779915676567,11.236353145998214,1.396102,1.7700379466701324,0.435040360642414
4310,179,13,195,115.51664546584264,11.141916296407004,1.396102,1.318372519731719,0.24148904423197928
4311,165,13,195,107.81655506097026,8.562029569625146,1.396102,1.5737027164661026,0.3645559675682622
4312,180,14,195,114.57118024986984,9.289805265713024,1.396102,1.3024359109907577,0.23220790246845693
4313,214,14,195,106.59853512906287,11.4761358604543,1.396102,1.7079428698124761,0.4145003221859551
4314,179,14,195,115.9099922352967,10.942238261821085,1.396102,1.300761555502703,0.2312195915003563
4315,165,14,195,107.63946577754425,8.644377368764362,1.396102,1.584341447396921,0.3688229253593007
4316,180,15,195,111.74770182169735,14.722159475581325,1.396102,1.5714747158250222,0.363655049661425
4317,214,15,195,106.57066793349523,11.178772613369572,1.396102,1.7008745776268777,0.4120671722924823
4318,179,15,195,115.58668719945895,11.520793611052444,1.396102,1.3265098456686315,0.24614204465557749
4319,165,15,195,105.10836163697776,10.758682512550946,1.396102,1.7703492411842638,0.43513970196577917
4320,180,8,116,118.54059645753141,19.464265188954982,1.21881,1.2255255832177532,0.18402356205866446
4321,214,8,116,106.44116667981869,13.121450185953787,1.21881,1.3680218885146733,0.26901754394752575
4322,179,8,116,119.00182971396569,18.595893466137323,1.21881,1.206975779244056,0.17148295997595542
4323,165,8,116,115.42832400420228,22.767227630122665,1.21881,1.3231028249829644,0.24420084280836185
4324,180,9,116,116.6902081730649,17.56031273691369,1.21881,1.2259103810358543,0.18427968677854523
4325,214,9,116,107.03521730602105,14.260534691333635,1.21881,1.3668175616480378,0.26837346251664207
4326,179,9,116,117.98334603623171,19.458669831009626,1.21881,1.2334602802177899,0.18927263728068178
4327,165,9,116,116.5389777528957,20.51826469498312,1.21881,1.2708159812091544,0.21310400971781826
4328,180,10,116,115.61582084556979,18.05071169820557,1.21881,1.2496055893763667,0.19974749752914908
4329,214,10,116,107.95675039752925,13.724660757885212,1.21881,1.338990301596874,0.25316860114117007
4330,179,10,116,117.14662436922342,19.78919880724674,1.21881,1.250689204467319,0.20044084779167023
4331,165,10,116,116.7138205051615,21.402272546153352,1.21881,1.281222069377494,0.21949518049913946
4332,180,11,116,115.22448000809206,19.219795655328188,1.21881,1.2729097819301474,0.21439836962862122
4333,214,11,116,107.45367365540903,14.644780076071168,1.21881,1.3617173304302386,0.26563319886363856
4334,179,11,116,117.17767404340512,19.471650562665445,1.21881,1.2456226617251553,0.19718865855007348
4335,165,11,116,116.901343620745,20.818248299372964,1.21881,1.2695694088171796,0.2123313675841713
4336,180,12,116,115.09354005873325,18.683168980763433,1.21881,1.2672383827698674,0.21088248778083166
4337,214,12,116,107.3041938692715,12.718417423112072,1.21881,1.3428821328141127,0.2553330068481713
4338,179,12,116,118.11154942795027,19.80121305422553,1.21881,1.236487854426954,0.19125772532278812
4339,165,12,116,116.27413455539649,22.053998078552993,1.21881,1.2981160739507325,0.22965286381782135
4340,180,13,116,116.11880989353881,21.967412870731657,1.21881,1.2993344485069498,0.23037521159460642
4341,214,13,116,107.52993720328244,12.416024083470505,1.21881,1.334334604488399,0.25056279239388174
4342,179,13,116,118.01395682536914,19.018865793501067,1.21881,1.2267742845247336,0.18485412303257445
4343,165,13,116,115.95849903875825,21.907935714900056,1.21881,1.3010606480233957,0.23139632151719805
4344,180,14,116,117.30188508736929,22.763251380814676,1.21881,1.2924367133627699,0.22626772385773813
4345,214,14,116,109.33617199413193,14.040092312104345,1.21881,1.312132888664501,0.23788207075747658
4346,179,14,116,118.00397956045099,18.861251823726473,1.21881,1.2246956469513333,0.18347060145977817
4347,165,14,116,115.79738451414823,20.62287481880042,1.21881,1.2842997350053995,0.22136556386053
4348,180,15,116,119.9667366122794,17.613786548294815,1.21881,1.1809527686473589,0.15322608443910823
4349,214,15,116,115.4896679308908,20.297362639943916,1.21881,1.2844900651694429,0.22148093853253314
4350,179,15,116,125.26024637687101,19.015553060360165,1.21881,1.1394908791537879,0.1224150905511214
4351,165,15,116,113.07551119852084,20.955475923780902,1.21881,1.3366538313152647,0.2518631401998811
4352,180,8,5,117.00517130196714,12.816511980707222,1.2862870000000002,1.2169667187251272,0.17828484163676858
4353,214,8,5,106.60006452314879,15.75949807983949,1.2862870000000002,1.5551642964219587,0.35698112263717213
4354,179,8,5,118.03782171878815,14.94185456076036,1.2862870000000002,1.2359811951251345,0.19092620183533054
4355,165,8,5,116.78311252393611,27.876245681918913,1.2862870000000002,1.5648434850900657,0.3609584539744278
4356,180,9,5,115.35367889454125,11.644518633167454,1.2862870000000002,1.230750031391403,0.18748732521301065
4357,214,9,5,107.29284622731254,17.814219459924384,1.2862870000000002,1.579066961634437,0.36671463320026976
4358,179,9,5,117.14436827182142,16.156517000358203,1.2862870000000002,1.277411164360312,0.2171666978495769
4359,165,9,5,117.62598468416775,25.204334057004882,1.2862870000000002,1.4756003939550992,0.3223097499183584
4360,180,10,5,114.43434844391578,11.993260609607386,1.2862870000000002,1.2572631812790334,0.2046215821076662
4361,214,10,5,108.18800675726601,17.116068530465306,1.2862870000000002,1.5331062437442524,0.34772948444999185
4362,179,10,5,116.43207211211201,16.413369009464144,1.2862870000000002,1.2975860924116813,0.22933822591963096
4363,165,10,5,117.82173986879309,25.85960030562623,1.2862870000000002,1.4874289544994475,0.3276989822101977
4364,180,11,5,114.09413310112086,12.839700801100031,1.2862870000000002,1.2801442598853265,0.21883803932411605
4365,214,11,5,107.93075853012809,19.229773581817835,1.2862870000000002,1.5929944546762977,0.3722514243132104
4366,179,11,5,116.42697670671099,17.083924414569594,1.2862870000000002,1.3117621795705392,0.2376666932664637
4367,165,11,5,118.1383222658643,25.538457153809315,1.2862870000000002,1.4718759674498023,0.3205949263968096
4368,180,12,5,113.9620661159753,11.765874430375636,1.2862870000000002,1.2644216170389864,0.20912456215214592
4369,214,12,5,107.67668825719201,17.569854774090146,1.2862870000000002,1.5604519569418651,0.359160020562392
4370,179,12,5,118.05152598707298,16.977239347789066,1.2862870000000002,1.2759001242368606,0.21623959351981534
4371,165,12,5,117.64141005140213,26.932785919738294,1.2862870000000002,1.519018916207282,0.34168035083011294
4372,180,13,5,115.82914119022816,15.71944746657494,1.2862870000000002,1.2963881503974266,0.22862608726141512
4373,214,13,5,107.98845314290553,17.869556769564337,1.2862870000000002,1.5574316972378863,0.35791726740022983
4374,179,13,5,117.87187802349715,16.197807483960897,1.2862870000000002,1.2636498507503406,0.2086415398963474
4375,165,13,5,117.38581690794338,27.217916602414846,1.2862870000000002,1.532619109486509,0.34752216398042857
4376,180,14,5,117.05276544912805,14.889852876475532,1.2862870000000002,1.2542390216368988,0.20270380465845594
4377,214,14,5,110.09260912081832,18.97014395173884,1.2862870000000002,1.5185335272926386,0.341469923431405
4378,179,14,5,117.83488684345139,15.848432901891165,1.2862870000000002,1.2574323882793075,0.2047286125909183
4379,165,14,5,117.27950742079457,25.903967119772155,1.2862870000000002,1.5016447185267212,0.3340635187122623
4380,180,15,5,121.0860685368236,21.644530795723014,1.2862870000000002,1.3173775676833521,0.24091617731237833
4381,214,15,5,116.27515662481092,25.201608068019485,1.2862870000000002,1.508561902340586,0.337117026189999
4382,179,15,5,126.112188451772,22.219906821392925,1.2862870000000002,1.2448074317844775,0.1966628938208836
4383,165,15,5,114.42535026740914,28.059392106054048,1.2862870000000002,1.6329662883991318,0.3876174865922409
4384,180,8,60,125.09870619628673,22.55533055079259,1.311069,1.3009466023619796,0.23132894295245118
4385,214,8,60,106.72805876372966,16.888516472312887,1.311069,1.6443181500454742,0.3918451852080179
4386,179,8,60,121.67985647902739,22.084689605938166,1.311069,1.3557413273993864,0.26239616673910604
4387,165,8,60,110.03687148188284,22.383436105682424,1.311069,1.6882648327841843,0.4076758689862298
4388,180,9,60,123.049095416518,21.365628276233313,1.311069,1.3103345206387238,0.23683610234694186
4389,214,9,60,107.06754645707029,18.74989324879529,1.311069,1.684713442809095,0.4064272447825918
4390,179,9,60,120.10642590211228,23.06182467105058,1.311069,1.4163245043016648,0.2939471166651448
4391,165,9,60,110.83719999290953,20.779324359247,1.311069,1.6105618562352233,0.37909866912062923
4392,180,10,60,121.94373118994388,22.228504144421755,1.311069,1.3539109032815617,0.2613989609092924
4393,214,10,60,108.13768724135083,18.54414096974094,1.311069,1.6383722702500323,0.3896381071883072
4394,179,10,60,119.28401340736886,23.341174353001794,1.311069,1.4435416633975122,0.30725934321396364
4395,165,10,60,110.94520581077936,21.307644786185186,1.311069,1.623124819477813,0.3839044366768311
4396,180,11,60,121.45193546035875,24.186361148093248,1.311069,1.4160767165541857,0.2938235702135172
4397,214,11,60,106.90559851492738,18.38992124461909,1.311069,1.680282390744098,0.40486194135667936
4398,179,11,60,118.73582773455105,23.21532935785666,1.311069,1.4534772312454558,0.3119947265062282
4399,165,11,60,111.29474448110457,21.34668449636412,1.311069,1.6126477980674445,0.3799017980253505
4400,180,12,60,121.34221980502917,22.84518501247996,1.311069,1.38271865989956,0.27678707968500293
4401,214,12,60,107.00461412701291,17.902574656681757,1.311069,1.6622653136582417,0.398411317505481
4402,179,12,60,117.448977805291,19.499327856091142,1.311069,1.383837197605431,0.2773716433332017
4403,165,12,60,110.82584169468416,21.675556629749266,1.311069,1.638562486984913,0.38970896261632315
4404,180,13,60,115.83126492010179,19.356747039050337,1.311069,1.4207644829012012,0.2961535764478009
4405,214,13,60,106.83915437357014,17.654112812007934,1.311069,1.661499443757703,0.3981340145751922
4406,179,13,60,117.54063965545518,19.74864724625557,1.311069,1.3881673087087563,0.2796257383915929
4407,165,13,60,110.55048810707387,21.78336622828368,1.311069,1.6513454021592062,0.39443317025471697
4408,180,14,60,117.06361727636592,19.363466283989446,1.311069,1.3896754595247642,0.28040752742228314
4409,214,14,60,108.08140765592216,18.361415078764285,1.311069,1.6351077054545535,0.38841949269512865
4410,179,14,60,118.01357289114716,19.703626203279573,1.311069,1.375670319630227,0.27308164919281325
4411,165,14,60,110.3600532675222,20.828833983604504,1.311069,1.6282624668532704,0.3858483995319446
4412,180,15,60,114.90071793640789,24.63871428937968,1.311069,1.6005891916635546,0.3752300682721335
4413,214,15,60,109.55534358383942,20.927937101062092,1.311069,1.6593889265769368,0.3973685228436195
4414,179,15,60,118.82387035198902,20.778404196413597,1.311069,1.3848632424027927,0.27790703848492626
4415,165,15,60,107.68902164373011,20.786538526968393,1.311069,1.7236751176629266,0.41984426777833483
4416,180,8,129,128.7905231117962,25.737777724527252,1.292289,1.2838619836622656,0.2211000771691505
4417,214,8,129,104.80853314852834,14.744232861531838,1.292289,1.613509287246909,0.38023288251022386
4418,179,8,129,122.45249134459081,22.475782280102447,1.292289,1.3196669309793119,0.2422330388638974
4419,165,8,129,104.50841249332346,14.115140684568527,1.292289,1.6118819163518567,0.3796071598946392
4420,180,9,129,126.97306034519863,24.201344769962812,1.292289,1.2798787105922635,0.21867596380499973
4421,214,9,129,104.91007177887977,16.040140477999014,1.292289,1.6385390917635003,0.38970024882120075
4422,179,9,129,119.89579857649058,23.630553023856212,1.292289,1.39833780294658,0.28486521790886427
4423,165,9,129,105.37097504475749,11.121435797363075,1.292289,1.5265300876626573,0.3449195609821569
4424,180,10,129,125.88630208646433,25.180371154116997,1.292289,1.3189343664173294,0.24181215876849332
4425,214,10,129,106.12960837193533,15.354090894832277,1.292289,1.5780116756892881,0.36629112736875535
4426,179,10,129,119.22703264579538,23.02850264860984,1.292289,1.3981274045911374,0.2847576002614469
4427,165,10,129,105.51268413806508,11.415171727927621,1.292289,1.5257147092262395,0.3445694703257162
4428,180,11,129,125.43422293247444,27.919955365937238,1.292289,1.389337363530179,0.28023241420709244
4429,214,11,129,104.53159944423857,15.92003129551311,1.292289,1.6501514921976004,0.39399503334797265
4430,179,11,129,118.11802627413934,22.616926664783335,1.292289,1.4128117173639507,0.2921916008271663
4431,165,11,129,105.81866676111883,11.85983886376448,1.292289,1.521506402065381,0.3427566268255316
4432,180,12,129,125.28451393780492,25.87368786090077,1.292289,1.3450460551216665,0.25653103386891485
4433,214,12,129,104.65085100727589,15.194817298691811,1.292289,1.6292470859437003,0.3862195558749303
4434,179,12,129,114.63749944206889,14.929263299601176,1.292289,1.3152522063087593,0.2396895475990199
4435,165,12,129,104.9380865017888,12.151807239247571,1.292289,1.5591473610540576,0.3586238062039546
4436,180,13,129,111.96206318184052,13.558452541044577,1.292289,1.3558384026665664,0.2624489776707377
4437,214,13,129,104.16664330182726,14.383426195919647,1.292289,1.6305493414430206,0.38670975812666325
4438,179,13,129,114.53787713953444,14.993604648384878,1.292289,1.3189667616991338,0.24183078070006175
4439,165,13,129,104.99193297094831,12.032813601551535,1.292289,1.5551269090628317,0.3569656635916413
4440,180,14,129,113.1835456985476,13.788973962347754,1.292289,1.3280329627143277,0.2470066420970988
4441,214,14,129,105.28733597427997,14.540920391467916,1.292289,1.5912501857069186,0.3715633097910707
4442,179,14,129,115.67531289512681,15.453539700813378,1.292289,1.3020691334209564,0.23199162445954247
4443,165,14,129,104.8072255393184,11.649456877043052,1.292289,1.5559251506106182,0.3572955616743177
4444,180,15,129,109.37191147324369,7.871381702697136,1.292289,1.3459609233339225,0.25703637998418494
4445,214,15,129,103.63773471866942,10.029776844892384,1.292289,1.5783615503548711,0.3664316013177305
4446,179,15,129,112.40562396083392,9.502428152184084,1.292289,1.2744199746433187,0.21532931066944602
4447,165,15,129,102.31286301405595,13.098081292145922,1.292289,1.6798282792592774,0.40470105644313153
4448,180,8,155,127.60596161247662,22.19778024499509,1.260098,1.19544438186949,0.16349098697828604
4449,214,8,155,104.68051335570048,11.286223449999142,1.260098,1.4830359405057025,0.32570750803314413
4450,179,8,155,121.93883064672356,18.057096203398494,1.260098,1.201497993604986,0.1677056430201848
4451,165,8,155,106.89815656908736,9.877503473467948,1.260098,1.3967951015535014,0.28407538164487395
4452,180,9,155,125.43514514753927,20.67122314257602,1.260098,1.1975287249212392,0.16494696186451022
4453,214,9,155,104.97384930053863,11.677965842175395,1.260098,1.4782589932391854,0.3235285531334509
4454,179,9,155,120.229075347605,19.13368975216658,1.260098,1.246261030266026,0.1975998801899946
4455,165,9,155,107.97351968835673,8.823516585385104,1.260098,1.3539494445955491,0.2614199858114205
4456,180,10,155,124.32232720718036,21.46347105884704,1.260098,1.22579423842635,0.1842023982069129
4457,214,10,155,106.0847109642262,11.271261957331088,1.260098,1.4377820292152086,0.30448428226228785
4458,179,10,155,119.21708017660472,19.03927461586804,1.260098,1.2613949271126674,0.20722687359382388
4459,165,10,155,108.13410126931778,9.292300640267921,1.260098,1.353610209749565,0.2612348866775963
4460,180,11,155,123.87043920244386,23.05889717194114,1.260098,1.2605577642327592,0.20670037631424862
4461,214,11,155,105.09004835087418,12.19580778294238,1.260098,1.4812240250501558,0.3248826760245541
4462,179,11,155,118.4699509324416,18.438752903091775,1.260098,1.263368858277048,0.2084655297236185
4463,165,11,155,108.42105922462504,9.233207939679371,1.260098,1.344587317994054,0.25627738219941903
4464,180,12,155,123.69698426218852,21.810211634037923,1.260098,1.2407744614731597,0.19405175473009856
4465,214,12,155,104.91571158096245,10.327032668739552,1.260098,1.4645149513764144,0.31718006766666546
4466,179,12,155,116.0288797068155,13.887708035096107,1.260098,1.2287516850026312,0.18616591765010793
4467,165,12,155,107.74040897311696,9.475542121507102,1.260098,1.3671456814171938,0.26854905545735824
4468,180,13,155,113.93174097511,13.270678420887846,1.260098,1.2606814203366261,0.2067781884712945
4469,214,13,155,104.70255347129005,10.328596942167994,1.260098,1.4715448529020323,0.32044205242680784
4470,179,13,155,115.91585834025412,13.164624986391548,1.260098,1.2193557165776094,0.1798947703245117
4471,165,13,155,107.48697765270536,9.70294638718381,1.260098,1.3770682724572634,0.2738195919541567
4472,180,14,155,115.13841840075759,13.275212336210194,1.260098,1.236071763330181,0.1909854834756234
4473,214,14,155,106.28639262228947,10.92281812069954,1.260098,1.4273019295582985,0.29937739220357806
4474,179,14,155,116.69466625854206,13.841378608692827,1.260098,1.2157661251371046,0.17747338133209803
4475,165,14,155,107.49362060927393,8.473133668024158,1.260098,1.3654594104233637,0.2676457517767242
4476,180,15,155,109.99581577200935,8.879186463820192,1.260098,1.2963762772630782,0.22861902247146224
4477,214,15,155,105.3628656570864,9.651974271389873,1.260098,1.443112347982601,0.3070532579130446
4478,179,15,155,114.27670325519827,9.03015828861962,1.260098,1.1933274617832181,0.16200705001318266
4479,165,15,155,104.75894386203517,11.406861806026273,1.260098,1.481915813062532,0.3251978343267714
4480,180,8,97,125.20827242668841,26.314672870369453,1.13863,1.1314599153772371,0.11618610044475805
4481,214,8,97,106.21562232935719,17.88915528328105,1.13863,1.2508025250845802,0.20051328651388897
4482,179,8,97,119.65712968089537,22.344636036157873,1.13863,1.1431940459370906,0.12525786540439218
4483,165,8,97,107.98477026043642,21.265173778744675,1.13863,1.2519200683427327,0.20122695906314497
4484,180,9,97,123.7504808061835,25.937910781908226,1.13863,1.1387133599419077,0.12181587115916885
4485,214,9,97,106.51422810233927,19.801541810426265,1.13863,1.2599829298053746,0.20633845400233583
4486,179,9,97,118.3943178807922,23.900924233703932,1.13863,1.1649992191405327,0.14163032595185718
4487,165,9,97,108.79504984205568,19.977823378491237,1.13863,1.2327050024921014,0.18877590503944794
4488,180,10,97,122.66229073723224,27.204750010656156,1.13863,1.1553987644493493,0.13449794930619532
4489,214,10,97,107.59892791885723,20.168058256221304,1.13863,1.2487548495107483,0.19920230909069814
4490,179,10,97,117.5440997027262,24.20401137959251,1.13863,1.1745353765106064,0.14859950581405945
4491,165,10,97,108.96135666226294,20.44753083152955,1.13863,1.2341352677927826,0.1897160496932619
4492,180,11,97,122.26411843679097,30.457322928492268,1.13863,1.1810724092511604,0.15331186118043888
4493,214,11,97,106.44151372304967,19.837952175359607,1.13863,1.261184383348458,0.20709452701516223
4494,179,11,97,117.02304228624973,23.865101873948184,1.13863,1.1765853162329984,0.15008288289570101
4495,165,11,97,109.2716552648247,20.397365311198108,1.13863,1.2300861538192316,0.1870488120729177
4496,180,12,97,122.13621731101533,28.39833402840283,1.13863,1.167727004415165,0.14363545912785336
4497,214,12,97,106.37982677593116,19.343107973981216,1.13863,1.2585345620921813,0.20542507919877448
4498,179,12,97,115.34731532436247,18.788039927870823,1.13863,1.153847981958673,0.1333347064467834
4499,165,12,97,108.77629273382271,21.15344210743448,1.13863,1.2415204099371724,0.19453599635095375
4500,180,13,97,111.6615862451212,17.264960475941358,1.13863,1.1801343622194782,0.15263885874884583
4501,214,13,97,106.18032508614434,18.483119339156428,1.13863,1.2552643763519409,0.20335507098018044
4502,179,13,97,114.98515793666203,18.422766687704524,1.13863,1.1545662727962065,0.13387388531787567
4503,165,13,97,108.50967400633458,21.053369696967724,1.13863,1.243987869097047,0.19613364017299173
4504,180,14,97,113.01997473985006,16.74765846787036,1.13863,1.1619250703280106,0.1393593050559614
4505,214,14,97,107.62435236485982,19.381187133303158,1.13863,1.2428243950683202,0.1953810981115894
4506,179,14,97,115.71214775057076,19.109125939125374,1.13863,1.1528392194523676,0.13257635312317936
4507,165,14,97,108.34124274124925,20.131012741187085,1.13863,1.239314755023993,0.1931024818786732
4508,180,15,97,112.23778843407761,20.202668552521644,1.13863,1.1954099960822724,0.16346692492340809
4509,214,15,97,107.62057824753654,18.668773276338733,1.13863,1.2378606875247773,0.19215465029461662
4510,179,15,97,116.72542131279249,19.776116686574934,1.13863,1.1486554465063348,0.12941691693403287
4511,165,15,97,105.83670579264913,20.206981572092104,1.13863,1.2717086085689626,0.2136563413490712
4512,180,8,100,117.99939093213915,12.677540146871877,1.358255,1.2549724312532387,0.20316974692314035
4513,214,8,100,103.8011791090061,12.112704682412305,1.358255,1.7784616617455056,0.43771630195360484
4514,179,8,100,118.76893396648057,14.976057870148534,1.358255,1.2951006826642837,0.2278592596038186
4515,165,8,100,108.97300597444077,13.652456327784087,1.358255,1.5767073339649968,0.3657668874506547
4516,180,9,100,115.60320949646652,10.942122050315357,1.358255,1.275967211256953,0.21628080159293286
4517,214,9,100,104.20190587178779,12.961427368462658,1.358255,1.7805033297718271,0.43836106157231913
4518,179,9,100,117.57597973855724,16.09498202116105,1.358255,1.3571151041258422,0.2631428263086576
4519,165,9,100,109.82963249199919,11.544429140254147,1.358255,1.4855796868635982,0.32686209373848474
4520,180,10,100,114.4604341606296,10.935938637058232,1.358255,1.308933602832536,0.23601930775098356
4521,214,10,100,105.2430516295114,12.696558870870987,1.358255,1.72037337506789,0.4187308322180133
4522,179,10,100,116.38501065841483,15.589572819629309,1.358255,1.3752969278292786,0.27288429155559474
4523,165,10,100,109.94061115094725,12.004433419069917,1.358255,1.4924904501042215,0.32997896239123714
4524,180,11,100,113.83732083259972,11.824700493667017,1.358255,1.3491828939081145,0.25881064419417066
4525,214,11,100,104.16242919919401,13.062433757607891,1.358255,1.7854148946728456,0.4399060952254254
4526,179,11,100,116.38122774678111,16.439677013223758,1.358255,1.4010251845723933,0.2862369563290828
4527,165,11,100,110.1570482713985,11.967184064802758,1.358255,1.4830073984953343,0.3256945305771203
4528,180,12,100,113.7605681464309,10.92060344822792,1.358255,1.330202103529965,0.2482345371832639
4529,214,12,100,104.18557400477381,11.85322875670478,1.358255,1.7518631179642044,0.42917914662072765
4530,179,12,100,117.14018484975773,14.72676350309197,1.358255,1.3297690297609959,0.2479897052650312
4531,165,12,100,109.66647367084664,12.446860381222805,1.358255,1.514829327124487,0.339859625045521
4532,180,13,100,118.73002616755598,17.511338488356706,1.358255,1.3689050368651665,0.2694891368870773
4533,214,13,100,104.0756833500307,11.58024531656784,1.358255,1.750829481272008,0.42884215127935665
4534,179,13,100,117.62977160569115,14.99692272721133,1.358255,1.3243226613996573,0.24489701101760608
4535,165,13,100,109.35795201968898,12.410985653184065,1.358255,1.5264266289470714,0.34487516069488405
4536,180,14,100,119.96646978108708,17.201465611634426,1.358255,1.3284915547657181,0.24726657357159354
4537,214,14,100,105.33551656988833,11.280543292936713,1.358255,1.6800590473022738,0.40478282498122137
4538,179,14,100,116.87133902330429,14.281657435189157,1.358255,1.3247797019401601,0.24515751672864197
4539,165,14,100,109.32383544485523,11.91756973805707,1.358255,1.5152096882106545,0.3400253392116819
4540,180,15,100,110.15468824949262,11.868098686260153,1.358255,1.480625714315471,0.32460986572671807
4541,214,15,100,107.1647999330789,12.448098195531232,1.358255,1.6222801347124503,0.3835836495789611
4542,179,15,100,116.23108355093844,12.641768252665084,1.358255,1.299281096049235,0.23034360844567692
4543,165,15,100,106.41265546348698,13.986420412129945,1.358255,1.700992734194154,0.41210801204641806
4544,180,8,23,120.00818260107455,16.25887454964679,1.287571,1.2266560946172895,0.18477558266891836
4545,214,8,23,106.13870604180492,16.529437226863354,1.287571,1.5918171444086984,0.37178714055661005
4546,179,8,23,118.97237026552648,18.411079471904728,1.287571,1.2894441349215593,0.2244720240936743
4547,165,8,23,112.25167910693918,25.19326824442397,1.287571,1.62200943808634,0.383480776055281
4548,180,9,23,118.3265042573469,15.431441512777193,1.287571,1.241199512291851,0.19432775303503047
4549,214,9,23,106.63136711026706,18.05584062710905,1.287571,1.6111234194919595,0.3793150866646001
4550,179,9,23,117.93130077231933,19.412367405134933,1.287571,1.3324833344978377,0.24952157065674524
4551,165,9,23,113.20741286337915,23.737924793554054,1.287571,1.5551675146024366,0.3569824532660456
4552,180,10,23,117.2529476509888,15.431787079172542,1.287571,1.2622006744029546,0.20773295381653997
4553,214,10,23,107.62547538097637,17.88868012936579,1.287571,1.5732561554312086,0.3643755998997421
4554,179,10,23,117.11915590121338,19.663899995845487,1.287571,1.3557134002338525,0.2623809723887763
4555,165,10,23,113.3728228998057,23.955823184236856,1.287571,1.5563493838246614,0.3574707514950511
4556,180,11,23,116.80425805623697,16.508718925948276,1.287571,1.2933234617241918,0.2267982221038101
4557,214,11,23,106.93849341718472,18.196282480049497,1.287571,1.6040208763196173,0.3765667175763491
4558,179,11,23,116.94288832961924,19.950826754432665,1.287571,1.3662571953036537,0.2680733880579873
4559,165,11,23,113.67057295826768,24.064684000667025,1.287571,1.5509852854379025,0.3552485575531029
4560,180,12,23,116.69924409586974,15.448660505197743,1.287571,1.2739039443799751,0.21501145795830592
4561,214,12,23,106.80528539953724,17.27282005804219,1.287571,1.5860996912703478,0.36952260598507874
4562,179,12,23,117.33978150236466,18.578682220426877,1.287571,1.326442392888853,0.2461037091689263
4563,165,12,23,113.04378229319501,24.45209797910801,1.287571,1.5789059170791284,0.366650039636349
4564,180,13,23,116.18173743320484,16.795812182848973,1.287571,1.3127766041254418,0.23825577264443282
4565,214,13,23,106.89268880017627,17.835370646011803,1.287571,1.5966958993334042,0.3737066648586719
4566,179,13,23,117.36833305563945,18.450532244837767,1.287571,1.3230030859283766,0.24414386433703525
4567,165,13,23,112.74417233224945,24.366078426901055,1.287571,1.5851493864248083,0.36914463168961703
4568,180,14,23,117.3812978123048,17.025578362333118,1.287571,1.2920699374257014,0.2260480868455284
4569,214,14,23,108.62378185093955,19.20578617156872,1.287571,1.573453456438016,0.3644553031369609
4570,179,14,23,117.29428221177396,18.10177107019126,1.287571,1.3169272236937046,0.24065659665291925
4571,165,14,23,112.64576857138009,24.210632827779207,1.287571,1.583783269230779,0.3686004774594659
4572,180,15,23,115.33626897165419,33.742799892446506,1.287571,1.7643864384187242,0.4332307377650111
4573,214,15,23,111.03134051641112,27.019056769949863,1.287571,1.7100053490480174,0.4152065076540765
4574,179,15,23,120.42473857455698,28.117720925249753,1.287571,1.4868423088206302,0.327433720396883
4575,165,15,23,109.99406440163868,23.540489758745835,1.287571,1.6455325775035068,0.3922940124849221
4576,180,8,221,127.56473763221328,24.97320102064513,1.257815,1.2393133977563155,0.1931015981829734
4577,214,8,221,108.99198830355475,20.330680251325,1.257815,1.5077626038158516,0.3367656171673206
4578,179,8,221,120.62843368192473,20.88574025506366,1.257815,1.2685144593925157,0.21167630956379146
4579,165,8,221,107.10722053825981,19.15592272118136,1.257815,1.5362356393681411,0.34905819499715335
4580,180,9,221,126.63648164051997,24.903878251242624,1.257815,1.2505475638979622,0.20035028745088618
4581,214,9,221,108.95515762614039,21.179304483573407,1.257815,1.5268601427834945,0.3450611670450829
4582,179,9,221,119.65642471594768,22.948059294841865,1.257815,1.3240266205626794,0.24472817655658305
4583,165,9,221,108.00758933724669,16.966630476393032,1.257815,1.4671333737242094,0.3183987100902939
4584,180,10,221,125.56097700588755,25.853881894123266,1.257815,1.2825440343402918,0.22029967531339018
4585,214,10,221,110.22581537022344,20.963497531210237,1.257815,1.4883630752194132,0.32812092919425534
4586,179,10,221,118.92970591359492,22.604818361334,1.257815,1.330526443849702,0.24841779385711982
4587,165,10,221,108.11373537381202,17.668895702531678,1.257815,1.4776776668171097,0.3232624255911091
4588,180,11,221,125.17859398750988,27.43259802115634,1.257815,1.3170399521035123,0.24072159056158585
4589,214,11,221,108.48841778063165,20.38742139893662,1.257815,1.5227899982527746,0.34331063301743225
4590,179,11,221,118.25170442930744,22.001879847590725,1.257815,1.3313220064695084,0.2488669193924999
4591,165,11,221,108.36333527966809,17.52580397332551,1.257815,1.467970049816557,0.3187871917925276
4592,180,12,221,125.01542517376676,26.391524724132413,1.257815,1.3004613198303359,0.23104210425077112
4593,214,12,221,108.70949804549151,19.603238588365283,1.257815,1.5002373235480735,0.33343879378031216
4594,179,12,221,116.45621676770388,18.70525302117664,1.257815,1.3021583235597147,0.23204422848805625
4595,165,12,221,107.88462156019878,18.060875494663556,1.257815,1.4918089813013429,0.32967289208322464
4596,180,13,221,114.8406052920749,17.54323835591019,1.257815,1.3126855079265742,0.23820291001800598
4597,214,13,221,108.14339427129083,19.10155962686558,1.257815,1.5055492114947946,0.33579055910956024
4598,179,13,221,116.45425360132114,17.963078856078354,1.257815,1.2884473697739254,0.22387206225158982
4599,165,13,221,107.64611829125097,18.404372234629587,1.257815,1.5054165167454425,0.33573201245201006
4600,180,14,221,116.1368044853453,17.093340374763002,1.257815,1.2787428488762136,0.2179819414991675
4601,214,14,221,109.15823826769386,18.69728313302679,1.257815,1.4695377585189044,0.3195139123149412
4602,179,14,221,117.05185662935915,18.081303399079765,1.257815,1.2793717355094285,0.21836634947870445
4603,165,14,221,107.35504337975644,17.4184071771789,1.257815,1.494290238456104,0.3307859649587239
4604,180,15,221,110.79116924234899,19.232445756745015,1.257815,1.4379800893054873,0.30458007907259826
4605,214,15,221,106.12853567911905,16.742690267496428,1.257815,1.5175201857769531,0.341030182416973
4606,179,15,221,115.10714997239347,17.450400795187257,1.257815,1.305527876849834,0.2340263140049186
4607,165,15,221,105.23160841957937,18.030283521528016,1.257815,1.5699202302843676,0.36302496094412073
4608,180,8,144,121.991432677958,16.80772156055537,1.307043,1.2220198458098235,0.1816826842633579
4609,214,8,144,105.33485078838757,11.90226882237186,1.307043,1.5735311371670984,0.3644866781598318
4610,179,8,144,119.82916133836267,16.566480008800198,1.307043,1.256204333330206,0.2039511618710999
4611,165,8,144,110.38709335864552,12.245216092157012,1.307043,1.398857082817008,0.2851306882714512
4612,180,9,144,119.89905021361987,15.405534242766361,1.307043,1.2302428239376053,0.18715234054418076
4613,214,9,144,105.72398661278955,12.875305269583214,1.307043,1.5767236607801367,0.36577345487083224
4614,179,9,144,118.52642910598615,18.067650875921796,1.307043,1.3171440415442777,0.2407815937674091
4615,165,9,144,111.27802365283634,11.42628874118195,1.307043,1.3557637790636652,0.2624083815761528
4616,180,10,144,118.77403966441065,16.12231848380697,1.307043,1.2674493158385491,0.21101381530322078
4617,214,10,144,106.7789678716759,11.946580582094084,1.307043,1.5183742084527152,0.34140082567719554
4618,179,10,144,117.65698522435775,18.12207898779591,1.307043,1.3377870212447196,0.2524968592761737
4619,165,10,144,111.42844169519188,11.831350154237622,1.307043,1.3587557103617398,0.26403253184211367
4620,180,11,144,118.29965440404874,17.45222534576024,1.307043,1.307541578254129,0.23520596466597135
4621,214,11,144,105.97057882717573,13.489625879179085,1.307043,1.5798116140096015,0.367013135533309
4622,179,11,144,117.35066339004173,18.24710413488517,1.307043,1.347886747246141,0.2580979061904914
4623,165,11,144,111.6972749110691,12.03017003965639,1.307043,1.3554691724146188,0.26224806852773325
4624,180,12,144,118.198846984818,16.032850706411114,1.307043,1.277390466150593,0.21715401320201427
4625,214,12,144,105.84684145264733,10.733925477220682,1.307043,1.5335081663655865,0.34790044035435463
4626,179,12,144,116.97083058949693,15.163271227102761,1.307043,1.2848152626832847,0.22167798823346757
4627,165,12,144,111.15412529710919,12.261323155061095,1.307043,1.3753229049192264,0.2728980253122952
4628,180,13,144,115.97255702540912,15.648835530521595,1.307043,1.3186240810634413,0.2416337496327824
4629,214,13,144,105.81084572369,9.856983845210063,1.307043,1.5219058530949374,0.3429291319391362
4630,179,13,144,116.95740026471739,14.222999455590365,1.307043,1.2649860892940086,0.20947747294351504
4631,165,13,144,110.93995529198382,11.719113653249547,1.307043,1.3715254745356844,0.27088485152742825
4632,180,14,144,117.21156434005114,14.511424275490604,1.307043,1.265522117664956,0.20981230905302312
4633,214,14,144,107.47151077334682,10.996537338380781,1.307043,1.476022322405056,0.32250347110565175
4634,179,14,144,117.08024228775476,14.338947091897062,1.307043,1.2647380895076084,0.20932246107229757
4635,165,14,144,110.80257203560936,11.263974816643746,1.307043,1.367456155393173,0.2687151276799229
4636,180,15,144,112.57305891604578,10.79026530828908,1.307043,1.306402808174518,0.2345393061445308
4637,214,15,144,108.61797624661081,10.0814422925535,1.307043,1.4203136950128332,0.29593018534474913
4638,179,15,144,117.80720049995395,13.147934253104784,1.307043,1.2252914411818379,0.18386763639231507
4639,165,15,144,108.09918426133382,14.745529245783471,1.307043,1.5290411602531369,0.3459953688660367
4640,180,8,191,124.5858501092181,20.764291583905415,1.417805,1.417501762457669,0.29453350501222875
4641,214,8,191,111.38480676769082,18.294098483334828,1.417805,1.7996863031889825,0.4443476075646993
4642,179,8,191,119.71411721675774,17.476676212882865,1.417805,1.4264375520594126,0.29895283634656517
4643,165,8,191,110.73623877075158,17.639251357997885,1.417805,1.798828770112495,0.4440827183693187
4644,180,9,191,123.98044324681831,20.1601400052068,1.417805,1.4097384262885215,0.2906485477360913
4645,214,9,191,111.59395591921647,19.00626182338025,1.417805,1.8268208184135606,0.45260093933655987
4646,179,9,191,119.34294516351336,18.774834943302665,1.417805,1.4923147387291418,0.32990007131364124
4647,165,9,191,111.56587907157109,15.652554852221659,1.417805,1.6631402313146522,0.3987277914565652
4648,180,10,191,122.98306339169064,21.00051472378717,1.417805,1.4731042475622038,0.32116141701792655
4649,214,10,191,112.72759040051484,18.500916302125844,1.417805,1.744765015424318,0.42685691702913636
4650,179,10,191,118.55026581441982,19.370256495376655,1.417805,1.546177314579196,0.35324364769110733
4651,165,10,191,111.72428507080384,16.114519336014858,1.417805,1.6764951091486215,0.40351749638695195
4652,180,11,191,122.60676401636302,22.462262796444648,1.417805,1.5500226738641834,0.3548481471519285
4653,214,11,191,110.94381277152952,18.52646027725427,1.417805,1.8344617454671481,0.45488097395819577
4654,179,11,191,118.10452156182522,18.64149083138982,1.417805,1.5292661073140004,0.3460915695330502
4655,165,11,191,111.98845755153924,15.992006530460033,1.417805,1.6586034516993324,0.3970831310067251
4656,180,12,191,122.43868994361691,21.761605555959576,1.417805,1.5234721766806736,0.3436046845444921
4657,214,12,191,111.29543319761531,17.749064343866422,1.417805,1.7761225854455194,0.43697579874580456
4658,179,12,191,118.23297500265944,18.131453580734576,1.417805,1.5023630570759823,0.3343819289950599
4659,165,12,191,111.5411926675582,16.482700903780525,1.417805,1.702233225093966,0.41253643433919085
4660,180,13,191,117.34824271147535,18.763575220929525,1.417805,1.5624078338414398,0.35996224651451375
4661,214,13,191,110.91436037614366,16.985062901911,1.417805,1.7570463486469226,0.430863049930307
4662,179,13,191,118.1377018982745,17.52445929033755,1.417805,1.4798072799069277,0.32423632889351994
4663,165,13,191,111.28769715827192,16.824782226231054,1.417805,1.7307740354754302,0.4222238261591972
4664,180,14,191,118.62576811397616,19.06279890442302,1.417805,1.5296065616012384,0.3462371141026162
4665,214,14,191,111.9045554144015,17.365382229152015,1.417805,1.7271487205737301,0.4210110640224331
4666,179,14,191,118.31392958194839,17.476611819608532,1.417805,1.4718194819186696,0.32056885216902004
4667,165,14,191,111.10289713739449,16.14471988213621,1.417805,1.707648795560182,0.4143994932681945
4668,180,15,191,113.097420095035,11.956587838332691,1.417805,1.4544636494627687,0.312461332141668
4669,214,15,191,109.20714777295514,14.464777501876775,1.417805,1.7282567850064199,0.4213822802979562
4670,179,15,191,118.44621671560607,15.041140032885238,1.417805,1.3733484049203357,0.27185265121561974
4671,165,15,191,108.62069659224389,15.866134675739609,1.417805,1.8231505739855491,0.4514989522703426
4672,180,8,104,124.41703093217907,21.510983038669814,1.1808,1.1418512701391037,0.12422920028965152
4673,214,8,104,104.66570605375986,12.813180238679566,1.1808,1.3283372415448196,0.24717912836876607
4674,179,8,104,121.44104244937175,20.04623876846392,1.1808,1.1544761773041556,0.13380629270746547
4675,165,8,104,109.42764327126424,22.08974386992124,1.1808,1.333513281956905,0.25010120744165426
4676,180,9,104,122.37520013233829,19.97714104554226,1.1808,1.1448749859799323,0.12654218823370442
4677,214,9,104,105.1260808148287,14.673672032647207,1.1808,1.333728837079209,0.2502224048855811
4678,179,9,104,119.53773541149376,20.750181671248523,1.1808,1.181412440765012,0.15355555308655808
4679,165,9,104,110.22098282315585,19.7208334886578,1.1808,1.2939483057951646,0.22717159911154705
4680,180,10,104,121.23193309240406,20.847041155900982,1.1808,1.1648032554197805,0.14148591588575826
4681,214,10,104,106.1525863900543,14.258943717173642,1.1808,1.3101197088995529,0.23671097136615155
4682,179,10,104,118.75343492620604,21.525681333594438,1.1808,1.1984244371144956,0.16557108731214773
4683,165,10,104,110.3818981691516,20.283360311716383,1.1808,1.2976619259145687,0.22938326228904496
4684,180,11,104,120.80759223653648,22.350854174123054,1.1808,1.1849466406488232,0.15608014260250128
4685,214,11,104,105.23475457807004,15.585905291420914,1.1808,1.3396528466985271,0.253537957639978
4686,179,11,104,118.04490814176445,20.389840722352748,1.1808,1.1942282897221053,0.16263916320999383
4687,165,11,104,110.67031161277576,20.39843381141249,1.1808,1.2944035257217585,0.2274433898483082
4688,180,12,104,120.64221877050703,21.044348785598096,1.1808,1.1728552556330059,0.14737987045103323
4689,214,12,104,105.14979561022011,14.368000158199143,1.1808,1.3306690029501869,0.2484983134175895
4690,179,12,104,116.10509621702275,16.532805417221958,1.1808,1.1764005744577606,0.1499494120351557
4691,165,12,104,110.22139553700528,21.424998634299932,1.1808,1.3131036492703951,0.2384454947211259
4692,180,13,104,113.32209992971868,14.26986941802695,1.1808,1.1903091886763715,0.15988214699745035
4693,214,13,104,105.06195862002889,14.497052408336485,1.1808,1.333502650249512,0.25009522867248163
4694,179,13,104,116.20825290331983,16.320241484216744,1.1808,1.1729560629648732,0.14745314716025537
4695,165,13,104,109.9309151258559,21.569876096019865,1.1808,1.3194061882434653,0.24208328798934392
4696,180,14,104,114.5112704055623,13.865752964257613,1.1808,1.1701002570706247,0.14537237817251228
4697,214,14,104,106.68071312475068,15.124333070236121,1.1808,1.3077338618214382,0.23531841669437256
4698,179,14,104,116.92342248202466,16.88191206052036,1.1808,1.1701584545609907,0.14541488282869275
4699,165,14,104,109.79628098977085,20.252022817983057,1.1808,1.3067010360209597,0.23471400692762606
4700,180,15,104,115.21373653152399,19.85026286187368,1.1808,1.2230843859863993,0.18239492592858597
4701,214,15,104,109.45259787656937,19.764947888703,1.1808,1.3068851508305435,0.23482182090408918
4702,179,15,104,118.71243222217736,19.566327433500675,1.1808,1.1778685410054053,0.15100882213356356
4703,165,15,104,107.12367746575353,20.718067914830836,1.1808,1.35735279548406,0.2632718602510563
4704,180,8,55,127.60596161247662,22.19778024499509,1.3026788999999999,1.2411866575099901,0.19431940880982992
4705,214,8,55,104.68051335570048,11.286223449999142,1.3026788999999999,1.5790785113406596,0.3667192651801802
4706,179,8,55,121.93883064672356,18.057096203398494,1.3026788999999999,1.2448561632912922,0.19669434149236462
4707,165,8,55,106.89815656908736,9.877503473467948,1.3026788999999999,1.4722387841837976,0.3207623581561904
4708,180,9,55,125.43514514753927,20.67122314257602,1.3026788999999999,1.242385309838503,0.19509672878377038
4709,214,9,55,104.97384930053863,11.677965842175395,1.3026788999999999,1.5739050563723078,0.3646376597169724
4710,179,9,55,120.229075347605,19.13368975216658,1.3026788999999999,1.3008204333586286,0.2312543881109947
4711,165,9,55,107.97351968835673,8.823516585385104,1.3026788999999999,1.4193270643700646,0.2954407584386994
4712,180,10,55,124.32232720718036,21.46347105884704,1.3026788999999999,1.278049439170973,0.2175576551649943
4713,214,10,55,106.0847109642262,11.271261957331088,1.3026788999999999,1.5239061550222874,0.34379161295179966
4714,179,10,55,119.21708017660472,19.03927461586804,1.3026788999999999,1.3193322938031704,0.24204083785643407
4715,165,10,55,108.13410126931778,9.292300640267921,1.3026788999999999,1.4194474779352502,0.29550052711029845
4716,180,11,55,123.87043920244386,23.05889717194114,1.3026788999999999,1.3229345264985557,0.24410469303668011
4717,214,11,55,105.09004835087418,12.19580778294238,1.3026788999999999,1.5784246677001055,0.3664569361697304
4718,179,11,55,118.4699509324416,18.438752903091775,1.3026788999999999,1.3210558971372173,0.24302975962861123
4719,165,11,55,108.42105922462504,9.233207939679371,1.3026788999999999,1.4085345041017765,0.29004224100445397
4720,180,12,55,123.69698426218852,21.810211634037923,1.3026788999999999,1.296967759908337,0.22897081106266287
4721,214,12,55,104.91571158096245,10.327032668739552,1.3026788999999999,1.5549775139566826,0.3569038838024913
4722,179,12,55,116.0288797068155,13.887708035096107,1.3026788999999999,1.2740344145317435,0.21509184634738587
4723,165,12,55,107.74040897311696,9.475542121507102,1.3026788999999999,1.435952334118163,0.30359805389075606
4724,180,13,55,113.93174097511,13.270678420887846,1.3026788999999999,1.3119706709656167,0.2377878392174764
4725,214,13,55,104.70255347129005,10.328596942167994,1.3026788999999999,1.563535369850813,0.3604238066610438
4726,179,13,55,115.91585834025412,13.164624986391548,1.3026788999999999,1.2620474386196707,0.20763675801781098
4727,165,13,55,107.48697765270536,9.70294638718381,1.3026788999999999,1.448186990674049,0.30948143683119494
4728,180,14,55,115.13841840075759,13.275212336210194,1.3026788999999999,1.2822839956306469,0.22014155724669657
4729,214,14,55,106.28639262228947,10.92281812069954,1.3026788999999999,1.5106411963867308,0.3380294391600879
4730,179,14,55,116.69466625854206,13.841378608692827,1.3026788999999999,1.2583236045284623,0.2052918689586731
4731,165,14,55,107.49362060927393,8.473133668024158,1.3026788999999999,1.432711082687229,0.3020225695997445
4732,180,15,55,109.99581577200935,8.879186463820192,1.3026788999999999,1.3503797721724609,0.2594675804487042
4733,214,15,55,105.3628656570864,9.651974271389873,1.3026788999999999,1.5279972063866307,0.3455485416987281
4734,179,15,55,114.27670325519827,9.03015828861962,1.3026788999999999,1.22777271832386,0.1855170056513493
4735,165,15,55,104.75894386203517,11.406861806026273,1.3026788999999999,1.5779129798787392,0.36625148994157536
4736,180,8,85,127.27984279888014,23.12891664769443,1.257946,1.2123323876716987,0.17514370632255896
4737,214,8,85,108.47817109345957,19.64999460400313,1.257946,1.5079234978290683,0.3368363836496461
4738,179,8,85,121.14379923590795,19.89712812631454,1.257946,1.242677103201192,0.1952857283489371
4739,165,8,85,106.63947984609437,17.34917285930723,1.257946,1.5141504019685865,0.33956362677058116
4740,180,9,85,125.8562576655773,22.32304979064228,1.257946,1.2171994232948449,0.17844193739995898
4741,214,9,85,108.47169085600866,20.363571598951673,1.257946,1.5231104396529436,0.34344879139042583
4742,179,9,85,120.16803893047664,21.23646407695935,1.257946,1.282821368856374,0.22046823955583722
4743,165,9,85,107.48367876268472,15.393797249506774,1.257946,1.4535535630831564,0.3120308563800817
4744,180,10,85,124.81764290107316,22.902295137899014,1.257946,1.2411906594687947,0.19432200655781567
4745,214,10,85,109.74145703906882,19.864309376547787,1.257946,1.4782703010481295,0.3235337277012359
4746,179,10,85,119.21680265312057,21.343392961584293,1.257946,1.3012750100674513,0.23152293537999685
4747,165,10,85,107.60720486853965,15.596890482934478,1.257946,1.4535998832546364,0.3120527790900878
4748,180,11,85,124.41139427813566,24.5559084541018,1.257946,1.2764342486684668,0.2165675583813531
4749,214,11,85,108.09729198633356,19.222558627335022,1.257946,1.5096735611051753,0.337605144738749
4750,179,11,85,118.67070009831971,21.09780423995819,1.257946,1.3063661153536266,0.23451780611340706
4751,165,11,85,107.86384685152618,15.761130075546964,1.257946,1.4492524402844287,0.3099890866468087
4752,180,12,85,124.24411173721234,23.330533849678282,1.257946,1.2569430791416856,0.20441902533656606
4753,214,12,85,108.20705366706434,18.800362439209362,1.257946,1.4979583672403447,0.3324247042711356
4754,179,12,85,117.26527338331417,18.23091093631125,1.257946,1.2783401290964929,0.21773557972651497
4755,165,12,85,107.36564278861813,16.175083040736386,1.257946,1.4709075841327393,0.320147634843008
4756,180,13,85,117.37902453770975,19.2117103720306,1.257946,1.2943599351504873,0.22741737221359828
4757,214,13,85,107.67108285221703,17.924005357148104,1.257946,1.4954711489148957,0.3313144150419795
4758,179,13,85,117.42186511013166,18.42781893566842,1.257946,1.2790657979196203,0.21817939184482632
4759,165,13,85,107.11718851145496,16.155469744235024,1.257946,1.4777269104852102,0.3232849771466563
4760,180,14,85,118.63013071680311,19.74759509847482,1.257946,1.2816823983820667,0.21977550658232398
4761,214,14,85,108.76890475365933,18.319688811575485,1.257946,1.472793569528412,0.3210182196000491
4762,179,14,85,117.62115105101356,18.337038719169996,1.257946,1.2737836719222055,0.2149373382287526
4763,165,14,85,106.95618602316272,15.468951201297717,1.257946,1.4701367650258208,0.31979117603902896
4764,180,15,85,107.74397560038281,16.062213752800318,1.257946,1.4580615221104736,0.31415788371361153
4765,214,15,85,103.99936870487096,13.749354117798712,1.257946,1.5337980937190627,0.3480237039705407
4766,179,15,85,112.79785265991507,15.615861753489789,1.257946,1.3218637989566107,0.2434924076222286
4767,165,15,85,104.52527419374483,14.722638657631425,1.257946,1.5320909745338367,0.34729724499273545
4768,180,8,56,127.02356644479661,19.747281642365596,1.195418,1.1146813005428085,0.10288259118275593
4769,214,8,56,104.30024128691241,10.026964132257874,1.195418,1.3479861703945333,0.2581526265159556
4770,179,8,56,120.76148564323972,16.26375554339907,1.195418,1.1347707540821912,0.11876474045296886
4771,165,8,56,102.66973073418654,8.168136564740541,1.195418,1.3780441959223184,0.27433386900141854
4772,180,9,56,125.62540452137816,18.583995321455525,1.195418,1.1142138412331768,0.10250621290682273
4773,214,9,56,104.31845511352161,10.259190809963002,1.195418,1.3489093806739536,0.2586603560423225
4774,179,9,56,119.00739388147214,16.70462188697519,1.195418,1.1587973377537226,0.1370363329117965
4775,165,9,56,103.3651825931538,7.75528077113021,1.195418,1.359501671590083,0.26443635863250337
4776,180,10,56,124.47909639183474,18.76843898403063,1.195418,1.1258964796453463,0.11181887670969831
4777,214,10,56,105.52883185365778,9.871627601419128,1.195418,1.3187227064855385,0.24169046678126163
4778,179,10,56,118.13066871581755,16.46190613145166,1.195418,1.1664246349188339,0.14267928671655206
4779,165,10,56,103.4806686919763,8.273314481238769,1.195418,1.3588179514771088,0.26406624308065274
4780,180,11,56,124.07411015279774,19.67127110358898,1.195418,1.1391687224419973,0.12216690969505029
4781,214,11,56,103.91336235493304,12.093645429603933,1.195418,1.370651971760275,0.2704201937449235
4782,179,11,56,117.13557046311348,16.099163557345992,1.195418,1.1746632931573546,0.14869222029393678
4783,165,11,56,103.74891516646818,8.719389895775526,1.195418,1.3543504775657873,0.26163868469457885
4784,180,12,56,123.9222834694099,18.91673655981016,1.195418,1.1324795592925927,0.11698185473241259
4785,214,12,56,104.0519336905851,11.410088037949816,1.195418,1.3625096632079554,0.2660602511650787
4786,179,12,56,114.38539477730572,12.445477217071755,1.195418,1.1727033869523948,0.14726945353267376
4787,165,12,56,103.386602296432,9.00311549132721,1.195418,1.3643631577848105,0.26705731220153517
4788,180,13,56,113.3972270358203,10.842932745635371,1.195418,1.1723154326059713,0.1469872594127049
4789,214,13,56,103.48213365801769,10.53457261544724,1.195418,1.3703070438415628,0.27023654698835387
4790,179,13,56,114.51448547106804,11.75535280337078,1.195418,1.1639235352142936,0.14083703117500165
4791,165,13,56,103.12238254189691,7.832611377460166,1.195418,1.3656742485952262,0.2677609605448516
4792,180,14,56,114.62594340237317,11.156609361211375,1.195418,1.1564810023742498,0.13530788837256735
4793,214,14,56,104.5274875512234,9.808648591792377,1.195418,1.3414397921443384,0.2545323272381349
4794,179,14,56,115.15236251412082,11.866174355954392,1.195418,1.1558282629637358,0.13481956442574453
4795,165,14,56,103.01433768572207,7.825699654788989,1.195418,1.3682688358918138,0.26914947284594304
4796,180,15,56,106.57793275582313,6.5921650620355665,1.195418,1.2802306830892154,0.21889077241377675
4797,214,15,56,100.47244280086137,9.741670279446906,1.195418,1.440250604890017,0.3056763895083635
4798,179,15,56,108.97254416605432,7.639820087357482,1.195418,1.23162631305234,0.1880654144829858
4799,165,15,56,100.38188732422925,6.953544405631831,1.195418,1.4306620062420685,0.30102288616253386
4800,180,8,122,114.81599480924203,9.770983578169,1.291393,1.2168868463929146,0.178230907036105
4801,214,8,122,109.88672992433185,18.042109495519398,1.291393,1.5142415450251692,0.33960337881009706
4802,179,8,122,117.9575669307526,13.876210100972816,1.291393,1.2223445716292247,0.18190007694219038
4803,165,8,122,118.35108282664274,28.089892328704533,1.291393,1.5461254596631568,0.3532219563748321
4804,180,9,122,113.45214653485081,8.783989767675195,1.291393,1.2356693942752972,0.19072204536838433
4805,214,9,122,110.46740262078296,19.440018006138743,1.291393,1.5318402485552027,0.3471904130060706
4806,179,9,122,117.82067261097065,15.338246662133553,1.291393,1.2531855306904958,0.2020335572746299
4807,165,9,122,119.30483948019481,25.889536001562995,1.291393,1.4661082471408355,0.317922123451544
4808,180,10,122,112.45447368804737,8.577596873592018,1.291393,1.2595083247001533,0.20603938823662282
4809,214,10,122,111.29339126407537,18.775451046400395,1.291393,1.49032442224083,0.32900515815448117
4810,179,10,122,116.96634148473126,15.139079342948456,1.291393,1.2665443246520947,0.21045005647576634
4811,165,10,122,119.45382350064094,26.283437051792838,1.291393,1.472696534178342,0.3209734817784931
4812,180,11,122,111.98514641415136,8.73674563589136,1.291393,1.274684905650199,0.2154923969308996
4813,214,11,122,110.66449055179312,20.057903812764476,1.291393,1.5419340996593123,0.35146385294874255
4814,179,11,122,117.28651818882929,16.445019861428538,1.291393,1.2867083966424657,0.22282313334598736
4815,165,11,122,119.75391973496006,25.87285488698953,1.291393,1.455393079780086,0.31290040203358477
4816,180,12,122,111.85633665969044,8.06920665418962,1.291393,1.270109248686404,0.21266615369170916
4817,214,12,122,110.808639121949,19.483275573821857,1.291393,1.5226448189973192,0.34324801981166386
4818,179,12,122,121.24240740645983,19.86018038132849,1.291393,1.282725453467009,0.2204099503154363
4819,165,12,122,119.20635679922572,26.599969252543822,1.291393,1.4865797156634712,0.32731491660795814
4820,180,13,122,122.87646244545557,24.330826887017086,1.291393,1.3527179930908086,0.26074761694038506
4821,214,13,122,111.05883971557877,19.53027314384963,1.291393,1.5163865075190284,0.3405375245417425
4822,179,13,122,121.710382973164,20.329072195965377,1.291393,1.28436653958501,0.22140606347226333
4823,165,13,122,118.9053080528929,27.14170426545565,1.291393,1.50773459329097,0.33675329567303025
4824,180,14,122,124.1514471468531,24.272596252512876,1.291393,1.3277132862788845,0.2468253422373667
4825,214,14,122,112.63013248815825,20.224497777977476,1.291393,1.488972480251571,0.3283959151272937
4826,179,14,122,120.47868920650129,18.678681264296443,1.291393,1.271426746007902,0.21348201684457496
4827,165,14,122,118.80214521796078,26.401101997560808,1.291393,1.4910345565044265,0.3293247325237085
4828,180,15,122,120.64622093132857,19.714589574455534,1.291393,1.290617843100034,0.2251773014403525
4829,214,15,122,117.40885775613113,24.628605969296277,1.291393,1.4787659660158377,0.3237604712432975
4830,179,15,122,127.34180219619698,22.303493662313482,1.291393,1.234390146743979,0.1898833584845466
4831,165,15,122,116.00921279684832,26.979556530968893,1.291393,1.5770921889439315,0.3659216582198469
4832,180,8,140,121.83696734800833,14.5886426754226,1.254998,1.1448321073873826,0.1265094737060646
4833,214,8,140,104.07626830768974,9.893842316762512,1.254998,1.4769585405815835,0.3229329243011595
4834,179,8,140,118.42726801423017,13.03097746047887,1.254998,1.1699051406908776,0.14522984366966843
4835,165,8,140,108.79611933522956,10.248692945362922,1.254998,1.3370533938977471,0.2520867120460888
4836,180,9,140,119.82562050195804,13.482595836850408,1.254998,1.1557674799754556,0.13477406370593117
4837,214,9,140,104.54106001609627,10.965946636240048,1.254998,1.4727714425563938,0.3210080185529473
4838,179,9,140,116.87339062403677,13.807714671680946,1.254998,1.2071826670125785,0.17162495177742615
4839,165,9,140,109.54575092680237,9.709923853368856,1.254998,1.3106347756539378,0.23701093655091474
4840,180,10,140,118.66426997585872,13.402005858146541,1.254998,1.1717262417424468,0.14655833045701586
4841,214,10,140,105.56280102921298,10.577300735229857,1.254998,1.4361180618294338,0.303678418523526
4842,179,10,140,116.13436881886811,13.833735659816272,1.254998,1.2207294914919207,0.18081769387102709
4843,165,10,140,109.7029691761471,9.907735889279026,1.254998,1.308562803286165,0.2358028231516882
4844,180,11,140,118.23167327830589,13.901789473160125,1.254998,1.186011062276654,0.15683754409473144
4845,214,11,140,104.92467359590326,10.205110753945906,1.254998,1.4524656892404002,0.31151557836593535
4846,179,11,140,115.70870343339794,13.798586559746356,1.254998,1.2280235044944867,0.18568333884484736
4847,165,11,140,110.14899444797909,10.089636989174931,1.254998,1.2988292359067732,0.23007584649736237
4848,180,12,140,118.12015492734108,13.358598809121297,1.254998,1.1795878726311328,0.15224628601051368
4849,214,12,140,104.60809057714253,9.561429306655167,1.254998,1.4565435777224522,0.31344312982130884
4850,179,12,140,114.91273960747529,11.913908523613092,1.254998,1.214761863529893,0.17679338640565417
4851,165,12,140,109.5604644815267,9.746708001381835,1.254998,1.3106327935092346,0.23700978263904998
4852,180,13,140,112.36381472175309,9.332243266218033,1.254998,1.2351955892657607,0.1904116168400248
4853,214,13,140,104.52699305788813,9.912789806971873,1.254998,1.4624275427276092,0.3162054387085218
4854,179,13,140,114.53772422652655,10.935354124438826,1.254998,1.20840970575326,0.1724660971862586
4855,165,13,140,109.26713916274568,9.833952451888734,1.254998,1.319538197926256,0.24215911174714908
4856,180,14,140,113.57291613469286,9.92042262029625,1.254998,1.21509291264208,0.17701766704768704
4857,214,14,140,106.50656525827631,10.396562392276547,1.254998,1.4051422404830254,0.2883282765335953
4858,179,14,140,115.11206879332651,11.071787481209261,1.254998,1.1990064227298982,0.1659761106840448
4859,165,14,140,109.15321394179182,9.457058736507706,1.254998,1.3187166108693276,0.24168696158246042
4860,180,15,140,111.11494125388813,13.789290980690966,1.254998,1.3258211579688255,0.24575045888390223
4861,214,15,140,107.48674326856785,12.488967564323456,1.254998,1.4018967249789542,0.2866806932479193
4862,179,15,140,116.58026371783372,13.26912538354746,1.254998,1.2040395876890633,0.1694625241356727
4863,165,15,140,106.6507935182767,10.779224609397449,1.254998,1.4049703210276068,0.2882411926903966
4864,180,8,106,130.5462934328221,23.154994986426182,1.355961,1.279863872335374,0.21866690543011025
4865,214,8,106,108.7778726120037,14.879993400267823,1.355961,1.6171729791399405,0.38163695974451106
4866,179,8,106,121.88613894026818,18.114368900168607,1.355961,1.3075719440154054,0.23522372548839401
4867,165,8,106,108.77387630532998,10.164981114990056,1.355961,1.4944930953683064,0.3308768015729389
4868,180,9,106,128.9867746939952,22.501540193299544,1.355961,1.2894697918899285,0.22448745500711828
4869,214,9,106,108.95363531428949,15.71829846256502,1.355961,1.636952955112186,0.3891088947443413
4870,179,9,106,121.08058637594338,20.340972829745986,1.355961,1.393646620821296,0.2824579882304127
4871,165,9,106,109.66438781581803,9.568654364070417,1.355961,1.4461386253463806,0.30850336027745684
4872,180,10,106,127.8760387994314,23.48607002152283,1.355961,1.338274532707973,0.25276916241055636
4873,214,10,106,110.1593198907891,15.168579283874916,1.355961,1.5697386490964877,0.3629512781789623
4874,179,10,106,120.28505700481766,20.141657840841123,1.355961,1.407569212397198,0.2895553616884504
4875,165,10,106,109.81346472849967,9.9357906350389,1.355961,1.447273479622398,0.3090455853161175
4876,180,11,106,127.4751251664905,25.482530192658533,1.355961,1.4072792480023553,0.28940897734439813
4877,214,11,106,108.63011181588165,15.662243140549256,1.355961,1.64885770098809,0.39351952603263296
4878,179,11,106,119.56009592561178,19.829972264499933,1.355961,1.4165748899324488,0.2940719145122739
4879,165,11,106,110.02863534294853,10.211991372760899,1.355961,1.4443306591204395,0.3076377672347034
4880,180,12,106,127.29989655298243,24.048147128404374,1.355961,1.3667797608661418,0.2683532280531502
4881,214,12,106,108.70199540696134,12.990400553781475,1.355961,1.5647017554245959,0.36090057000757886
4882,179,12,106,116.84967503305181,15.709691083607789,1.355961,1.3626230154117962,0.26612130524025274
4883,165,12,106,109.55131193856838,10.579174791721584,1.355961,1.4710877846876158,0.3202309131998203
4884,180,13,106,114.09809262190912,12.854429410294816,1.355961,1.3641931963403962,0.26696599669122084
4885,214,13,106,108.29788179583372,11.681832578064432,1.355961,1.5482290120410422,0.3541007226820454
4886,179,13,106,116.5591319676209,14.286162294670188,1.355961,1.3306825880470436,0.2485059855877163
4887,165,13,106,109.35152958461404,10.0991964637388,1.355961,1.4692149412052755,0.31936439526020166
4888,180,14,106,115.3644228204191,13.01437360495102,1.355961,1.3304804867302,0.24839183289519084
4889,214,14,106,109.5389523497414,12.484346070517281,1.355961,1.5168100702670766,0.3407216766276333
4890,179,14,106,117.48377338081636,14.408667709169631,1.355961,1.309505151630843,0.23635275603565872
4891,165,14,106,109.04148161602669,9.592543295203392,1.355961,1.4721430419600838,0.3207181832897497
4892,180,15,106,113.38633572381815,12.35357266874549,1.355961,1.3739371328890835,0.2721646601855625
4893,214,15,106,108.09954450032866,11.414176872488516,1.355961,1.5504199707830537,0.3550134680637912
4894,179,15,106,117.2449087431907,13.325710980527832,1.355961,1.2875149600142959,0.2233099955678212
4895,165,15,106,106.73662315777304,13.206467500981768,1.355961,1.6572827138342283,0.39660264862931155
4896,180,8,150,118.499088736013,11.468489235604176,1.311723,1.1835601118822687,0.15509149897789715
4897,214,8,150,106.71282306789412,11.247903344356033,1.311723,1.5178337308689707,0.34116630849447993
4898,179,8,150,117.81686975475286,13.211290282120245,1.311723,1.230438205625261,0.18728141289156508
4899,165,8,150,110.91852356618905,17.744488676414974,1.311723,1.5212079399283962,0.3426276751835319
4900,180,9,150,116.61047004278672,10.412243704877017,1.311723,1.2029467236568574,0.16870798986003
4901,214,9,150,107.00839384508372,13.736371495459398,1.311723,1.5562944954319518,0.3574480903612985
4902,179,9,150,117.10323308226003,13.830982455733746,1.311723,1.2583768043067518,0.20532546644412547
4903,165,9,150,111.8340721143383,15.802104558830031,1.311723,1.4414237426734042,0.3062414816719315
4904,180,10,150,115.53660373028471,10.14931169637031,1.311723,1.2226732132887295,0.1821199735698684
4905,214,10,150,108.03518951964388,11.65021573414759,1.311723,1.4754944995271704,0.3222611129214951
4906,179,10,150,116.16440046878868,13.899075824523544,1.311723,1.2810663188948688,0.21940028767389255
4907,165,10,150,111.97031638562675,16.29992927414692,1.311723,1.4498588095381033,0.3102776674381277
4908,180,11,150,115.0561336239544,10.110110852271927,1.311723,1.2335417868124345,0.18932620630219932
4909,214,11,150,106.96222663792256,14.140850158335233,1.311723,1.5672541934304136,0.3619414105307352
4910,179,11,150,116.14782265781409,14.665974986107807,1.311723,1.298195561372409,0.22970003152465457
4911,165,11,150,112.25567045168339,16.713141606875382,1.311723,1.4518844871978918,0.3112399720380096
4912,180,12,150,114.92379879256224,9.833232446385816,1.311723,1.2320210621958831,0.1883255646476873
4913,214,12,150,107.08294451951171,12.407183854437294,1.311723,1.5253569133119445,0.34441572901863254
4914,179,12,150,117.52566276593505,14.73070783539234,1.311723,1.2683795098506947,0.21159243567588581
4915,165,12,150,111.69081532105945,17.74476512851464,1.311723,1.4966570926647378,0.33184427822438595
4916,180,13,150,119.12667736363727,15.150515202963073,1.311723,1.2441865041576243,0.19626197788003708
4917,214,13,150,106.95584299894591,12.37993192216073,1.311723,1.5296377329408277,0.3462504366459141
4918,179,13,150,117.8005994681953,14.15705460246986,1.311723,1.250226196084481,0.200144739302497
4919,165,13,150,111.41048715401193,17.01581916253242,1.311723,1.4857874795342778,0.3269562344720717
4920,180,14,150,120.3816333637281,15.21001392280433,1.311723,1.2215293665199203,0.18135410624719325
4921,214,14,150,108.261864114539,13.122432030439215,1.311723,1.4966891857035833,0.3318586052788864
4922,179,14,150,117.28820817983244,13.742055208757765,1.311723,1.2524858654851934,0.20158779627216336
4923,165,14,150,111.17602003254379,16.042848961950824,1.311723,1.4678392342179378,0.31872648128744274
4924,180,15,150,111.49616038949809,14.340995989686672,1.311723,1.41658547699467,0.2940771903707985
4925,214,15,150,108.19615716525357,16.280865764130724,1.311723,1.5747777261520695,0.3649897484621685
4926,179,15,150,117.34969496717429,15.556053968074293,1.311723,1.290568417629309,0.22514762771203134
4927,165,15,150,108.2785013482579,16.7503267032829,1.311723,1.5843699439212504,0.3688342777286969
4928,180,8,185,127.27984279888014,23.12891664769443,1.206587,1.1583723883822654,0.13671975434725417
4929,214,8,185,108.47817109345957,19.64999460400313,1.206587,1.380173357364926,0.2754533373189915
4930,179,8,185,121.14379923590795,19.89712812631454,1.206587,1.1832426170285026,0.15486478799139516
4931,165,8,185,106.63947984609437,17.34917285930723,1.206587,1.3881498676721646,0.27961668744244905
4932,180,9,185,125.8562576655773,22.32304979064228,1.206587,1.1625121505937817,0.13979393721672034
4933,214,9,185,108.47169085600866,20.363571598951673,1.206587,1.3902617634407124,0.28071099537030103
4934,179,9,185,120.16803893047664,21.23646407695935,1.206587,1.212116140005582,0.17499654777685342
4935,165,9,185,107.48367876268472,15.393797249506774,1.206587,1.3458249513798275,0.2569613165703795
4936,180,10,185,124.81764290107316,22.902295137899014,1.206587,1.179928931255673,0.15249132934150011
4937,214,10,185,109.74145703906882,19.864309376547787,1.206587,1.3580833640548564,0.26366817644074503
4938,179,10,185,119.21680265312057,21.343392961584293,1.206587,1.2257201576558412,0.18415309256847442
4939,165,10,185,107.60720486853965,15.596890482934478,1.206587,1.345590897084055,0.2568320711985814
4940,180,11,185,124.41139427813566,24.5559084541018,1.206587,1.2047092032017,0.1699241631570953
4941,214,11,185,108.09729198633356,19.222558627335022,1.206587,1.3820809613894545,0.2764533859183872
4942,179,11,185,118.67070009831971,21.09780423995819,1.206587,1.229717061340302,0.18680480946562378
4943,165,11,185,107.86384685152618,15.761130075546964,1.206587,1.3421237379644961,0.25491221732160924
4944,180,12,185,124.24411173721234,23.330533849678282,1.206587,1.1912745295844782,0.16056293057083626
4945,214,12,185,108.20705366706434,18.800362439209362,1.206587,1.3740701499395918,0.27223511838608605
4946,179,12,185,117.26527338331417,18.23091093631125,1.206587,1.2113335641337182,0.17446355850368334
4947,165,12,185,107.36564278861813,16.175083040736386,1.206587,1.3577296851406755,0.2634763672443465
4948,180,13,185,117.37902453770975,19.2117103720306,1.206587,1.2224790685075255,0.18199008411582954
4949,214,13,185,107.67108285221703,17.924005357148104,1.206587,1.373495659729849,0.2719307171333264
4950,179,13,185,117.42186511013166,18.42781893566842,1.206587,1.2117095853282422,0.17471974134040694
4951,165,13,185,107.11718851145496,16.155469744235024,1.206587,1.3628372042025594,0.2662366444676474
4952,180,14,185,118.63013071680311,19.74759509847482,1.206587,1.2125355112321763,0.1752818859846819
4953,214,14,185,108.76890475365933,18.319688811575485,1.206587,1.356170014503017,0.2626293242691547
4954,179,14,185,117.62115105101356,18.337038719169996,1.206587,1.2078201017696788,0.17206213198901402
4955,165,14,185,106.95618602316272,15.468951201297717,1.206587,1.35812215287288,0.2636892065381104
4956,180,15,185,107.74397560038281,16.062213752800318,1.206587,1.3483034358170478,0.2583271884981752
4957,214,15,185,103.99936870487096,13.749354117798712,1.206587,1.4081226260582316,0.28983457726312684
4958,179,15,185,112.79785265991507,15.615861753489789,1.206587,1.2465301792476366,0.19777313325573384
4959,165,15,185,104.52527419374483,14.722638657631425,1.206587,1.405407090346975,0.2884623915244983
4960,180,8,223,120.00818260107455,16.25887454964679,1.221701,1.1653469536263734,0.14188645974646447
4961,214,8,223,106.13870604180492,16.529437226863354,1.221701,1.4242448644710544,0.2978735434153124
4962,179,8,223,118.97237026552648,18.411079471904728,1.221701,1.2081564484215783,0.17229262707948853
4963,165,8,223,112.25167910693918,25.19326824442397,1.221701,1.4270451097576131,0.2992513038569241
4964,180,9,223,118.3265042573469,15.431441512777193,1.221701,1.1766319991402663,0.15011660338094374
4965,214,9,223,106.63136711026706,18.05584062710905,1.221701,1.4343783412977216,0.30283386801889906
4966,179,9,223,117.93130077231933,19.412367405134933,1.221701,1.2374175572531037,0.1918653536645608
4967,165,9,223,113.20741286337915,23.737924793554054,1.221701,1.384616987827179,0.2777786140199986
4968,180,10,223,117.2529476509888,15.431787079172542,1.221701,1.1918322537029726,0.16095574952511807
4969,214,10,223,107.62547538097637,17.88868012936579,1.221701,1.4084646286086053,0.29000701921220384
4970,179,10,223,117.11915590121338,19.663899995845487,1.221701,1.2534330707197732,0.20219114736955313
4971,165,10,223,113.3728228998057,23.955823184236856,1.221701,1.385027143068875,0.27799248916938246
4972,180,11,223,116.80425805623697,16.508718925948276,1.221701,1.2130836874032271,0.17565456498665985
4973,214,11,223,106.93849341718472,18.196282480049497,1.221701,1.4291565603695768,0.30028659719310097
4974,179,11,223,116.94288832961924,19.950826754432665,1.221701,1.2604422716049433,0.2066276873381258
4975,165,11,223,113.67057295826768,24.064684000667025,1.221701,1.3811958556627488,0.27598971869187733
4976,180,12,223,116.69924409586974,15.448660505197743,1.221701,1.2002720164187344,0.16685552414717483
4977,214,12,223,106.80528539953724,17.27282005804219,1.221701,1.418685158022079,0.29512196956074943
4978,179,12,223,117.33978150236466,18.578682220426877,1.221701,1.2342007742867365,0.18975905635943607
4979,165,12,223,113.04378229319501,24.45209797910801,1.221701,1.3993952675666304,0.2854056154278181
4980,180,13,223,116.18173743320484,16.795812182848973,1.221701,1.2266759248425259,0.18478876144212686
4981,214,13,223,106.89268880017627,17.835370646011803,1.221701,1.42485484678053,0.2981741247120664
4982,179,13,223,117.36833305563945,18.450532244837767,1.221701,1.2319249509581172,0.1882622401451808
4983,165,13,223,112.74417233224945,24.366078426901055,1.221701,1.4037709962447256,0.2876330949455907
4984,180,14,223,117.3812978123048,17.025578362333118,1.221701,1.2115981219245326,0.17464381802476295
4985,214,14,223,108.62378185093955,19.20578617156872,1.221701,1.4058931998984818,0.28870841677574866
4986,179,14,223,117.29428221177396,18.10177107019126,1.221701,1.2280451314980037,0.1856976797097252
4987,165,14,223,112.64576857138009,24.210632827779207,1.221701,1.4031356270325752,0.28731052028459114
4988,180,15,223,115.33626897165419,33.742799892446506,1.221701,1.5055273633077708,0.33578092011365673
4989,214,15,223,111.03134051641112,27.019056769949863,1.221701,1.4821871898381989,0.32532138527714316
4990,179,15,223,120.42473857455698,28.117720925249753,1.221701,1.3315213888995134,0.24897939429535706
4991,165,15,223,109.99406440163868,23.540489758745835,1.221701,1.446144321746135,0.30850608410054237
4992,180,8,198,125.45007452719486,18.890207641953868,1.2625520000000001,1.1708514876817113,0.1459207162302007
4993,214,8,198,110.4575563481458,18.09088003858768,1.2625520000000001,1.4337833515333935,0.3025445588201827
4994,179,8,198,120.99635778461085,17.03987628960993,1.2625520000000001,1.2006170813550459,0.16709497513447377
4995,165,8,198,113.32124690070486,16.344544857376114,1.2625520000000001,1.3304458530400314,0.24837226730044812
4996,180,9,198,124.66909201465785,18.635486937594038,1.2625520000000001,1.1764637132022495,0.14999503275959783
4997,214,9,198,110.82737099704336,19.16563916825528,1.2625520000000001,1.4463735775365172,0.3086156885531514
4998,179,9,198,120.40912478415476,19.123399735748677,1.2625520000000001,1.246137078268558,0.1975200662599274
4999,165,9,198,114.2150542485229,14.727122400757269,1.2625520000000001,1.2818934527225732,0.2199039648138217
5000,180,10,198,123.61726242913521,19.164295125469568,1.2625520000000001,1.1989440599933205,0.16593272916705462
5001,214,10,198,111.86682229136515,18.319172041134696,1.2625520000000001,1.4029025058235323,0.2871920922167149
5002,179,10,198,119.62093879617201,19.00226916588832,1.2625520000000001,1.256999752347725,0.20445489497330538
5003,165,10,198,114.3930647513765,15.095104470491606,1.2625520000000001,1.2845343170417398,0.22150775831121228
5004,180,11,198,123.32628060055987,20.782921307756144,1.2625520000000001,1.2309617484935371,0.18762707190226693
5005,214,11,198,110.61595589475125,18.927347768277627,1.2625520000000001,1.446860769568909,0.3088484939031493
5006,179,11,198,119.284406795865,19.371799601766163,1.2625520000000001,1.2696069993977561,0.21235468891211645
5007,165,11,198,114.67107309873474,14.879920422615244,1.2625520000000001,1.2749764353071107,0.21567177846771385
5008,180,12,198,123.14986294818468,19.479580819829664,1.2625520000000001,1.2107899836753313,0.17409293644425608
5009,214,12,198,110.70100380617038,16.825925737283182,1.2625520000000001,1.4024673748437062,0.2869709356972086
5010,179,12,198,118.85481043056166,16.642294272449394,1.2625520000000001,1.2276999339045365,0.18546871887527686
5011,165,12,198,114.11199480800613,15.381805548027792,1.2625520000000001,1.2955681968184256,0.22813789157858558
5012,180,13,198,116.39278339054093,14.194723560510528,1.2625520000000001,1.2295042993804448,0.1866640885242073
5013,214,13,198,110.5880327883863,15.678633416615428,1.2625520000000001,1.3837314553780775,0.2773164213956749
5014,179,13,198,118.42646533641461,15.503734576781167,1.2625520000000001,1.2154216680198242,0.17724027281066257
5015,165,13,198,113.86923133242026,15.674340185413577,1.2625520000000001,1.3060483655575232,0.23433157119482168
5016,180,14,198,117.65769715172787,14.357382945157005,1.2625520000000001,1.2094889285165882,0.17320450280890276
5017,214,14,198,112.01375959584898,16.767407036152246,1.2625520000000001,1.3688208311329098,0.2694441980603508
5018,179,14,198,119.06807166246581,15.340120298666436,1.2625520000000001,1.2021455484131898,0.16815397160520057
5019,165,14,198,113.7199749460572,14.970019829471823,1.2625520000000001,1.2967765740681758,0.2288571369986618
5020,180,15,198,118.71855279699386,18.590957526724228,1.2625520000000001,1.2649765729479108,0.20947152588795176
5021,214,15,198,113.5773189543646,16.55134916866429,1.2625520000000001,1.3285793972931161,0.2473163425253867
5022,179,15,198,123.18611015109512,16.96730214084765,1.2625520000000001,1.168899660935945,0.14449457603632634
5023,165,15,198,111.32722466683374,14.420192874959174,1.2625520000000001,1.3427803676254666,0.25527657083014205
5024,180,8,190,118.36234816687853,16.149803408162906,1.3185198999999999,1.2898331958795148,0.224705951750515
5025,214,8,190,108.61597564590232,20.858126793775746,1.3185198999999999,1.7157971872988074,0.41718053427147317
5026,179,8,190,119.85108231510695,19.82723214469283,1.3185198999999999,1.3486356011403977,0.25850986051798847
5027,165,8,190,116.70565862859704,32.230722349333035,1.3185198999999999,1.815678881463122,0.44924181791761897
5028,180,9,190,116.86810453503008,15.043411474404717,1.3185198999999999,1.2978357818400712,0.22948649282715855
5029,214,9,190,109.14362630924843,22.883537567359532,1.3185198999999999,1.7639741646354745,0.43309827317870603
5030,179,9,190,119.17144945372144,21.583789906957936,1.3185198999999999,1.412106407709532,0.2918380693265019
5031,165,9,190,117.60877645065943,30.40315927157982,1.3185198999999999,1.7269161510461943,0.420933089661485
5032,180,10,190,115.79925987820003,15.459947320544876,1.3185198999999999,1.3336334688713518,0.2501687882456222
5033,214,10,190,110.11347925539093,22.489498684633872,1.3185198999999999,1.7141827456634484,0.4166316266280202
5034,179,10,190,118.26672523097722,21.57556180319112,1.3185198999999999,1.4342731397494974,0.30278273204317646
5035,165,10,190,117.76390098275652,30.886763346152115,1.3185198999999999,1.7377925363556985,0.4245573167801223
5036,180,11,190,115.31358059247417,16.672222944415218,1.3185198999999999,1.3763233551106564,0.27342655613106265
5037,214,11,190,109.21142055318472,23.137597895052686,1.3185198999999999,1.7701242388371257,0.4350679019813067
5038,179,11,190,118.37481379145004,22.60351855077828,1.3185198999999999,1.4612483133168095,0.31565361555138194
5039,165,11,190,118.0981039871721,30.610357212119773,1.3185198999999999,1.7185287111065042,0.4181068995023465
5040,180,12,190,115.21224525937713,15.493030134057618,1.3185198999999999,1.3494542575786164,0.2589596910129115
5041,214,12,190,109.34550996323786,23.23620036307711,1.3185198999999999,1.768395196167279,0.4345155414540007
5042,179,12,190,120.2463334254637,22.67391663606156,1.3185198999999999,1.4169833504063682,0.29427540576731837
5043,165,12,190,117.5400650961772,31.0554818471701,1.3185198999999999,1.7502830066858825,0.42866382397582936
5044,180,13,190,120.59355948549594,24.42679501743817,1.3185198999999999,1.4587191916708988,0.3144670984587898
5045,214,13,190,109.39670469923793,22.984704114156344,1.3185198999999999,1.7577912214352904,0.431104224548653
5046,179,13,190,120.67553816132084,23.242098914799236,1.3185198999999999,1.4228539449194315,0.29718717541551704
5047,165,13,190,117.1742484672927,31.753243408573425,1.3185198999999999,1.7847205536000197,0.43968819209098786
5048,180,14,190,121.86720886681428,23.79195239857382,1.3185198999999999,1.4107276997867073,0.2911459807933215
5049,214,14,190,110.90506528691193,23.218647420800277,1.3185198999999999,1.7100302970239762,0.4152150393239617
5050,179,14,190,120.12574483362303,22.2293489932116,1.3185198999999999,1.4073752258272811,0.28945743704406796
5051,165,14,190,117.15019702086337,30.507618770612346,1.3185198999999999,1.744699168159659,0.4268352858476923
5052,180,15,190,121.36635194624203,27.73868855109906,1.3185198999999999,1.5371435561723408,0.3494426750289272
5053,214,15,190,116.44415086362051,30.17258753327046,1.3185198999999999,1.7562424014536588,0.43060251866582294
5054,179,15,190,126.2954798263928,29.15679048132859,1.3185198999999999,1.4616388981059047,0.315836489234194
5055,165,15,190,114.36765970306757,30.998699194118235,1.3185198999999999,1.8539095419470535,0.4605993564552464
5056,180,8,101,119.03416318190153,14.535469771748332,1.197099,1.1361693489741758,0.11984951811727741
5057,214,8,101,107.09775955109609,13.421057198261442,1.197099,1.3148247949540917,0.23944239275247625
5058,179,8,101,118.9439766729401,15.77394984407815,1.197099,1.150699912266875,0.13096369493067636
5059,165,8,101,113.78266791223442,20.438751561090765,1.197099,1.2768655512102842,0.21683218796830694
5060,180,9,101,117.34780431875103,13.425103340188391,1.197099,1.1442688102821292,0.1260794744956463
5061,214,9,101,107.57821436531898,14.964474712846368,1.197099,1.3204915747473203,0.24270626248308114
5062,179,9,101,118.13409052720868,17.241364427573657,1.197099,1.1770178324977318,0.1503952001492492
5063,165,9,101,114.72127471060861,18.053606019921737,1.197099,1.2328046596498685,0.18884148257193306
5064,180,10,101,116.30109549952864,13.606304101276846,1.197099,1.1596327165293552,0.13765799658284666
5065,214,10,101,108.55444640483726,14.261768057735393,1.197099,1.2937361080454408,0.2270448403030301
5066,179,10,101,117.18117322299332,17.13195925696226,1.197099,1.1877738680521825,0.15808890320184504
5067,165,10,101,114.88872966188195,18.595253183197137,1.197099,1.236993915958126,0.19158858657324923
5068,180,11,101,115.84452969524607,14.54276012110665,1.197099,1.1759720030526484,0.149639619477208
5069,214,11,101,107.88750622363408,15.657306598214983,1.197099,1.3218192032904201,0.2434668844947265
5070,179,11,101,117.19647486609462,17.777046464517046,1.197099,1.195183222941753,0.16330820178461053
5071,165,11,101,115.13472232079829,18.558528657081116,1.197099,1.2329624489212423,0.18894529117660355
5072,180,12,101,115.73129603455048,13.593246765173287,1.197099,1.1671767945316587,0.1432317668710506
5073,214,12,101,107.80615254864853,13.279254250350807,1.197099,1.29887890777567,0.2301052900208381
5074,179,12,101,118.33974600555887,17.208279935665256,1.197099,1.1741154760588528,0.14829501834291914
5075,165,12,101,114.60267250043529,19.23669591508969,1.197099,1.2491804837503884,0.1994751655119355
5076,180,13,101,117.86973921627903,17.802195309078847,1.197099,1.1868678196233415,0.1574461928562904
5077,214,13,101,107.9140780845086,12.977117466025103,1.197099,1.2938370743610887,0.22710515889814703
5078,179,13,101,118.34981966213944,16.44956336824529,1.197099,1.1652947488678524,0.14184801658846
5079,165,13,101,114.28473662299137,19.483337218897507,1.197099,1.2570417796729423,0.20448149284252073
5080,180,14,101,119.13753019530209,17.369061476365847,1.197099,1.1664467128688363,0.14269551367628805
5081,214,14,101,109.61200221517922,14.513992554899097,1.197099,1.2762022422689854,0.21642513476384426
5082,179,14,101,118.13475398152693,15.908298519715768,1.197099,1.161774828633868,0.13924800628026965
5083,165,14,101,114.16607932768588,18.8007385312925,1.197099,1.2502953533292942,0.2001889814777014
5084,180,15,101,115.78181248465476,18.28338563246796,1.197099,1.2203836344263603,0.18058553737485292
5085,214,15,101,112.44278123215162,18.61711845169471,1.197099,1.275093061716003,0.21574351706203035
5086,179,15,101,121.95558903908326,18.01908459828665,1.197099,1.1430868825550378,0.12517585910461043
5087,165,15,101,111.37557306544355,20.263279901144912,1.197099,1.313828500766655,0.23886565147850536
5088,180,8,147,113.96485583145838,13.189725075932595,1.1155159,1.1050862687521497,0.09509327165091991
5089,214,8,147,108.58535648323374,21.14982483474884,1.1155159,1.1969371089938754,0.1645342161372349
5090,179,8,147,118.0806346600282,18.753341593116275,1.1155159,1.1055315852585537,0.09545777494351074
5091,165,8,147,118.88706095318068,32.60130615981272,1.1155159,1.1773659072217497,0.15064637606186768
5092,180,9,147,112.64252052419745,12.347966133123261,1.1155159,1.1123211785624423,0.10097908834892953
5093,214,9,147,109.31001431443853,22.135001513174764,1.1155159,1.1955822985859885,0.16358748269968792
5094,179,9,147,118.2597924524075,21.645915960117588,1.1155159,1.1210143880935046,0.10795078937328566
5095,165,9,147,119.9880274363294,31.993018364669766,1.1155159,1.1669093620709743,0.14303541260029967
5096,180,10,147,111.60330293614676,12.65173514358925,1.1155159,1.1233760991173654,0.10982617416758443
5097,214,10,147,110.15481843842763,21.397655646769678,1.1155159,1.1836178456602928,0.155132711401339
5098,179,10,147,117.15283673757285,21.13549755382324,1.1155159,1.1256605820746228,0.1116327462075886
5099,165,10,147,120.1630466866065,32.24615663480302,1.1155159,1.167066526495268,0.14315081677217942
5100,180,11,147,111.0959423869359,13.869554821493221,1.1155159,1.1340733132098075,0.11822279181434499
5101,214,11,147,109.6719392199857,22.555531029306227,1.1155159,1.1945994715042374,0.16289934504926418
5102,179,11,147,117.62272013111485,22.80950558735644,1.1155159,1.132094675800388,0.1166816509467262
5103,165,11,147,120.50344625704574,30.925431355167486,1.1155159,1.1580089767136166,0.13644883579576367
5104,180,12,147,110.94881390157983,12.769906582331249,1.1155159,1.1301992242620487,0.11520024210515702
5105,214,12,147,109.69987469254366,21.43950340174292,1.1155159,1.1880366872268147,0.15827515197846373
5106,179,12,147,121.26133658361861,25.04619210705523,1.1155159,1.1212217372410929,0.10811575731609896
5107,165,12,147,119.74962234760531,31.739258203980036,1.1155159,1.1671657362042576,0.14322364940894997
5108,180,13,147,123.56662794561761,29.19508639700664,1.1155159,1.1301729229497235,0.11517965110151053
5109,214,13,147,110.00498584569748,21.418042308473982,1.1155159,1.185103806988487,0.15619206173918332
5110,179,13,147,122.00138824284609,24.87445034862457,1.1155159,1.1158267279523364,0.10380350734642381
5111,165,13,147,119.45519548954158,32.84754259569368,1.1155159,1.17480195977747,0.1487927035894465
5112,180,14,147,124.83039699244082,28.895895535277866,1.1155159,1.1214720526642175,0.10831482815433804
5113,214,14,147,111.77603960256072,22.498972906356133,1.1155159,1.1755675902087668,0.14934708278031728
5114,179,14,147,120.83020151714877,22.86634100193678,1.1155159,1.1115664618005248,0.10036868296638643
5115,165,14,147,119.41671266415344,31.324641702455278,1.1155159,1.1672156784353847,0.1432603087199205
5116,180,15,147,121.73063568406832,30.660173242370167,1.1155159,1.148872402861846,0.12958132033723171
5117,214,15,147,118.14678152628169,32.72019406811848,1.1155159,1.1830390839139544,0.15471938873599153
5118,179,15,147,128.14215529195346,30.364037942298456,1.1155159,1.1116710061431379,0.10045328656233676
5119,165,15,147,116.60778093203987,31.30096673706723,1.1155159,1.1866026694341842,0.15725792149377454
5120,180,8,215,123.13048554813615,17.721670598997804,1.1960899999999999,1.1276187872242558,0.11317547088622207
5121,214,8,215,107.73285219428752,17.332680695393034,1.1960899999999999,1.3419961140334822,0.2548413594176395
5122,179,8,215,120.15929653831022,17.762030310475794,1.1960899999999999,1.158316589525723,0.13667816809094163
5123,165,8,215,112.5705725335107,24.342951573545687,1.1960899999999999,1.3451910414500567,0.25661116585935334
5124,180,9,215,121.6909851015774,16.62875644642089,1.1960899999999999,1.12980349019808,0.11489032502043567
5125,214,9,215,108.20041417114523,19.52722758014336,1.1960899999999999,1.3597560509631879,0.26457396582890985
5126,179,9,215,119.09411867584221,19.124314987518353,1.1960899999999999,1.18631075719314,0.15705055025713402
5127,165,9,215,113.55589502478156,21.672096296284924,1.1960899999999999,1.2944311584903563,0.2274598819405272
5128,180,10,215,120.5965119082265,17.218375732443718,1.1960899999999999,1.1474822003586933,0.12852678700601333
5129,214,10,215,109.24396846348681,18.976620027601626,1.1960899999999999,1.3332400543202283,0.24994752688414806
5130,179,10,215,118.32496846642951,19.457041913324545,1.1960899999999999,1.1996603309577838,0.16643071860047182
5131,165,10,215,113.72894430255654,22.417015421462953,1.1960899999999999,1.301379731133802,0.23158477416213538
5132,180,11,215,120.17805731252454,18.43428272383136,1.1960899999999999,1.1657515963489042,0.1421843185701249
5133,214,11,215,108.47221862634608,20.202033653837553,1.1960899999999999,1.3631478709208111,0.2664038719992303
5134,179,11,215,118.01820748108798,20.083608211683135,1.1960899999999999,1.2110944408401836,0.1743005613119148
5135,165,11,215,114.02765874232544,22.239161469224605,1.1960899999999999,1.2944420642097691,0.2274663906178915
5136,180,12,215,120.04561574087437,17.222206119634812,1.1960899999999999,1.1535046823296784,0.13307677435660886
5137,214,12,215,108.34461510953307,18.922432060160954,1.1960899999999999,1.349431979259839,0.25894745687848736
5138,179,12,215,117.6946147746039,17.520002249661164,1.1960899999999999,1.184630864032101,0.15585518631827402
5139,165,12,215,113.36560217503259,23.535500931321526,1.1960899999999999,1.3217080363937077,0.24340325361983195
5140,180,13,215,115.68508477278422,14.770501078437896,1.1960899999999999,1.1796314229973386,0.15227758390914267
5141,214,13,215,108.33261011822962,18.88421233290733,1.1960899999999999,1.3491864202225852,0.25881258141108276
5142,179,13,215,117.45340199916058,16.414585232593403,1.1960899999999999,1.1749206648906938,0.14887870314798418
5143,165,13,215,113.15457583428646,23.434196564810257,1.1960899999999999,1.3237477470473356,0.2445690636826132
5144,180,14,215,116.92032305995531,14.39131384108019,1.1960899999999999,1.159134617790273,0.13728743439104665
5145,214,14,215,110.15325969088866,19.052251447142112,1.1960899999999999,1.3177136999139962,0.24110981007083146
5146,179,14,215,117.91566408150013,16.430907164940777,1.1960899999999999,1.169362785071204,0.14483339749938368
5147,165,14,215,112.98585617624734,22.2734871111196,1.1960899999999999,1.3112677391139576,0.23737923982197995
5148,180,15,215,115.58814433633263,20.835952767265123,1.1960899999999999,1.2533041051143694,0.2021090524484114
5149,214,15,215,111.25095645217384,21.868346813390804,1.1960899999999999,1.3347239173351089,0.2507813885611745
5150,179,15,215,120.66293430855451,20.314799164866134,1.1960899999999999,1.182113509069725,0.15405754834240995
5151,165,15,215,110.43397983396878,24.50965530388949,1.1960899999999999,1.3838580281551136,0.27738252071048997
5152,180,8,249,116.02379418540177,12.081500345613172,1.406355,1.3390065305804764,0.2531776528629123
5153,214,8,249,106.14177352648798,14.446300649446258,1.406355,1.865916061393312,0.46407021157571116
5154,179,8,249,117.79202272574332,15.389073071945115,1.406355,1.3915112313510103,0.2813568604623437
5155,165,8,249,113.70050266168884,22.21694625880808,1.406355,1.8591246564282156,0.46211245354509023
5156,180,9,249,114.26789855976189,10.708099500124785,1.406355,1.3587891106609113,0.26405062260647444
5157,214,9,249,106.63625352647645,15.96423769813256,1.406355,1.9048349117283865,0.47502012177389596
5158,179,9,249,117.25754788513564,16.992415792939905,1.406355,1.4689072528997964,0.31922182423302636
5159,165,9,249,114.61134075217463,20.00529889846903,1.406355,1.7036444725090694,0.41302307134115007
5160,180,10,249,113.2522147413446,11.082128244643886,1.406355,1.4069251904359428,0.28923015466789315
5161,214,10,249,107.54921662035942,15.208187033511681,1.406355,1.8190381956601187,0.4502589322281352
5162,179,10,249,116.16617121045094,16.4936978262975,1.406355,1.487063030072539,0.3275335478206193
5163,165,10,249,114.75438786609804,20.409586146570753,1.406355,1.7174539962372928,0.4177427737855783
5164,180,11,249,112.7972815242954,11.950476508676635,1.406355,1.450658522429206,0.3106578946467387
5165,214,11,249,106.77520544506288,16.274500864612797,1.406355,1.9114829426109605,0.476845972460489
5166,179,11,249,116.36508413853956,17.623531774659845,1.406355,1.5259285816501813,0.3446613347273616
5167,165,11,249,115.01265254758017,20.191419901728104,1.406355,1.6956978179673359,0.4102722847171447
5168,180,12,249,112.67279946967429,10.858329832123523,1.406355,1.4231859895515038,0.29735114922320494
5169,214,12,249,106.84385778406202,14.268788835417732,1.406355,1.8183916532939624,0.4500634677966489
5170,179,12,249,118.42218028473529,18.140996642357738,1.406355,1.4760268597924076,0.3225055537670617
5171,165,12,249,114.50104859032245,21.090005130637174,1.406355,1.7628646394159788,0.4327414722373177
5172,180,13,249,120.32574760932273,21.506425246585497,1.406355,1.5566081021959652,0.35757754402713016
5173,214,13,249,106.9281736275093,14.233205591016244,1.406355,1.812207954484236,0.44818694922647256
5174,179,13,249,118.89214513868798,18.30087312915898,1.406355,1.4671757063738489,0.3184183764386898
5175,165,13,249,114.22012293662046,21.321932994482246,1.406355,1.7874391392012932,0.44054039207911483
5176,180,14,249,121.5127001341681,20.09775344285262,1.406355,1.4587412398355752,0.3144774599553264
5177,214,14,249,108.34839712273144,15.031374306245688,1.406355,1.7683928101368716,0.4345147784656503
5178,179,14,249,118.16512894910942,17.16592401609392,1.406355,1.4456765140891694,0.30828232301329345
5179,165,14,249,114.1145760225408,20.421238176795075,1.406355,1.7459976857406159,0.4272615547163106
5180,180,15,249,114.73712532564248,15.762648403475282,1.406355,1.5106442563170228,0.3380307800341971
5181,214,15,249,112.20162711244087,19.118392098502003,1.406355,1.767994680067113,0.43438743833661303
5182,179,15,249,121.69403296232774,18.165572328998447,1.406355,1.3787721130595054,0.2747169814879758
5183,165,15,249,111.14826571139054,21.443161063162506,1.406355,1.9437319803785393,0.4855257771674615
5184,180,8,237,123.38834650323292,17.06463767727598,1.034062,1.0181024857706347,0.017780612486111663
5185,214,8,237,108.56623102152385,17.585322349818842,1.034062,1.0481573115111809,0.04594473652218296
5186,179,8,237,120.71962552040097,18.071668614566335,1.034062,1.0233837453880505,0.022849439903096964
5187,165,8,237,111.7900625396387,21.04972027436908,1.034062,1.044412306464314,0.04252372955529852
5188,180,9,237,121.91883754792826,16.27689845201639,1.034062,1.019099287158792,0.018741340907067163
5189,214,9,237,108.84968304034523,19.756581870646173,1.034062,1.0498527218047755,0.047485443214430066
5190,179,9,237,119.81054643781073,20.138384808501442,1.034062,1.027656053920594,0.026911780274230596
5191,165,9,237,112.75384129281055,18.435030623408956,1.034062,1.0390291028291996,0.03756305066232141
5192,180,10,237,120.86442595022262,16.46302055268471,1.034062,1.0209439867963392,0.020514334838349173
5193,214,10,237,109.93861760047399,18.78481780983636,1.034062,1.046050007729805,0.044022759322706946
5194,179,10,237,118.95766247547829,19.055762243983487,1.034062,1.027631799645611,0.026888813342619527
5195,165,10,237,112.90978167522704,18.928461911310112,1.034062,1.0393102322130447,0.037823386121523986
5196,180,11,237,120.42869858526426,17.363466382695957,1.034062,1.0228724969738159,0.022361044061194837
5197,214,11,237,108.65313278098114,20.094864744109174,1.034062,1.0507176832022218,0.04826956280744411
5198,179,11,237,118.62096525448439,20.49579244674671,1.034062,1.030149543122345,0.02926715186511944
5199,165,11,237,113.14880271350592,19.07252957512854,1.034062,1.0389693740859312,0.037507721649847274
5200,180,12,237,120.29456936499845,16.199933794202455,1.034062,1.0214787571064274,0.021027120688511366
5201,214,12,237,108.84292024984005,18.11525853660322,1.034062,1.0480308298986531,0.04582959635194876
5202,179,12,237,118.5833744087643,17.79986791600976,1.034062,1.0265629717272817,0.025875637889595033
5203,165,12,237,112.6440846241785,22.614489712671503,1.034062,1.0444033367455585,0.042515506398057616
5204,180,13,237,118.12286802532749,16.256424685400173,1.034062,1.0252471699745633,0.024625447125291477
5205,214,13,237,108.6626192049057,18.06747018305614,1.034062,1.048441893337321,0.04620369869342438
5206,179,13,237,118.73740511477895,17.45193353988247,1.034062,1.0258148137582555,0.02516517934039018
5207,165,13,237,112.36992038028148,20.18638892464002,1.034062,1.042077199731592,0.04037819822027572
5208,180,14,237,119.3714107359919,15.781866956919982,1.034062,1.0224140147729541,0.021922640387447713
5209,214,14,237,109.8926911805957,17.29855122657659,1.034062,1.0444263026603449,0.04253656054733871
5210,179,14,237,118.75830435217487,16.748890977357405,1.034062,1.0248062633826822,0.02420580774048127
5211,165,14,237,112.15273296660452,18.40443176065689,1.034062,1.0403473327007964,0.03878255985532503
5212,180,15,237,115.92572410745109,23.931981800438987,1.034062,1.0393876550932966,0.03789505763348813
5213,214,15,237,110.8089956656615,19.456606933419113,1.034062,1.0447535632923068,0.04283647825165201
5214,179,15,237,120.18358305576004,19.31877475071723,1.034062,1.025941056624576,0.025285133543562394
5215,165,15,237,109.4821298836934,20.562598807343583,1.034062,1.0492038615722274,0.04689637864894595
5216,180,8,102,123.47015165383056,20.013718767333604,1.3513581000000001,1.3215794070979199,0.24332961407448223
5217,214,8,102,104.43944780636353,13.225274376452719,1.3513581000000001,1.756184053608964,0.4305836008788505
5218,179,8,102,120.43838936516495,18.99646315470871,1.3513581000000001,1.3607951024823988,0.2651355092506041
5219,165,8,102,107.055253792939,17.83311477620745,1.3513581000000001,1.7826813413547224,0.4390472504524759
5220,180,9,102,121.33851424535541,18.589369295994928,1.3513581000000001,1.327638005757807,0.2467826352792555
5221,214,9,102,104.6848437570266,14.675646290518225,1.3513581000000001,1.7868665390075753,0.44036111361993524
5222,179,9,102,119.03060237805283,19.89862533002641,1.3513581000000001,1.4250133256765891,0.29825217632599677
5223,165,9,102,107.872023069783,15.310609515590711,1.3513581000000001,1.6585220665798983,0.3970535453518938
5224,180,10,102,120.1542895202612,18.995340799142028,1.3513581000000001,1.3677265180883795,0.2688596830032492
5225,214,10,102,105.75514642517787,14.467238691641562,1.3513581000000001,1.7283464418993504,0.421412295731023
5226,179,10,102,118.20385763183361,19.946712881777078,1.3513581000000001,1.449421388746324,0.31006951617779754
5227,165,10,102,108.02611897110748,15.806047994494206,1.3513581000000001,1.6679222724376461,0.40045167780000124
5228,180,11,102,119.62934855444077,20.293931341398586,1.3513581000000001,1.4217363991145098,0.2966347343833758
5229,214,11,102,104.33256761042539,14.843180418738381,1.3513581000000001,1.8098426597367114,0.4474657812820724
5230,179,11,102,117.54044744932295,19.785988014105808,1.3513581000000001,1.4631066397538548,0.31652282012182337
5231,165,11,102,108.24985116306905,15.883837252165053,1.3513581000000001,1.6608429181769113,0.3978960989894885
5232,180,12,102,119.49540167449287,19.2375402010411,1.3513581000000001,1.3917983456490566,0.2815051094678115
5233,214,12,102,104.50763764444719,14.520976022863604,1.3513581000000001,1.790877902066993,0.4416146411512357
5234,179,12,102,116.06266826435524,15.967101060586675,1.3513581000000001,1.3858090031959645,0.27839983887116365
5235,165,12,102,107.72037502986447,16.690408869827575,1.3513581000000001,1.7113159174206736,0.4156543570825788
5236,180,13,102,114.94072565672818,15.37607540876086,1.3513581000000001,1.4015368957033363,0.28649755631430035
5237,214,13,102,104.154057781582,14.057921141650265,1.3513581000000001,1.7945522146430415,0.44275792487937593
5238,179,13,102,116.48336493072085,15.992345634808697,1.3513581000000001,1.3746533470501803,0.2725438728637555
5239,165,13,102,107.41630268070837,16.65307904344257,1.3513581000000001,1.7235721618231536,0.4198096127624713
5240,180,14,102,116.16293572745654,15.752874860105292,1.3513581000000001,1.376735942918794,0.27364429966147513
5241,214,14,102,105.17761813918564,14.158255519887483,1.3513581000000001,1.7467374434372351,0.42750411416600936
5242,179,14,102,116.66847882029384,15.679135572725015,1.3513581000000001,1.360540972623377,0.2649982469312826
5243,165,14,102,107.28947797412526,16.09589276119308,1.3513581000000001,1.7101009381496408,0.41523919571553625
5244,180,15,102,111.96165428027516,17.108419252209774,1.3513581000000001,1.5547351246465166,0.35680362259303866
5245,214,15,102,106.8406493145952,15.834780107623269,1.3513581000000001,1.7216498162067824,0.4191617885434764
5246,179,15,102,115.87950936199232,16.090239855734566,1.3513581000000001,1.3947001818566627,0.2830000217905092
5247,165,15,102,104.62884350584041,15.89203345286679,1.3513581000000001,1.829729030946441,0.4534709877326794
5248,180,8,42,119.7393679269754,12.87030367262112,1.2375571,1.13678409439226,0.12032548226792937
5249,214,8,42,108.56435607571355,12.360322112722423,1.2375571,1.3406220718883333,0.25407762488092567
5250,179,8,42,119.41491607401352,13.522366111039462,1.2375571,1.1496210037121348,0.1301481124901228
5251,165,8,42,114.63431011863722,17.441567846465016,1.2375571,1.2843898137539091,0.22142017221603302
5252,180,9,42,118.24401810518411,12.086886730843684,1.2375571,1.1470011564906686,0.1281612975355919
5253,214,9,42,109.00329079223943,13.298951510920093,1.2375571,1.3418242471459112,0.2547459161458579
5254,179,9,42,118.72397172387497,14.013719543588474,1.2375571,1.165811851518476,0.1422286549090278
5255,165,9,42,115.60814097322856,15.965250881565494,1.2375571,1.2435762594303457,0.19586756950629025
5256,180,10,42,117.18313568280495,11.976077954521395,1.2375571,1.1613053536953755,0.13890003450176794
5257,214,10,42,109.99180878445371,13.066593143487863,1.2375571,1.3151618081676741,0.23963728737437087
5258,179,10,42,117.84723483441957,14.204475469917433,1.2375571,1.181292406464553,0.153469543588396
5259,165,10,42,115.77590893621692,16.07390022325326,1.2375571,1.2423108031621661,0.1950484553023209
5260,180,11,42,116.72932012195847,12.111244928507551,1.2375571,1.1701719943718516,0.14542477105102822
5261,214,11,42,109.02237797817641,13.37178544705431,1.2375571,1.3423341646888798,0.25502901862609184
5262,179,11,42,117.88254556808108,14.28509511874706,1.2375571,1.181889767602371,0.1538974044689124
5263,165,11,42,116.06726627323143,16.071375168776527,1.2375571,1.2372497765682549,0.1917557643261911
5264,180,12,42,116.60896621577145,11.669959479585907,1.2375571,1.1663586675597428,0.14263079804413736
5265,214,12,42,109.10181741025164,12.71134407867992,1.2375571,1.3317464421564509,0.24910631007150683
5266,179,12,42,119.1208967930836,14.710613593326329,1.2375571,1.169844988675567,0.14518589242140195
5267,165,12,42,115.47532784162492,16.374879157017308,1.2375571,1.2522175146696308,0.20141669615296245
5268,180,13,42,118.37660849518282,14.510521023225275,1.2375571,1.1777133963079807,0.15089698127328366
5269,214,13,42,109.10681366084742,11.990830015604514,1.2375571,1.3226785835624806,0.24395842464870296
5270,179,13,42,119.24101003466515,14.271507743882268,1.2375571,1.1621066779978364,0.13949380127229438
5271,165,13,42,115.21593623305755,16.406334031793847,1.2375571,1.2573299995157936,0.20466385087041045
5272,180,14,42,119.6167275490908,14.87998479687123,1.2375571,1.1653481027741779,0.14188730593078347
5273,214,14,42,110.57496340715538,13.689803838225155,1.2375571,1.3102717228666008,0.2367995259699195
5274,179,14,42,118.92268237659864,13.748674473246842,1.2375571,1.159402321885223,0.13748663330778052
5275,165,14,42,115.15134440290706,16.047444899045175,1.2375571,1.2529372994782317,0.20187546462505662
5276,180,15,42,119.18065638276053,17.463372103305968,1.2375571,1.2090429432493484,0.17289951892654665
5277,214,15,42,114.77797086904249,17.306983837489238,1.2375571,1.2795533508060979,0.21847729180653844
5278,179,15,42,124.48833880357891,16.649021875208984,1.2375571,1.1310240655197448,0.11584551515226572
5279,165,15,42,112.41130690463457,16.556881570007313,1.2375571,1.3138047141791496,0.23885187105239702
5280,180,8,80,128.19356092472165,17.11745830484116,1.278414,1.124117168067293,0.11041301707071072
5281,214,8,80,105.6193074308514,9.90971714349032,1.278414,1.4730389570365072,0.32113132838535213
5282,179,8,80,121.06977595357473,14.66462490944577,1.278414,1.1730091883781721,0.14749175888159782
5283,165,8,80,108.60005701564387,10.09880381604175,1.278414,1.3765130499772202,0.27352668395221613
5284,180,9,80,126.52841605802408,16.55262275239815,1.278414,1.1332360046608552,0.11757127739753456
5285,214,9,80,106.03216074588148,11.796784346721662,1.278414,1.483612467306911,0.3259695358214238
5286,179,9,80,119.36857853440947,15.47255437859158,1.278414,1.2142274082611446,0.17643104315025526
5287,165,9,80,109.37330093195045,9.645488802816296,1.278414,1.347096149423444,0.2576624909602784
5288,180,10,80,125.30998503614266,16.85475065189213,1.278414,1.1520397741577784,0.1319744140508778
5289,214,10,80,107.1684609733363,10.696533803859618,1.278414,1.4301239780714685,0.30075992338195284
5290,179,10,80,118.64309934282218,15.224959022063926,1.278414,1.2223636847932884,0.18191286894365802
5291,165,10,80,109.57369572285957,9.877764616030852,1.278414,1.343967417387461,0.2559343425572767
5292,180,11,80,124.93455854711833,17.810941595298775,1.278414,1.1725032288849049,0.14712388387105937
5293,214,11,80,106.34448699649882,12.774276669545813,1.278414,1.4883346291127717,0.3281080877651006
5294,179,11,80,117.87050498441592,15.204570959151804,1.278414,1.2360230641807595,0.19095360840794376
5295,165,11,80,109.84886566523845,10.405814385949476,1.278414,1.342793077834935,0.2552836200106428
5296,180,12,80,124.78394040032417,16.935573992395277,1.278414,1.1598590009097591,0.13782623645147424
5297,214,12,80,106.05412540982115,11.218083928819773,1.278414,1.4745714050202157,0.3218368424916727
5298,179,12,80,115.05827659940617,11.428963547300654,1.278414,1.2263351925882007,0.18456225830926087
5299,165,12,80,109.29298268146154,10.080564687567808,1.278414,1.3550078844783986,0.2619969142209505
5300,180,13,80,109.89306228859954,7.106221961879721,1.278414,1.305380407280535,0.23393978152064202
5301,214,13,80,105.92639451213037,10.3795455300947,1.278414,1.467967870117918,0.31878618029993216
5302,179,13,80,114.06667361046526,9.9492241692854,1.278414,1.2257374300472206,0.18416458901685348
5303,165,13,80,109.09656598130952,9.2960574291639,1.278414,1.3513907725863183,0.2600215864385545
5304,180,14,80,111.06971758103273,7.351029683481483,1.278414,1.2721993479095013,0.21395966627147206
5305,214,14,80,107.81629164526571,12.213308666895509,1.278414,1.431329821501227,0.3013490077701544
5306,179,14,80,115.21844515629644,11.006300379731869,1.278414,1.2162436645269175,0.17779633377250093
5307,165,14,80,108.83153993894021,9.068337851636217,1.278414,1.357047079366195,0.26310588983615285
5308,180,15,80,112.68236595486766,15.915574361044085,1.278414,1.3627164957169193,0.2661716482165982
5309,214,15,80,107.91839312045641,13.01689834690095,1.278414,1.441347476797435,0.30620477289631487
5310,179,15,80,117.04843171731574,13.930626080582922,1.278414,1.228509270640619,0.18600532865450867
5311,165,15,80,106.42831478882225,11.348586778916724,1.278414,1.463692490641172,0.31679638558373074
5312,180,8,206,130.5462934328221,23.154994986426182,1.303156,1.219704786261327,0.18012947783436373
5313,214,8,206,108.7778726120037,14.879993400267823,1.303156,1.5003202761262002,0.3334756478916742
5314,179,8,206,121.88613894026818,18.114368900168607,1.303156,1.2475171193977583,0.19840779380827075
5315,165,8,206,108.77387630532998,10.164981114990056,1.303156,1.410059024774008,0.29080982963796753
5316,180,9,206,128.9867746939952,22.501540193299544,1.303156,1.2279616196539789,0.18564230021962333
5317,214,9,206,108.95363531428949,15.71829846256502,1.303156,1.5141725951599798,0.3395733067706558
5318,179,9,206,121.08058637594338,20.340972829745986,1.303156,1.312803361577503,0.23827129845373743
5319,165,9,206,109.66438781581803,9.568654364070417,1.303156,1.3713197626974742,0.2707754768786124
5320,180,10,206,127.8760387994314,23.48607002152283,1.303156,1.2650221108273638,0.2094999830904387
5321,214,10,206,110.1593198907891,15.168579283874916,1.303156,1.461869611631961,0.3159444645109983
5322,179,10,206,120.28505700481766,20.141657840841123,1.303156,1.324087715112266,0.2447630254501587
5323,165,10,206,109.81346472849967,9.9357906350389,1.303156,1.3717598488805796,0.271009425727071
5324,180,11,206,127.4751251664905,25.482530192658533,1.303156,1.3160057340617608,0.2401248914671754
5325,214,11,206,108.63011181588165,15.662243140549256,1.303156,1.5237482895382044,0.3437236275401723
5326,179,11,206,119.56009592561178,19.829972264499933,1.303156,1.331682662981866,0.24907034701433425
5327,165,11,206,110.02863534294853,10.211991372760899,1.303156,1.3689735100331704,0.269525675499908
5328,180,12,206,127.29989655298243,24.048147128404374,1.303156,1.2865234693049645,0.22271142046072184
5329,214,12,206,108.70199540696134,12.990400553781475,1.303156,1.4621735277023746,0.3160866469991584
5330,179,12,206,116.84967503305181,15.709691083607789,1.303156,1.2948611122299343,0.22771640096762322
5331,165,12,206,109.55131193856838,10.579174791721584,1.303156,1.3903357588490315,0.2807492768309182
5332,180,13,206,114.09809262190912,12.854429410294816,1.303156,1.2999616759785035,0.2307465531648979
5333,214,13,206,108.29788179583372,11.681832578064432,1.303156,1.451283478571856,0.3109547412583682
5334,179,13,206,116.5591319676209,14.286162294670188,1.303156,1.2708990100713418,0.21315541827051615
5335,165,13,206,109.35152958461404,10.0991964637388,1.303156,1.389497687122672,0.28031546272612484
5336,180,14,206,115.3644228204191,13.01437360495102,1.303156,1.2722699166365512,0.21400326540482875
5337,214,14,206,109.5389523497414,12.484346070517281,1.303156,1.424447007139376,0.2979731818818344
5338,179,14,206,117.48377338081636,14.408667709169631,1.303156,1.2535535263389903,0.20226780987924362
5339,165,14,206,109.04148161602669,9.592543295203392,1.303156,1.3926054212314134,0.28192150859519954
5340,180,15,206,113.38633572381815,12.35357266874549,1.303156,1.3085534128102696,0.23579733909952938
5341,214,15,206,108.09954450032866,11.414176872488516,1.303156,1.4535280896512581,0.3120187995541745
5342,179,15,206,117.2449087431907,13.325710980527832,1.303156,1.2368365011606934,0.19148569834285878
5343,165,15,206,106.73662315777304,13.206467500981768,1.303156,1.5360448959735316,0.34897736217129977
5344,180,8,117,122.61480192150557,19.067956684193923,1.348543,1.309451912200219,0.23632170782068623
5345,214,8,117,107.81891184845975,20.53446727968233,1.348543,1.8432827181448486,0.45748962426857726
5346,179,8,117,119.49265325786256,18.705136207641253,1.348543,1.371252816620883,0.27073987533221244
5347,165,8,117,111.2259420376646,23.61662796484149,1.348543,1.8215474697664984,0.4510162284553646
5348,180,9,117,121.38382211616417,18.78072636366396,1.348543,1.3283781958148673,0.24720233804607894
5349,214,9,117,108.17237938282874,22.12413507450781,1.348543,1.8926814690566176,0.471649077592313
5350,179,9,117,118.58816969092273,20.53186373514519,1.348543,1.4525561771904063,0.3115584679594004
5351,165,9,117,112.14586583471484,22.153980550588322,1.348543,1.7254768230479056,0.42045005378073613
5352,180,10,117,120.35773354412038,19.34617988377846,1.348543,1.3690685692287798,0.2695763948745698
5353,214,10,117,109.2595006041837,22.09539134148033,1.348543,1.842646317022562,0.4573022555864932
5354,179,10,117,117.81894676228987,20.534777631503463,1.348543,1.4744679462279835,0.32178925790945667
5355,165,10,117,112.30336211497026,22.53242917515199,1.348543,1.734292251578653,0.42339591318029457
5356,180,11,117,119.94483823494775,21.254005140230717,1.348543,1.4392920481461022,0.3052139756569473
5357,214,11,117,108.13363097344659,21.671046043459523,1.348543,1.8755219882350844,0.46681510199673726
5358,179,11,117,117.50312531043357,21.057363420869212,1.348543,1.501424660814172,0.33396591510776585
5359,165,11,117,112.56844622736519,22.62520477048358,1.348543,1.7276846150910221,0.42119065524738986
5360,180,12,117,119.80476920375854,19.743194632662163,1.348543,1.3949790478935558,0.2831433550847817
5361,214,12,117,108.16248282320477,21.522291639182995,1.348543,1.8680359647212648,0.46467840079876993
5362,179,12,117,117.33892662697687,18.347970533590516,1.348543,1.4173888056224542,0.2944772838382589
5363,165,12,117,112.03488500118448,23.20624747748835,1.348543,1.771848418808754,0.43561763558063377
5364,180,13,117,115.72638126023753,16.79587316913706,1.348543,1.4158620364094339,0.2937164961806889
5365,214,13,117,107.99779133229657,21.370415293635048,1.348543,1.8692780358158076,0.4650341036273019
5366,179,13,117,117.26412572152914,18.24911111073412,1.348543,1.4164016186005564,0.29398555687332
5367,165,13,117,111.77502622650509,22.988675343161763,1.348543,1.7734568194354499,0.4361294906980971
5368,180,14,117,117.02184618015573,16.434275892867078,1.348543,1.368652087441417,0.269354126460715
5369,214,14,117,109.44811866353541,21.640863277992025,1.348543,1.8157895757857936,0.44927539328600663
5370,179,14,117,117.49738530049918,17.79198485520542,1.348543,1.3959156916667592,0.2836243578536077
5371,165,14,117,111.638660270052,22.48583070373271,1.348543,1.7586931754071693,0.43139598539211826
5372,180,15,117,115.02366298656798,26.49087074699093,1.348543,1.7893033615572678,0.4411232765305491
5373,214,15,117,110.37584086313302,23.19491916791129,1.348543,1.8398678469918979,0.4564827024750959
5374,179,15,117,119.71378278482591,23.684529043870246,1.348543,1.5277991040887775,0.34546368215314
5375,165,15,117,109.05333745859261,22.306323385610742,1.348543,1.8604998702119,0.4625100404408489
5376,180,8,192,118.82833433080847,14.429682979566683,1.26557,1.1937742850993927,0.1623207062826447
5377,214,8,192,106.5861469869742,15.830370216308912,1.26557,1.5058198951608328,0.33590995628783843
5378,179,8,192,118.4171987568142,16.078033678818066,1.26557,1.2285131775101683,0.18600791728852004
5379,165,8,192,111.45074586393362,22.60854246328719,1.26557,1.5133350069049714,0.3392077792179203
5380,180,9,192,116.97653943769721,13.209248618447143,1.26557,1.2056752324144893,0.17058924898258326
5381,214,9,192,106.91738806807439,17.381439376402426,1.26557,1.526245499658817,0.3447974128516389
5382,179,9,192,117.62077801623977,17.070106026660937,1.26557,1.260471219535295,0.20664590789413212
5383,165,9,192,112.30807526102136,20.52155598514213,1.26557,1.4447980325586474,0.3078617374436327
5384,180,10,192,115.85441120297126,13.575913266683177,1.26557,1.2326257302826025,0.18872373386954097
5385,214,10,192,107.96524184213068,17.0696555225624,1.26557,1.4886403810400441,0.32824608768079616
5386,179,10,192,116.63479724355686,17.468751798364522,1.26557,1.2865720579576434,0.22274077552450464
5387,165,10,192,112.45492060363009,20.923438298539818,1.26557,1.4499455425033734,0.3103189253070355
5388,180,11,192,115.4039645549336,14.519673326388439,1.26557,1.257445194115036,0.20473671164350077
5389,214,11,192,106.95245055079917,17.524669215095557,1.26557,1.5281176790601343,0.34560013688536867
5390,179,11,192,116.58135248477076,17.72470218784027,1.26557,1.2924791752410287,0.22629314332007366
5391,165,11,192,112.75520148710388,20.80371185670659,1.26557,1.4399379708737832,0.3055256405293764
5392,180,12,192,115.29679698378665,13.431529740165029,1.26557,1.241247602539742,0.1943589675791683
5393,214,12,192,107.00295782564523,16.976026647671393,1.26557,1.5154207741144965,0.34011726836440626
5394,179,12,192,117.74953106091745,17.374568640299938,1.26557,1.263716122727868,0.2086830404273138
5395,165,12,192,112.22787588547594,21.463596899520294,1.26557,1.4675469445368219,0.3185907928038283
5396,180,13,192,119.03143470894092,19.54974453597254,1.26557,1.2815547148789495,0.2196977714724759
5397,214,13,192,106.93324027759623,17.03661242101374,1.26557,1.5187597780359638,0.3415680251335177
5398,179,13,192,117.97026295116802,17.54088921048975,1.26557,1.2627616092337826,0.2080848889547892
5399,165,13,192,111.95387787805255,21.59683153981797,1.26557,1.4774504547916265,0.3231583524463865
5400,180,14,192,120.25433056161586,18.77110853470608,1.26557,1.245881456825794,0.19735541891139532
5401,214,14,192,108.3048196938187,17.211043267314878,1.26557,1.481644425425689,0.3250742331698839
5402,179,14,192,117.57008665084575,16.74272981516944,1.26557,1.2554229180800593,0.20345567569427692
5403,165,14,192,111.88418498947401,20.97576125794207,1.26557,1.4654105837234532,0.31759739481401467
5404,180,15,192,112.09297732380449,18.40878349166278,1.26557,1.4052259620956964,0.2883706770485218
5405,214,15,192,108.80085151952835,19.38210514752529,1.26557,1.5132140683649005,0.33915496762427844
5406,179,15,192,118.00554726250283,18.76177289998149,1.26557,1.2851340079661546,0.2218710315023147
5407,165,15,192,109.07378750327265,21.513555169498108,1.26557,1.5532290721727227,0.3561799621731535
5408,180,8,146,122.32763510395135,20.98718440233423,1.371884,1.4098212783358042,0.2906902347363984
5409,214,8,146,107.28858318653116,19.457932744770922,1.371884,1.9105099927432798,0.47657955006866454
5410,179,8,146,120.56179908257862,21.0034663132831,1.371884,1.4580300986711356,0.31414310245624505
5411,165,8,146,111.33498754464614,24.130754175073314,1.371884,1.9340935194262956,0.4829619199093191
5412,180,9,146,120.7303512504389,19.959488468926327,1.371884,1.4164756559648968,0.29402245934201776
5413,214,9,146,107.63342279981207,20.684677819578354,1.371884,1.9498145772594604,0.48713071916533796
5414,179,9,146,119.38351583921637,22.67572673201248,1.371884,1.556481590191954,0.35752532744272647
5415,165,9,146,112.34160939721077,22.355335737944134,1.371884,1.8052024420106219,0.4460455089534407
5416,180,10,146,119.64981287090319,20.69078940577629,1.371884,1.472897071863057,0.32106593250599164
5417,214,10,146,108.70111114491486,20.260853148238947,1.371884,1.8765824919899399,0.46711641813326643
5418,179,10,146,118.4515466223606,23.017839912692153,1.371884,1.6004830294621855,0.3751886264385867
5419,165,10,146,112.4946561001645,22.911104804294855,1.371884,1.8240544817436355,0.45177076123072374
5420,180,11,146,119.16096255468513,22.633543749208453,1.371884,1.5618933113257456,0.3597514037939037
5421,214,11,146,107.42055395483202,20.290098281670435,1.371884,1.9421866817481779,0.4851164363356194
5422,179,11,146,118.15376490676475,23.159094802861013,1.371884,1.6162963053557369,0.381301561671326
5423,165,11,146,112.77872284884167,22.926491048858114,1.371884,1.8124732887773272,0.44826773106566
5424,180,12,146,119.03384734600618,21.418034444426734,1.371884,1.5186489887401395,0.34151999085082
5425,214,12,146,107.5608295425395,19.765574033390763,1.371884,1.9106775022579168,0.47662543845402283
5426,179,12,146,118.069647281067,20.728817731579067,1.371884,1.5225797969251682,0.34321997308811786
5427,165,12,146,112.13697309590515,23.264479192860847,1.371884,1.8562217359970161,0.461271258380735
5428,180,13,146,117.34917125378918,22.43968106742178,1.371884,1.6143404126666443,0.38055196279937487
5429,214,13,146,107.35818513372202,19.351705921050335,1.371884,1.902130193851169,0.4742736310939164
5430,179,13,146,118.35483605028327,21.185950531492583,1.371884,1.531048202271581,0.34685269966267357
5431,165,13,146,111.87067473335857,23.548990966377303,1.371884,1.881574860998747,0.46853031429788755
5432,180,14,146,118.60703159656435,22.57333941678094,1.371884,1.5774125079920098,0.3660504180526852
5433,214,14,146,108.59461841858791,19.28228552826851,1.371884,1.83768584049555,0.45583734827584016
5434,179,14,146,118.19346358924743,20.45038772949971,1.371884,1.508107594995612,0.336917337119498
5435,165,14,146,111.74864159976313,22.619490005456196,1.371884,1.8434471114290318,0.4575380037755439
5436,180,15,146,116.56752479752187,22.268520174230513,1.371884,1.6347509967706055,0.3882860435776056
5437,214,15,146,110.69596948098152,22.921329076170863,1.371884,1.9058961519406505,0.4753124408264507
5438,179,15,146,120.06099470657084,22.201994801673607,1.371884,1.517183846403952,0.3408840976192751
5439,165,15,146,109.09291918638033,22.888220076983192,1.371884,1.9821388855445106,0.49549448462321477
5440,180,8,54,120.55763860769868,18.917704188183855,1.2066780000000001,1.1780288201137477,0.15112433335591707
5441,214,8,54,110.22920715920246,22.837243127090762,1.2066780000000001,1.3912748419646888,0.2812347569026333
5442,179,8,54,119.49227045201965,19.013146825278735,1.2066780000000001,1.192162594405072,0.1611882433712554
5443,165,8,54,113.98379791050202,25.181128593102443,1.2066780000000001,1.3577564951804844,0.2634909105206883
5444,180,9,54,119.34416328078225,18.414832520896432,1.2066780000000001,1.1864769111289186,0.15716859669143335
5445,214,9,54,110.50914579258414,23.862748456157934,1.2066780000000001,1.4008594138938166,0.2861524931895852
5446,179,9,54,118.9259067181048,21.56640413956348,1.2066780000000001,1.2326520370270284,0.18874104778843362
5447,165,9,54,114.78994896763653,23.25556648229755,1.2066780000000001,1.316932721680026,0.24065976679181553
5448,180,10,54,118.37837696995571,19.06289018497502,1.2066780000000001,1.207114521341534,0.17157818722233248
5449,214,10,54,111.52302498263393,22.99147914145632,1.2066780000000001,1.369329555814824,0.26971560954517865
5450,179,10,54,118.04644914393032,22.008763012355,1.2066780000000001,1.2505958329846614,0.20038115142810886
5451,165,10,54,114.91712996840967,23.767540115432467,1.2066780000000001,1.3221392269830647,0.24365000327396763
5452,180,11,54,117.977450503666,20.87189407135321,1.2066780000000001,1.236272814157105,0.19111705074433485
5453,214,11,54,110.27391383263911,23.36568853775187,1.2066780000000001,1.3980976047772042,0.2847423551953253
5454,179,11,54,118.0853061674209,22.29982215757439,1.2066780000000001,1.2539954188404434,0.20254892085276544
5455,165,11,54,115.26616481571114,23.675291874286522,1.2066780000000001,1.3152369757861537,0.2396807431586447
5456,180,12,54,117.83776684221525,19.473247971253006,1.2066780000000001,1.2197029729804547,0.1801282589675014
5457,214,12,54,110.55015223519574,22.725681431936962,1.2066780000000001,1.3835575506390247,0.2772255844810147
5458,179,12,54,119.84364016589285,21.718826559248296,1.2066780000000001,1.2226524813949295,0.182106105195897
5459,165,12,54,114.7938719331661,24.695820853372737,1.2066780000000001,1.337354889831888,0.25225532309848975
5460,180,13,54,120.57155975180567,24.6169573622008,1.2066780000000001,1.2516979903705352,0.2010852396559541
5461,214,13,54,110.46369551571469,22.288037492092442,1.2066780000000001,1.3788714011624,0.2747692067897037
5462,179,13,54,120.14770464937268,21.359082449688568,1.2066780000000001,1.2140833147623462,0.17633329785464721
5463,165,13,54,114.51709052637817,24.574790258194625,1.2066780000000001,1.340167517025068,0.2538246246858594
5464,180,14,54,121.85912791342518,23.421422731683247,1.2066780000000001,1.2198097783895108,0.1802000461741838
5465,214,14,54,111.59286819567033,22.193187285704084,1.2066780000000001,1.356566091696689,0.2628446147070678
5466,179,14,54,119.61519005995143,20.63893236332912,1.2066780000000001,1.211463752274695,0.17455227354317598
5467,165,14,54,114.36401980868854,23.51888087654499,1.2066780000000001,1.3276197723470535,0.24677229065959583
5468,180,15,54,117.05006756991577,22.95697621663952,1.2066780000000001,1.277858506035891,0.21744074537473615
5469,214,15,54,113.07035580606917,23.297502184452682,1.2066780000000001,1.3462634798032203,0.2572033520911023
5470,179,15,54,122.63625725085602,21.730738535479496,1.2066780000000001,1.1891847574117989,0.15908777524490814
5471,165,15,54,111.62323911420319,24.426773186224253,1.2066780000000001,1.3883198880242218,0.27970490905871603
5472,180,8,45,118.9005049543139,16.278045282995876,1.226445,1.184586760961131,0.1558237581613388
5473,214,8,45,109.36442288614157,20.124014716463172,1.226445,1.4153296490090956,0.2934508220751804
5474,179,8,45,119.06423854314752,17.915914092939236,1.226445,1.2052293808376993,0.17028242432577756
5475,165,8,45,117.47122256473237,29.419652415193877,1.226445,1.4116946067171992,0.29163149363768365
5476,180,9,45,117.64664305913364,15.560340653387781,1.226445,1.1925844732660673,0.1614849745097272
5477,214,9,45,109.9325201286663,21.721009773313646,1.226445,1.4294550084636468,0.30043268652800587
5478,179,9,45,118.53861297017671,19.7400092882933,1.226445,1.2395660820338106,0.19326608359656305
5479,165,9,45,118.33580473339146,27.568537022256987,1.226445,1.36661329624872,0.26826410752409174
5480,180,10,45,116.69213688937242,16.09226722007488,1.226445,1.214404454955139,0.17655111036549945
5481,214,10,45,110.91694949248289,21.03204576288624,1.226445,1.3967597805031142,0.28405727745124576
5482,179,10,45,117.84753415930925,20.008619424452117,1.226445,1.2541221530979385,0.20262950659965998
5483,165,10,45,118.50848621530783,27.83030945526637,1.226445,1.3679678199840277,0.2689886520783245
5484,180,11,45,116.2540777286617,17.423390071626407,1.226445,1.2405149741540096,0.19388316881707363
5485,214,11,45,110.27777108171739,22.21057423467214,1.226445,1.430230833388624,0.30081216496310925
5486,179,11,45,117.8769057951175,20.621987034060716,1.226445,1.2630695160278698,0.20827793932924363
5487,165,11,45,118.80351781220531,27.471181966002618,1.226445,1.3572589545653502,0.26322092284869775
5488,180,12,45,116.12836092358708,16.339456997484522,1.226445,1.2268382846034982,0.1848966464857347
5489,214,12,45,110.22504751746796,21.166434895880453,1.226445,1.4137602295813423,0.2926664797353009
5490,179,12,45,119.66366577636586,21.174744469579892,1.226445,1.2446748723171677,0.1965773373906593
5491,165,12,45,118.32726087133916,28.216697881998144,1.226445,1.3772861928001792,0.27393449144590165
5492,180,13,45,118.46138187648744,21.634604969989805,1.226445,1.269681387163194,0.21240083527233078
5493,214,13,45,110.37590118860815,20.97409438884824,1.226445,1.4072965172685978,0.2894176971738081
5494,179,13,45,119.52631491066796,20.655112364849572,1.226445,1.2388283512286002,0.19278566799972227
5495,165,13,45,118.02228837713838,28.316054074109264,1.226445,1.3840913287656076,0.2775043241605717
5496,180,14,45,119.70498164698712,21.72260874716055,1.226445,1.2523918906441474,0.20152788638253932
5497,214,14,45,112.16312394846275,21.89114866074434,1.226445,1.3854516642502357,0.2782137220635773
5498,179,14,45,119.50863717681861,19.842050608614446,1.226445,1.226960102287736,0.18497757332496487
5499,165,14,45,117.8488013086666,27.23961889294648,1.226445,1.3694868195037604,0.2697994710439386
5500,180,15,45,123.22141364019909,23.718122954770514,1.226445,1.2340468969003315,0.18965802473812668
5501,214,15,45,117.00835550788405,28.33948380456702,1.226445,1.4021462753039577,0.2868076479515522
5502,179,15,45,126.90741692876396,25.671748835406184,1.226445,1.2171914230156815,0.17843653751484195
5503,165,15,45,115.22301121407162,27.977708815550695,1.226445,1.4287607520181937,0.30009275619626896
5504,180,8,21,127.56473763221328,24.97320102064513,1.1537709999999999,1.1221488616713804,0.10885263608381354
5505,214,8,21,108.99198830355475,20.330680251325,1.1537709999999999,1.2634199557749322,0.20849754238159132
5506,179,8,21,120.62843368192473,20.88574025506366,1.1537709999999999,1.1411926805846588,0.12372378739085728
5507,165,8,21,107.10722053825981,19.15592272118136,1.1537709999999999,1.280016772733333,0.21876023712985287
5508,180,9,21,126.63648164051997,24.903878251242624,1.1537709999999999,1.1278787820879566,0.11337989872566293
5509,214,9,21,108.95515762614039,21.179304483573407,1.1537709999999999,1.2712419007876563,0.21336765301678298
5510,179,9,21,119.65642471594768,22.948059294841865,1.1537709999999999,1.1670759806698174,0.14315775788130597
5511,165,9,21,108.00758933724669,16.966630476393032,1.1537709999999999,1.2493264066059817,0.19956866779380852
5512,180,10,21,125.56097700588755,25.853881894123266,1.1537709999999999,1.1429688440379115,0.12508551285862465
5513,214,10,21,110.22581537022344,20.963497531210237,1.1537709999999999,1.2525414361914133,0.20162321891666343
5514,179,10,21,118.92970591359492,22.604818361334,1.1537709999999999,1.1707906421139662,0.14587633003761338
5515,165,10,21,108.11373537381202,17.668895702531678,1.1537709999999999,1.2533921554313554,0.20216510398068543
5516,180,11,21,125.17859398750988,27.43259802115634,1.1537709999999999,1.1583634348934175,0.1367130816832014
5517,214,11,21,108.48841778063165,20.38742139893662,1.1537709999999999,1.2707957853206333,0.21309150411787767
5518,179,11,21,118.25170442930744,22.001879847590725,1.1537709999999999,1.1719714615946584,0.14673690207495593
5519,165,11,21,108.36333527966809,17.52580397332551,1.1537709999999999,1.248703449986299,0.19916934640408643
5520,180,12,21,125.01542517376676,26.391524724132413,1.1537709999999999,1.1513073090778865,0.1314221736324011
5521,214,12,21,108.70949804549151,19.603238588365283,1.1537709999999999,1.2610711917871746,0.20702335719618473
5522,179,12,21,116.45621676770388,18.70525302117664,1.1537709999999999,1.1612276695832116,0.1388424284111999
5523,165,12,21,107.88462156019878,18.060875494663556,1.1537709999999999,1.259827756427654,0.206240698462159
5524,180,13,21,114.8406052920749,17.54323835591019,1.1537709999999999,1.1682315709036188,0.144005328304467
5525,214,13,21,108.14339427129083,19.10155962686558,1.1537709999999999,1.264725554496963,0.20931462446985655
5526,179,13,21,116.45425360132114,17.963078856078354,1.1537709999999999,1.1549774160103905,0.13418220465792752
5527,165,13,21,107.64611829125097,18.404372234629587,1.1537709999999999,1.2660439659184004,0.21013801501388585
5528,180,14,21,116.1368044853453,17.093340374763002,1.1537709999999999,1.150908797897635,0.13112142176104657
5529,214,14,21,109.15823826769386,18.69728313302679,1.1537709999999999,1.2473067322283,0.19827258671689296
5530,179,14,21,117.05185662935915,18.081303399079765,1.1537709999999999,1.1500677269386506,0.13048599088865295
5531,165,14,21,107.35504337975644,17.4184071771789,1.1537709999999999,1.2623516037753186,0.20782767890554654
5532,180,15,21,110.79116924234899,19.232445756745015,1.1537709999999999,1.230317310053309,0.18720155212912465
5533,214,15,21,106.12853567911905,16.742690267496428,1.1537709999999999,1.2755579543187197,0.21602934887101716
5534,179,15,21,115.10714997239347,17.450400795187257,1.1537709999999999,1.1645939682569342,0.1413316338082057
5535,165,15,21,105.23160841957937,18.030283521528016,1.1537709999999999,1.2993144156796532,0.23036334552101928
5536,180,8,58,121.19186714918756,13.55210503964676,1.269136,1.1471660189440778,0.12828659192637037
5537,214,8,58,109.52577708855546,18.001529515857772,1.269136,1.4717357851306996,0.3205302133010284
5538,179,8,58,118.38848840541525,13.774120420576446,1.269136,1.1933699449668358,0.16203688200997018
5539,165,8,58,111.9579235256803,18.71968865389051,1.269136,1.4223910338208041,0.2969584479776873
5540,180,9,58,120.34013973439465,13.210728466516125,1.269136,1.153948489236954,0.13341019176579721
5541,214,9,58,109.80717468912867,19.068233019357805,1.269136,1.4870091060869042,0.32750916190989504
5542,179,9,58,118.09403960669675,14.894538938962878,1.269136,1.2172047664553125,0.17844554379116193
5543,165,9,58,112.86955992502025,16.76248823909159,1.269136,1.3596772564257087,0.2645313472192811
5544,180,10,58,119.33277207631855,13.288648176978745,1.269136,1.1702884522998367,0.14550981167522237
5545,214,10,58,110.89823607430759,18.632669767122053,1.269136,1.44792733983046,0.3093576089825809
5546,179,10,58,117.33728239465573,15.516321962105486,1.269136,1.2417029460987241,0.19465440334028733
5547,165,10,58,113.01892711937745,17.046245664549634,1.269136,1.3617732140314502,0.2656633353511498
5548,180,11,58,118.97923608994344,14.110866142105483,1.269136,1.189120774960497,0.1590425286840857
5549,214,11,58,109.64147439224718,19.040996851748844,1.269136,1.4910298317565953,0.3293226073002904
5550,179,11,58,117.12872129374146,15.606048072833506,1.269136,1.2471920558962442,0.19819886979524542
5551,165,11,58,113.23906114781713,17.29993666593806,1.269136,1.3616643063069136,0.2656046021268005
5552,180,12,58,118.81468792382738,13.180833190317207,1.269136,1.1768022159875229,0.15023953353041394
5553,214,12,58,109.78337323275565,17.817664586824467,1.269136,1.4606772751664465,0.31538607671838503
5554,179,12,58,118.26584291040685,15.383768604339318,1.269136,1.222677447063241,0.18212280564926742
5555,165,12,58,112.7249767468603,18.69689617994021,1.269136,1.4028545031999973,0.2871677014836973
5556,180,13,58,118.52193120473186,13.988256236982451,1.269136,1.1946464397564034,0.16293225617120086
5557,214,13,58,109.5774802999014,17.846538106871172,1.269136,1.4670017784951577,0.318337568052716
5558,179,13,58,118.34324781806883,14.78583997422553,1.269136,1.2110279138479483,0.17425520207657583
5559,165,13,58,112.46426002739925,17.616688743927256,1.269136,1.3866885317663589,0.2788575248933489
5560,180,14,58,119.8099263658793,13.704202375535264,1.269136,1.169500382986872,0.14493401238054548
5561,214,14,58,110.85401195418197,17.979049923247384,1.269136,1.435167542385709,0.3032172408681435
5562,179,14,58,118.21356029739786,14.339485046597728,1.269136,1.2057077320249574,0.1706116055832836
5563,165,14,58,112.29864638350094,16.82168997835992,1.269136,1.374652581396586,0.27254346768545373
5564,180,15,58,112.84070859719485,25.653565023027827,1.269136,1.558618817299075,0.35840630890566527
5565,214,15,58,109.84409591446655,19.188097002591302,1.269136,1.488627999723431,0.32824050052411496
5566,179,15,58,119.13705151117206,18.443243109205042,1.269136,1.263238520462064,0.20838386116168883
5567,165,15,58,109.59513965677704,18.137785368847734,1.269136,1.472706747386693,0.3209781908214297
5568,180,8,170,115.8710836175411,11.050646195553151,1.167482,1.116847293830055,0.10462244433555941
5569,214,8,170,108.26229220375248,19.263621226050446,1.167482,1.2928542398199654,0.226517600205841
5570,179,8,170,118.09263068171654,15.684988805058536,1.167482,1.1327344298922966,0.11718053798798833
5571,165,8,170,117.20938131148446,29.43326505545986,1.167482,1.2751423556689552,0.21577383454148705
5572,180,9,170,114.5920688243782,10.142581454977792,1.167482,1.1251766458039,0.11125066119237276
5573,214,9,170,108.83882859821314,20.842327039536325,1.167482,1.2994233919612344,0.2304278911812656
5574,179,9,170,117.91912591196228,17.158826629799496,1.167482,1.1478978931816066,0.12884237706167476
5575,165,9,170,118.10299875434467,27.49039166518241,1.167482,1.2461117771601804,0.19750377267202746
5576,180,10,170,113.58471607413601,10.041739558516882,1.167482,1.1375425747969221,0.12091202372928914
5577,214,10,170,109.78650443269913,20.46758422419441,1.167482,1.2815615952069093,0.2197019606860573
5578,179,10,170,117.11782445595051,17.149191438491165,1.167482,1.1561886177489153,0.13508921931182183
5579,165,10,170,118.26782537252923,27.704123100835663,1.167482,1.2463736002558592,0.197672351376251
5580,180,11,170,113.12056187096691,10.891122432702085,1.167482,1.1499854784213763,0.13042380207032392
5581,214,11,170,109.06509564357752,21.27522087816977,1.167482,1.3003100498452942,0.23095264847105035
5582,179,11,170,117.32631534002661,18.463227981706545,1.167482,1.1663075439121093,0.14259321632634656
5583,165,11,170,118.56004666745214,27.881269205537272,1.167482,1.2448854587237888,0.19671324538952878
5584,180,12,170,113.01580220220305,9.638717739029397,1.167482,1.142552139910482,0.12476641978163984
5585,214,12,170,109.08101512730346,21.146045890236888,1.167482,1.2987835871741453,0.23004878574438237
5586,179,12,170,120.09296554352849,19.85476858970366,1.167482,1.1516245822501376,0.1316614672759774
5587,165,12,170,118.05337750066279,28.722523460468814,1.167482,1.2586578434363513,0.20550290516616584
5588,180,13,170,121.70550533550788,21.264443935676525,1.167482,1.1499176579505672,0.1303725157310454
5589,214,13,170,109.19627160129285,21.075286817967008,1.167482,1.296350067883108,0.2286034268251605
5590,179,13,170,120.61601216706292,20.218956760468973,1.167482,1.1501224630074234,0.13052737237639225
5591,165,13,170,117.75316990503646,28.356657944811165,1.167482,1.258476128001554,0.20538818516328247
5592,180,14,170,122.97309734413793,20.51109769423213,1.167482,1.1320896101286013,0.11667769843201406
5593,214,14,170,110.83358006509046,21.621035051720764,1.167482,1.2780095431967882,0.21753322944786507
5594,179,14,170,119.78785272568345,18.741885045358924,1.167482,1.1441536856562824,0.12599154070250307
5595,165,14,170,117.5507063567587,27.6561353027286,1.167482,1.25392002695175,0.2025009741402916
5596,180,15,170,119.49657095349563,29.88536508205064,1.167482,1.2539985800817246,0.20255093117024997
5597,214,15,170,115.88752909334124,28.718901810791138,1.167482,1.2837515367480032,0.2210330649081847
5598,179,15,170,125.69176711916026,27.134429364139667,1.167482,1.1693879308420483,0.14485178645556576
5599,165,15,170,114.77493973652983,27.936660061223165,1.167482,1.2896318049916118,0.22458488063846693
5600,180,8,9,119.64303520277433,17.093680570614776,1.1948709,1.1554087879715367,0.13450545779937859
5601,214,8,9,106.83384402588703,14.923314911151216,1.1948709,1.3308368397106562,0.24859308807726205
5602,179,8,9,119.88741475153647,18.63391634650771,1.1948709,1.1700523938157334,0.14533741797763824
5603,165,8,9,112.92382283743213,22.933541679300415,1.1948709,1.318322615410546,0.24146033124935468
5604,180,9,9,117.67533909742956,15.584044401988752,1.1948709,1.1616358290147222,0.13914500997426937
5605,214,9,9,107.26832522780673,16.448090619874574,1.1948709,1.338448952760064,0.25286653784003954
5606,179,9,9,118.82228512094456,19.703275450184066,1.1948709,1.1949845312315253,0.16316908389649062
5607,165,9,9,113.76186636099052,20.819883005930777,1.1948709,1.278099135739128,0.2175880790172842
5608,180,10,9,116.53371598629447,15.848802038684122,1.1948709,1.179023189068503,0.15184026126741557
5609,214,10,9,108.2298351746409,15.964289834782576,1.1948709,1.3142323730650392,0.2390995530966793
5610,179,10,9,117.93454824209675,19.83346000015792,1.1948709,1.2075362230468782,0.17186749273923968
5611,165,10,9,113.90928135813729,21.358601942800995,1.1948709,1.2826763358686128,0.22038009742901188
5612,180,11,9,116.07208492395263,16.88360022009522,1.1948709,1.1969539093280812,0.1645459426575938
5613,214,11,9,107.19446670835083,16.36569547317619,1.1948709,1.339002039105983,0.2531751477632744
5614,179,11,9,117.88914882391913,20.173110313509227,1.1948709,1.212203505899512,0.17505600740038035
5615,165,11,9,114.1980893469161,21.166291062537873,1.1948709,1.2758514319471135,0.21620968166029228
5616,180,12,9,115.96759889663599,15.98138469255542,1.1948709,1.1880308785042661,0.158271036474235
5617,214,12,9,107.30764795768,14.675833708793279,1.1948709,1.3186795277087042,0.24166563673164146
5618,179,12,9,118.6526443826273,19.540582620386953,1.1948709,1.1951195058328272,0.1632635940427203
5619,165,12,9,113.73513162016982,21.738289235035047,1.1948709,1.290189628528794,0.22492013740623368
5620,180,13,9,118.7681255823162,21.74375054914935,1.1948709,1.2201802096304566,0.1804489270458995
5621,214,13,9,107.28647112635159,14.481360464548542,1.1948709,1.3171379548074937,0.2407780852794915
5622,179,13,9,118.9484175320993,19.665728278719534,1.1948709,1.1930168570649156,0.16178887659624488
5623,165,13,9,113.4344486322749,22.18996977628762,1.1948709,1.3006475009079632,0.23115217666438104
5624,180,14,9,120.01934180875209,22.11374408244448,1.1948709,1.209425747716109,0.17316131073907642
5625,214,14,9,108.52713455250516,15.162423792727598,1.1948709,1.2998023643862278,0.23065226883765189
5626,179,14,9,118.49573678521406,18.905025422374248,1.1948709,1.1895368015314003,0.1593366437149251
5627,165,14,9,113.25947505730966,21.472348411046504,1.1948709,1.2941865125781533,0.22731384519848177
5628,180,15,9,117.29770492926012,20.28879010869606,1.1948709,1.221250153018099,0.18116693985365673
5629,214,15,9,112.27258946392874,21.76373675167031,1.1948709,1.3137180226536458,0.23880164330847103
5630,179,15,9,121.77099882247857,20.79206390659177,1.1948709,1.174125620555809,0.14830237711138713
5631,165,15,9,110.38746866340976,21.56476274607292,1.1948709,1.3430242589711998,0.25541181157365506
5632,180,8,86,121.43994780267276,18.944102847730782,1.288094,1.2558086119831002,0.2037003167060163
5633,214,8,86,106.88837822051073,14.402577464336277,1.288094,1.5211052231340163,0.3425832843176718
5634,179,8,86,120.05624405800249,18.453706425079375,1.288094,1.2704257578162643,0.2128623071064769
5635,165,8,86,112.2870085066758,22.680330642907702,1.288094,1.5545866330434384,0.3567421855144319
5636,180,9,86,119.46132197720596,17.231465050806893,1.288094,1.2562588418549119,0.20398570208392433
5637,214,9,86,107.32882072831399,15.820378424406876,1.288094,1.5362538589392647,0.3490659149976237
5638,179,9,86,118.78020521149222,19.38285092797285,1.288094,1.3150849895867762,0.2395928720057718
5639,165,9,86,113.0989902067454,20.571600540612305,1.288094,1.4772311193194003,0.3230578567416542
5640,180,10,86,118.30333191868093,17.9543792170115,1.288094,1.2936444408771626,0.22699006898530433
5641,214,10,86,108.33621303143498,15.29398503211141,1.288094,1.491735187660343,0.32963973212402864
5642,179,10,86,117.96515651593707,19.77139283918361,1.288094,1.3407034778861338,0.2541229164433254
5643,165,10,86,113.27356442996135,21.144720524092374,1.288094,1.4870360003798009,0.3275213244705629
5644,180,11,86,117.87722618532368,19.032145588777876,1.288094,1.3259182254220752,0.2458056757748591
5645,214,11,86,107.43043559281803,16.362081488250723,1.288094,1.545029668210835,0.3527632377713411
5646,179,11,86,117.78464785718,19.467965363420294,1.288094,1.33766462212886,0.25242846117248363
5647,165,11,86,113.5456982312577,21.002533124848608,1.288094,1.4761160087277525,0.3225464705434036
5648,180,12,86,117.75027712345691,18.097983238381918,1.288094,1.3080237704886892,0.23548789971424514
5649,214,12,86,107.3991021153717,15.381645743839066,1.288094,1.524311715595157,0.34396620470140726
5650,179,12,86,117.96100712748247,18.247334310156074,1.288094,1.306909833150863,0.23483627207159818
5651,165,12,86,113.08376575579429,21.712605891119495,1.288094,1.506790383611609,0.3363376811556819
5652,180,13,86,116.87994079301362,19.464507838429114,1.288094,1.3573111156090873,0.263249237039325
5653,214,13,86,107.34882889334088,15.417047450987218,1.288094,1.5267579863420528,0.3450173446310951
5654,179,13,86,118.07942983900098,17.92244902702265,1.288094,1.297483095794511,0.22927704935712306
5655,165,13,86,112.81610439700707,22.12383814972761,1.288094,1.5249044476613935,0.3442212057721987
5656,180,14,86,118.10102950407563,18.629164787243585,1.288094,1.3123543382772702,0.23801067224519432
5657,214,14,86,108.9524365124185,16.19262122300433,1.288094,1.4919400284036524,0.3297317714104225
5658,179,14,86,118.1125115151761,17.663484351081767,1.288094,1.2912930766555848,0.2255824660734852
5659,165,14,86,112.65883063385883,21.070784457837313,1.288094,1.50198357717089,0.3342137589256585
5660,180,15,86,116.13661220127445,14.94015075124578,1.288094,1.2763044222602768,0.21648786718998775
5661,214,15,86,111.3560327175832,18.642690007379557,1.288094,1.4777554433156834,0.3232980433106912
5662,179,15,86,120.77690016480231,17.740056228812414,1.288094,1.242916591185338,0.19544078251757388
5663,165,15,86,109.98672664133504,21.286190748563328,1.288094,1.5861403133239926,0.36953875290871874
5664,180,8,142,119.7393679269754,12.87030367262112,1.2696249,1.1579011613389436,0.13636842816217057
5665,214,8,142,108.56435607571355,12.360322112722423,1.2696249,1.3950888410433353,0.28319977152699677
5666,179,8,142,119.41491607401352,13.522366111039462,1.2696249,1.1730646116757029,0.14753203698514356
5667,165,8,142,114.63431011863722,17.441567846465016,1.2696249,1.3335358897696195,0.2501139206888844
5668,180,9,142,118.24401810518411,12.086886730843684,1.2696249,1.1694193855419222,0.14487478798156855
5669,214,9,142,109.00329079223943,13.298951510920093,1.2696249,1.397379536512384,0.28437480736563103
5670,179,9,142,118.72397172387497,14.013719543588474,1.2696249,1.1921183513269693,0.16115711255775803
5671,165,9,142,115.60814097322856,15.965250881565494,1.2696249,1.2842575282678579,0.22133997427389052
5672,180,10,142,117.18313568280495,11.976077954521395,1.2696249,1.1859330486241655,0.15678207875214514
5673,214,10,142,109.99180878445371,13.066593143487863,1.2696249,1.365890187667233,0.26787672315892896
5674,179,10,142,117.84723483441957,14.204475469917433,1.2696249,1.2102481365414928,0.17372316485635383
5675,165,10,142,115.77590893621692,16.07390022325326,1.2696249,1.282850436391473,0.22048590261784712
5676,180,11,142,116.72932012195847,12.111244928507551,1.2696249,1.1962680183513952,0.16406692759526975
5677,214,11,142,109.02237797817641,13.37178544705431,1.2696249,1.398048037844807,0.28471699617591617
5678,179,11,142,117.88254556808108,14.28509511874706,1.2696249,1.2109878426154002,0.17422787842339071
5679,165,11,142,116.06726627323143,16.071375168776527,1.2696249,1.2769023143908997,0.21685473608291328
5680,180,12,142,116.60896621577145,11.669959479585907,1.2696249,1.191646580573692,0.16082501615657552
5681,214,12,142,109.10181741025164,12.71134407867992,1.2696249,1.3850084827550124,0.27798276151288726
5682,179,12,142,119.1208967930836,14.710613593326329,1.2696249,1.1971663075364647,0.16469416679641993
5683,165,12,142,115.47532784162492,16.374879157017308,1.2696249,1.2947255430703732,0.22763553607774448
5684,180,13,142,118.37660849518282,14.510521023225275,1.2696249,1.2062384902624663,0.1709765456229064
5685,214,13,142,109.10681366084742,11.990830015604514,1.2696249,1.3737521567325373,0.2720666569299552
5686,179,13,142,119.24101003466515,14.271507743882268,1.2696249,1.1879301185846585,0.15819964124536634
5687,165,13,142,115.21593623305755,16.406334031793847,1.2696249,1.3007665690101802,0.2312225545887521
5688,180,14,142,119.6167275490908,14.87998479687123,1.2696249,1.1920072051894945,0.16107889646436405
5689,214,14,142,110.57496340715538,13.689803838225155,1.2696249,1.3607056847893686,0.2650872182144255
5690,179,14,142,118.92268237659864,13.748674473246842,1.2696249,1.1845344994459124,0.15578651321023723
5691,165,14,142,115.15134440290706,16.047444899045175,1.2696249,1.2953215192069345,0.22799090019576468
5692,180,15,142,119.18065638276053,17.463372103305968,1.2696249,1.2446928207728243,0.19658892273588882
5693,214,15,142,114.77797086904249,17.306983837489238,1.2696249,1.3277060309097823,0.2468212264466621
5694,179,15,142,124.48833880357891,16.649021875208984,1.2696249,1.1527449856702325,0.13250544358813504
5695,165,15,142,112.41130690463457,16.556881570007313,1.2696249,1.3674907206481977,0.26873361193559336
5696,180,8,12,119.64916330448457,16.789344603626013,1.023598,1.0160392510493161,0.015786054557195086
5697,214,8,12,110.12692993956014,23.500910217495484,1.023598,1.034520658231505,0.03336874711667665
5698,179,8,12,118.91532710435952,18.577333022959117,1.023598,1.0185419128710695,0.01820436904633952
5699,165,8,12,115.2195642528014,31.068895757624606,1.023598,1.031614406210297,0.030645564873831663
5700,180,9,12,118.57449502639616,16.17934451342502,1.023598,1.0167272163835541,0.016452019886958432
5701,214,9,12,110.48008745035679,25.14536982002084,1.023598,1.0349803168657876,0.033798050354926445
5702,179,9,12,118.42977909940802,20.372393453452105,1.023598,1.0207235943800546,0.020302846425962372
5703,165,9,12,116.12666029095168,29.259940482937253,1.023598,1.029766325935384,0.02890590339351586
5704,180,10,12,117.55906035927283,16.939930769411713,1.023598,1.0186893483654473,0.01834646489180985
5705,214,10,12,111.49306604729642,25.02049616262484,1.023598,1.0334408748593795,0.032358769304465365
5706,179,10,12,117.88830820299958,20.880347266281696,1.023598,1.021816964516015,0.02135114729314416
5707,165,10,12,116.27645803210173,29.42069770979894,1.023598,1.0296694799164157,0.02881456670816747
5708,180,11,12,117.15180681978264,18.28022786534063,1.023598,1.0204349382058764,0.020025713978203248
5709,214,11,12,110.31518247480338,25.564249694107673,1.023598,1.0354546878183317,0.034240694677845886
5710,179,11,12,117.65842616172992,21.27778887233965,1.023598,1.0224365040933512,0.021944153992473913
5711,165,11,12,116.54659999626449,29.176608232303042,1.023598,1.0292338907058447,0.028403544587709027
5712,180,12,12,117.03588667736882,16.985722480722313,1.023598,1.0194008181291194,0.01903158971828692
5713,214,12,12,110.52561882330198,25.612952852474212,1.023598,1.035174973661122,0.033979737296698766
5714,179,12,12,119.45508210153834,21.919229712408644,1.023598,1.0208550721336929,0.020429023377533505
5715,165,12,12,115.99946874389225,31.052155209899812,1.023598,1.03070808222492,0.029793190481860275
5716,180,13,12,119.09238059735186,22.705561300344556,1.023598,1.021920284036748,0.02145009192904895
5717,214,13,12,110.50394480692452,25.147386510073893,1.023598,1.0349465120867685,0.03376649100087851
5718,179,13,12,119.70997374561108,21.82392242793704,1.023598,1.0204861675365131,0.020074909575665673
5719,165,13,12,115.74058511157679,30.762625192388217,1.023598,1.0308901312868068,0.029964523230277013
5720,180,14,12,120.38485589317924,21.06445161699436,1.023598,1.0190860373394737,0.018728582906799077
5721,214,14,12,111.7483451670226,25.37065939326226,1.023598,1.0332871163412503,0.03221477923688439
5722,179,14,12,119.47263534851228,21.07134811532581,1.023598,1.020113189349392,0.01971662513472626
5723,165,14,12,115.55069176960768,29.490602960282175,1.023598,1.0305575909566886,0.029651512176356275
5724,180,15,12,118.84397089046517,22.99883625489512,1.023598,1.0224440103542816,0.02195133437820679
5725,214,15,12,114.67577684573493,28.596366004901462,1.023598,1.0311853672187419,0.030242251500186997
5726,179,15,12,124.37749903092148,26.827089492056004,1.023598,1.0195621717599381,0.019186835586662152
5727,165,15,12,112.8505025729374,31.297031962129648,1.023598,1.034523603327558,0.03337149893585066
5728,180,8,213,120.98491433762631,17.60062865413047,1.371416,1.3322253354529572,0.24937623284277238
5729,214,8,213,108.31131593044184,20.191157376399925,1.371416,1.8907892962552157,0.4711203400714505
5730,179,8,213,119.63762071471498,18.437884668720613,1.371416,1.3936346622474474,0.28245183110805505
5731,165,8,213,111.91294317206336,22.299438926880114,1.371416,1.8196890766910438,0.45045556803670084
5732,180,9,213,119.46450956704211,16.90293848332807,1.371416,1.3488244688600015,0.25861368689049713
5733,214,9,213,108.60714546386622,20.98542600466688,1.371416,1.9129959579687845,0.4772597423249142
5734,179,9,213,118.92062582329822,20.2707965803916,1.371416,1.4782058391284267,0.32350422821383545
5735,165,9,213,112.88426998543855,20.645195965215766,1.371416,1.7052895128130021,0.4135893099169856
5736,180,10,213,118.26503240742804,17.18239772430087,1.371416,1.3901513447410745,0.28065386277329607
5737,214,10,213,109.63692805732009,20.729317166061602,1.371416,1.8514147461911798,0.4598725098969594
5738,179,10,213,118.00799467116703,19.790038311516852,1.371416,1.488328539027856,0.32810533845357936
5739,165,10,213,113.01975388256135,20.9529423044631,1.371416,1.7129817593294294,0.41622262201352106
5740,180,11,213,117.83142945361949,18.683422959695427,1.371416,1.4537838614761975,0.3121398396976408
5741,214,11,213,108.38599005571825,20.53294177065002,1.371416,1.9028540922054287,0.47447363195304737
5742,179,11,213,117.87673345650381,20.616802430001012,1.371416,1.523443380451121,0.34359227731595726
5743,165,11,213,113.30148275129929,21.21782957553321,1.371416,1.7129805323324843,0.41622220385753744
5744,180,12,213,117.70550655242539,17.115412690578555,1.371416,1.4039411154604455,0.2877194143060383
5745,214,12,213,108.59288958689976,19.84407555558697,1.371416,1.8612023331037832,0.4627129021849133
5746,179,12,213,118.88912120318516,19.435049571848488,1.371416,1.4489952775849613,0.3098666258825227
5747,165,12,213,112.72871412125056,21.6966737336892,1.371416,1.7575001141872642,0.43100999429383335
5748,180,13,213,120.0464997898187,21.834908000109138,1.371416,1.5026996442081393,0.33453101965232795
5749,214,13,213,108.40950671257988,19.687922061056025,1.371416,1.863108514385603,0.463262610696742
5750,179,13,213,119.28394759207711,19.93936191630318,1.371416,1.4554717322569801,0.31293753232203714
5751,165,13,213,112.44942679594757,21.50688741521682,1.371416,1.7608392102997465,0.4320889754438336
5752,180,14,213,121.3315218072254,21.311085704253326,1.371416,1.4467878344343985,0.3088136517328845
5753,214,14,213,109.54741230165942,19.87156739476462,1.371416,1.8170004331241005,0.4496423986643594
5754,179,14,213,118.95864044612605,19.016158284004174,1.371416,1.4322633264864881,0.30180436690149803
5755,165,14,213,112.29437595524493,20.96489182166172,1.371416,1.7435149329521258,0.4264459792685593
5756,180,15,213,113.62108252940735,23.977669465342576,1.371416,1.823171612393569,0.4515052816738738
5757,214,15,213,110.0269916651853,20.771892663310073,1.371416,1.8351188432769219,0.4550761637789479
5758,179,15,213,119.33542048397103,20.546878791990803,1.371416,1.475972016145033,0.3224803796674846
5759,165,15,213,109.46996547749158,20.94137558680373,1.371416,1.8690531869400901,0.46496974672125607
5760,180,8,79,121.59828883878288,17.057920782343572,1.180151,1.122674538313192,0.1092699033662145
5761,214,8,79,103.77284420295548,11.667698344035111,1.180151,1.3380442490830151,0.2526405605156053
5762,179,8,79,119.3159345559507,16.953859678200022,1.180151,1.1437975229088,0.12571938654239034
5763,165,8,79,107.7166813600242,16.783164827296122,1.180151,1.3035021744577773,0.23283595563162465
5764,180,9,79,118.96789461772282,15.368732244131401,1.180151,1.1317697171287728,0.11642802871865503
5765,214,9,79,104.11988009828661,12.983238100903144,1.180151,1.3394537245118638,0.25342698915229095
5766,179,9,79,117.66809644228579,17.632400436651846,1.180151,1.168582012817772,0.1442620295098283
5767,165,9,79,108.56483983380893,13.989982246550337,1.180151,1.2621989810866339,0.20773189094234995
5768,180,10,79,117.8817236488113,15.82256394891658,1.180151,1.1478318866995734,0.12879228083185842
5769,214,10,79,105.1876009254025,13.096100345037417,1.180151,1.3184819478549754,0.2415519972595077
5770,179,10,79,116.76459274815647,17.62912988274715,1.180151,1.1790583592015924,0.1518655610251922
5771,165,10,79,108.699891474663,14.306096513550553,1.180151,1.262655931367955,0.20801860969630495
5772,180,11,79,117.42885818757473,16.879447384719363,1.180151,1.1635706878775172,0.1405764940468622
5773,214,11,79,104.22613493920913,14.06606129579614,1.180151,1.3454328230177317,0.25674475686043163
5774,179,11,79,116.34372060890077,17.575691491285227,1.180151,1.1835597672522145,0.15509125295663942
5775,165,11,79,109.01775947149142,14.615332300557474,1.180151,1.2599897100643678,0.20634272485533708
5776,180,12,79,117.31246468973967,15.78869362901746,1.180151,1.1538828142129953,0.13336086846735035
5777,214,12,79,104.15480036955903,12.857043659851064,1.180151,1.3378324824894197,0.2525222603810499
5778,179,12,79,115.55706820746727,14.668548480227564,1.180151,1.1637348220089208,0.14069770785604765
5779,165,12,79,108.47632658875017,15.761415854394372,1.180151,1.280146777595068,0.21883957566284876
5780,180,13,79,115.38009278427155,15.068904049406433,1.180151,1.1699022488554776,0.14522773079690543
5781,214,13,79,104.03644316744695,12.548261440404328,1.180151,1.3381580877457957,0.2527041392511721
5782,179,13,79,116.0459076965296,14.550616560976303,1.180151,1.156556482975423,0.13536432096481515
5783,165,13,79,108.18822095974441,14.85484342145647,1.180151,1.2766210864622933,0.21668221635665713
5784,180,14,79,116.57853096210827,14.59324343088832,1.180151,1.1505935078856817,0.1308833283462643
5785,214,14,79,105.52639250183154,11.68854461761272,1.180151,1.3018311325961596,0.23185121713461931
5786,179,14,79,115.9370431146839,14.307418867979301,1.180151,1.1555195596872156,0.13458842681063124
5787,165,14,79,108.10509257460082,14.274717041798535,1.180151,1.2728501777891057,0.21436158202298128
5788,180,15,79,109.7124041425067,10.272254517738622,1.180151,1.2130120276220162,0.17560586603547873
5789,214,15,79,105.69332723003151,12.87062128060322,1.180151,1.3067251954745775,0.23472815595568342
5790,179,15,79,114.63512231368858,13.198821556937695,1.180151,1.1614860858058504,0.13903402527100428
5791,165,15,79,105.50410430090378,15.157363381832655,1.180151,1.3291302111135954,0.2476282672393984
5792,180,8,27,121.01370702024751,14.509933450217673,1.08644,1.047124069682479,0.04500332964055402
5793,214,8,27,108.84680871826185,13.669501520115311,1.08644,1.1139113099232447,0.10226245923573027
5794,179,8,27,119.41768399695785,14.378877008577534,1.08644,1.0533431770613673,0.05064178344059233
5795,165,8,27,112.74284554685386,14.354850315193419,1.08644,1.089132068421089,0.08183770454055536
5796,180,9,27,119.86346444387621,13.974344959418968,1.08644,1.0498442147663307,0.04747772485218181
5797,214,9,27,109.20420930662348,14.841966185907614,1.08644,1.1149935080133269,0.10313379153051751
5798,179,9,27,118.76731798722253,15.95638933624043,1.08644,1.0624344645231327,0.058765473643737694
5799,165,9,27,113.58869061628229,13.433950496293408,1.08644,1.080490967790178,0.07449480855429844
5800,180,10,27,118.85900416983115,14.19677225937096,1.08644,1.0551536525887357,0.052270730858411586
5801,214,10,27,110.24239217119285,14.090226826973781,1.08644,1.1050265958030527,0.09504440544865535
5802,179,10,27,117.89649476425302,15.868629682397875,1.08644,1.0662163351841105,0.06210403367406345
5803,165,10,27,113.74431713547936,13.86948150198206,1.08644,1.0811263376959184,0.07503872107011444
5804,180,11,27,118.43389930410314,15.112973513598398,1.08644,1.0606862259014793,0.05721411706831771
5805,214,11,27,109.01935824755691,14.356411546532335,1.08644,1.1147723485721566,0.10295586244057939
5806,179,11,27,117.75024449011966,16.28844681978995,1.08644,1.068583247971396,0.06418147402328711
5807,165,11,27,113.9959591186617,13.905578603306138,1.08644,1.0797363933568498,0.07384801868996291
5808,180,12,27,118.28551147526245,14.164534227804134,1.08644,1.0576995649898062,0.05455194168521976
5809,214,12,27,109.19699639567474,13.111312612019436,1.08644,1.1095738536467192,0.09875309632305629
5810,179,12,27,118.65710659174722,15.344601676523606,1.08644,1.0605477378220998,0.05709100652690871
5811,165,12,27,113.56106012442467,13.700170643789734,1.08644,1.0816290926501395,0.07546865483262571
5812,180,13,27,118.19710488324183,15.078384473551253,1.08644,1.0616725093608412,0.05808995600533157
5813,214,13,27,109.07486560988836,10.928017336291882,1.08644,1.1045162113533797,0.09462623570306361
5814,179,13,27,118.80537340597616,14.778101443228485,1.08644,1.0576532616895102,0.054510550648152974
5815,165,13,27,113.28191662535171,14.251532138754714,1.08644,1.085372501603175,0.07865732868399884
5816,180,14,27,119.49410394378914,14.800860156164672,1.08644,1.0546375852148995,0.0518069770894484
5817,214,14,27,110.34873706535856,12.982679803568805,1.08644,1.1006685093449986,0.09146124240885736
5818,179,14,27,118.52246606887488,14.171549002765268,1.08644,1.0566120248019337,0.05357881935192426
5819,165,14,27,113.16639808804031,13.435173029944988,1.08644,1.0831316449341861,0.07675119208546198
5820,180,15,27,117.20891966488853,16.73967031245467,1.08644,1.0730519450076093,0.06807866603987305
5821,214,15,27,112.07653477800702,15.003268238759851,1.08644,1.095765131462346,0.08739567331782432
5822,179,15,27,121.55835765117875,16.12645147204696,1.08644,1.0511376200072382,0.048649785750115256
5823,165,15,27,110.50622399103725,12.045322481556452,1.08644,1.096629325018315,0.08811484684371465
5824,180,8,99,117.24425869778405,13.887355968831319,1.211769,1.1631953788999247,0.1402991981057081
5825,214,8,99,106.53420798227623,15.03388262518237,1.211769,1.37330081350609,0.2718274174418048
5826,179,8,99,118.51206271020928,16.449709086683434,1.211769,1.1776811780364957,0.15087375203935668
5827,165,8,99,113.34031867806081,23.157957499097915,1.211769,1.3506741918024239,0.2596290015243886
5828,180,9,99,115.45465650461524,12.766026980157918,1.211769,1.1757692887218802,0.14949300888182768
5829,214,9,99,107.01790829179534,16.727513234050214,1.211769,1.3835029909805667,0.2771970812356224
5830,179,9,99,117.5238013223515,17.728779078466125,1.211769,1.207479638989116,0.17182868537875712
5831,165,9,99,114.26798384944237,21.710179887196496,1.211769,1.3132634595651684,0.23853816786229046
5832,180,10,99,114.3348595522053,12.806514898328148,1.211769,1.193786555924029,0.16232931671276196
5833,214,10,99,107.95264124193594,16.37472452778298,1.211769,1.3583758470635001,0.26382672206534535
5834,179,10,99,116.60309286567048,17.419951698906104,1.211769,1.216565646478158,0.17801394203847115
5835,165,10,99,114.42877601129251,21.98219940696926,1.211769,1.3145371934467036,0.2392759938743081
5836,180,11,99,113.90649291286505,13.733535924460709,1.211769,1.211661010490855,0.17468665629928057
5837,214,11,99,107.08772730481236,16.54057433716108,1.211769,1.3795114005295475,0.2751056645011168
5838,179,11,99,116.69090701513714,18.37884060138398,1.211769,1.2280761298663265,0.1857182338452846
5839,165,11,99,114.74582701560546,21.954635426771887,1.211769,1.308847495487425,0.23596904647199388
5840,180,12,99,113.81161417853963,12.716616891518388,1.211769,1.201364411189204,0.16761309833531504
5841,214,12,99,107.16105367089096,15.644470478728303,1.211769,1.3665054992626218,0.26820638443123085
5842,179,12,99,118.28296709130657,18.229770159147925,1.211769,1.2036290516258503,0.1691792428496057
5843,165,12,99,114.16224310808217,22.219734654708432,1.211769,1.3225244373767793,0.243870304594526
5844,180,13,99,118.74876289186278,19.66633464599398,1.211769,1.2164510063494767,0.17793647686563055
5845,214,13,99,107.22175406478608,15.88166380733105,1.211769,1.3681122871962976,0.26906584396714844
5846,179,13,99,118.5706756665896,18.32492466189429,1.211769,1.2010117942685794,0.16736870963952216
5847,165,13,99,113.86976326806149,22.197279295221247,1.211769,1.3271930639089458,0.2465301189453725
5848,180,14,99,119.99677246122992,19.541234517488302,1.211769,1.1984542005014873,0.16559181019887545
5849,214,14,99,108.68623562706422,16.81817075365672,1.211769,1.348590090872548,0.2584848377812176
5850,179,14,99,117.97591477260012,17.439130967844285,1.211769,1.197460083977421,0.16489909485880136
5851,165,14,99,113.73288725460988,21.79490162334635,1.211769,1.32362762810977,0.24450050847905938
5852,180,15,99,116.70417396453102,26.96991663549743,1.211769,1.350700952651132,0.2596436701719817
5853,214,15,99,112.62489108659304,23.73680874897679,1.211769,1.3721819252411476,0.27123365961531687
5854,179,15,99,122.15310562774087,22.695182072392434,1.211769,1.2135189854187354,0.1759502636417829
5855,165,15,99,110.98096281134463,21.522504513352345,1.211769,1.3696620647963125,0.2698928986189643
5856,180,8,29,128.7905231117962,25.737777724527252,1.329134,1.340847010117495,0.2542027595583984
5857,214,8,29,104.80853314852834,14.744232861531838,1.329134,1.7169134087648026,0.4175594442357876
5858,179,8,29,122.45249134459081,22.475782280102447,1.329134,1.3801943344627616,0.2754643494539134
5859,165,8,29,104.50841249332346,14.115140684568527,1.329134,1.7136750824788283,0.41645880819279835
5860,180,9,29,126.97306034519863,24.201344769962812,1.329134,1.3344888726339255,0.2506494280268771
5861,214,9,29,104.91007177887977,16.040140477999014,1.329134,1.7495073877312015,0.4284105302940039
5862,179,9,29,119.89579857649058,23.630553023856212,1.329134,1.4760698668441852,0.32252529337382607
5863,165,9,29,105.37097504475749,11.121435797363075,1.329134,1.6077294278072303,0.3780047919108551
5864,180,10,29,125.88630208646433,25.180371154116997,1.329134,1.3824700482696013,0.27665702323773905
5865,214,10,29,106.12960837193533,15.354090894832277,1.329134,1.6760575369503599,0.40336177132705603
5866,179,10,29,119.22703264579538,23.02850264860984,1.329134,1.4749591628692336,0.32201512748684985
5867,165,10,29,105.51268413806508,11.415171727927621,1.329134,1.6072336698383682,0.3778129348792418
5868,180,11,29,125.43422293247444,27.919955365937238,1.329134,1.4708721632274344,0.3201312629333006
5869,214,11,29,104.53159944423857,15.92003129551311,1.329134,1.763079471814745,0.43281059306379654
5870,179,11,29,118.11802627413934,22.616926664783335,1.329134,1.4919966362631054,0.32975720206405645
5871,165,11,29,105.81866676111883,11.85983886376448,1.329134,1.6030094934074193,0.37617337631958675
5872,180,12,29,125.28451393780492,25.87368786090077,1.329134,1.414751345617167,0.2931620082228917
5873,214,12,29,104.65085100727589,15.194817298691811,1.329134,1.7365719996347417,0.42415287116783357
5874,179,12,29,114.63749944206889,14.929263299601176,1.329134,1.365854040423358,0.26785734756106033
5875,165,12,29,104.9380865017888,12.151807239247571,1.329134,1.6477043559378615,0.39309500736811054
5876,180,13,29,111.96206318184052,13.558452541044577,1.329134,1.411641911750679,0.2916050510572984
5877,214,13,29,104.16664330182726,14.383426195919647,1.329134,1.7363700355519138,0.42408589210528214
5878,179,13,29,114.53787713953444,14.993604648384878,1.329134,1.3702735831241812,0.2702187268909972
5879,165,13,29,104.99193297094831,12.032813601551535,1.329134,1.6427720577526967,0.39127282127747254
5880,180,14,29,113.1835456985476,13.788973962347754,1.329134,1.3794699670178159,0.27508389170528064
5881,214,14,29,105.28733597427997,14.540920391467916,1.329134,1.6901014318169074,0.408319535635816
5882,179,14,29,115.67531289512681,15.453539700813378,1.329134,1.3510240396133184,0.25982072066888334
5883,165,14,29,104.8072255393184,11.649456877043052,1.329134,1.6430604653789187,0.3913796716121568
5884,180,15,29,109.37191147324369,7.871381702697136,1.329134,1.3941404777245208,0.28271216855264575
5885,214,15,29,103.63773471866942,10.029776844892384,1.329134,1.6667976254837458,0.4000471414699938
5886,179,15,29,112.40562396083392,9.502428152184084,1.329134,1.3132178513479755,0.23851172219938038
5887,165,15,29,102.31286301405595,13.098081292145922,1.329134,1.7920895256041036,0.4419921629401269
5888,180,8,225,119.11523295244488,16.898678463861394,1.245818,1.2100745165879152,0.17360461170628472
5889,214,8,225,110.78403800362341,21.80278551976794,1.245818,1.460690914227801,0.3153924692352501
5890,179,8,225,118.26944082002788,17.079474383597915,1.245818,1.2261885425795447,0.18446473337918298
5891,165,8,225,115.03184161516974,24.633766487913324,1.245818,1.4216094519227507,0.2965719251180532
5892,180,9,225,118.14124127777254,16.263161558064425,1.245818,1.215280654857347,0.1771448051912068
5893,214,9,225,111.14338292773297,22.80590048343849,1.245818,1.4719270365924617,0.3206184986485346
5894,179,9,225,117.95401310804318,19.87202345851487,1.245818,1.2781389073174643,0.21761242516372292
5895,165,9,225,116.08292202575308,22.38610354870172,1.245818,1.357671460125017,0.2634447807366312
5896,180,10,225,117.11849584566032,16.95841963376709,1.245818,1.243282541158033,0.1956775978945477
5897,214,10,225,112.10679351181984,21.88297976502029,1.245818,1.431489410899449,0.3014268967790204
5898,179,10,225,117.18804942893223,19.61153788273918,1.245818,1.2869376798084131,0.22296159659505008
5899,165,10,225,116.22813970820123,22.98048475853918,1.245818,1.3659992748709766,0.26793518972076064
5900,180,11,225,116.77992719324222,18.375958069857873,1.245818,1.2728236317588932,0.2143451967354526
5901,214,11,225,110.98581075121133,22.812860362216142,1.245818,1.4758088977756068,0.32240549470379487
5902,179,11,225,117.29544083534616,20.349851113522288,1.245818,1.2980258197548311,0.2295993001211037
5903,165,11,225,116.5149669969677,22.740718510176237,1.245818,1.3559896262933067,0.262531231353465
5904,180,12,225,116.61997164483823,17.14107673795799,1.245818,1.2549105581606363,0.2031304593805212
5905,214,12,225,111.2663781919809,21.473497670650165,1.245818,1.4428775358432813,0.3069404886010954
5906,179,12,225,119.79421297836066,21.083266190155562,1.245818,1.268611659725676,0.2117367104948101
5907,165,12,225,115.8977644407836,24.02808807598437,1.245818,1.3923452653651192,0.281787337612868
5908,180,13,225,120.36848937812535,24.269594255797234,1.245818,1.3153192448761637,0.23972829874153537
5909,214,13,225,111.29712725639995,20.93879487265196,1.245818,1.4318260573977686,0.30159114311872387
5910,179,13,225,119.88851445474403,20.394021066417693,1.245818,1.2553312280231572,0.2033974956754976
5911,165,13,225,115.626281818207,24.116250201626467,1.245818,1.3994705469285547,0.2854440543999161
5912,180,14,225,121.6451396631862,22.550194447504076,1.245818,1.2649426749826165,0.2094503412862227
5913,214,14,225,112.44173437885144,21.030174428799956,1.245818,1.407562309270358,0.2895518774452175
5914,179,14,225,119.44525258280365,19.779716237409538,1.245818,1.2519482543169667,0.20124494239134802
5915,165,14,225,115.27910716830817,23.06356240535352,1.245818,1.386344732011658,0.2786786887061285
5916,180,15,225,116.04544999514302,16.835704122482387,1.245818,1.2600960996937878,0.20640973316002878
5917,214,15,225,113.39617658307183,21.33221964978404,1.245818,1.392499562408748,0.2818669197495485
5918,179,15,225,122.98964289593822,19.508999258117736,1.245818,1.1962555795574144,0.16405823547341294
5919,165,15,225,112.64109064479219,24.749374402221306,1.245818,1.4758364331087872,0.3224181368842195
5920,180,8,152,122.34403266061868,13.49019408984524,1.121516,1.054718984276223,0.05188015489620932
5921,214,8,152,110.6959692436817,17.36840628230598,1.121516,1.1651829132650477,0.1417656501691877
5922,179,8,152,119.07029281092167,13.228631363465604,1.121516,1.0722492351363537,0.06738100878865731
5923,165,8,152,109.63852362144641,13.000438086095741,1.121516,1.1524168258349814,0.13225841762987803
5924,180,9,152,121.31835758706914,13.125158454469275,1.121516,1.0581990347354635,0.05499819299118198
5925,214,9,152,110.59767303865112,18.034145953537738,1.121516,1.1700672413274147,0.14534826317714636
5926,179,9,152,118.83459620619776,14.905750256218418,1.121516,1.0834404921473006,0.07701437481068077
5927,165,9,152,110.55032620021161,12.176738698148805,1.121516,1.1387425085785765,0.12183835022700645
5928,180,10,152,120.2685892541408,13.297991983528235,1.121516,1.06518797812611,0.061198567262080235
5929,214,10,152,111.80262286221368,17.379213436406552,1.121516,1.1546539140436274,0.13393962655184308
5930,179,10,152,117.87970901715725,14.671549398562817,1.121516,1.0885966908192248,0.08138614747446209
5931,165,10,152,110.67281572512232,12.316662856668115,1.121516,1.1381193393304734,0.12135751898542158
5932,180,11,152,119.86184932212453,14.09046816954495,1.121516,1.072142115606424,0.06728782924978091
5933,214,11,152,109.86767780854079,17.289710498887978,1.121516,1.1729628564177859,0.14745808485872458
5934,179,11,152,117.7861622333462,15.235122621235575,1.121516,1.0925630533541342,0.08472101730876631
5935,165,11,152,111.05742165969367,12.679138663280119,1.121516,1.1359074177878106,0.11964656243947366
5936,180,12,152,119.7267298108483,13.36880162853862,1.121516,1.0688830745742814,0.06444397541023507
5937,214,12,152,110.41777330975553,16.661143957294094,1.121516,1.1638277432120347,0.14076631543417967
5938,179,12,152,118.86323214444273,14.520484756859897,1.121516,1.0810108583051108,0.07493991173421295
5939,165,12,152,110.40949830221483,12.614291750845348,1.121516,1.1423215186573314,0.12458972043581402
5940,180,13,152,120.45107792738338,14.830929123226426,1.121516,1.0727804519807262,0.06784282081794853
5941,214,13,152,109.90171477911383,16.1708761647874,1.121516,1.1662534073280337,0.14255341616444375
5942,179,13,152,119.277908643377,14.392399301015507,1.121516,1.0775625622863523,0.07197963719320526
5943,165,13,152,110.17299911261243,12.494722366552,1.121516,1.1442583042019838,0.12607145053895052
5944,180,14,152,121.7347542314902,15.223924507558145,1.121516,1.0675837598673033,0.06330534652916008
5945,214,14,152,110.473925482672,15.855314272306213,1.121516,1.158695211900402,0.13696027244310638
5946,179,14,152,118.76092254337351,13.699695834415301,1.121516,1.076959527558272,0.07145999973904112
5947,165,14,152,110.05191599946234,12.197677870847762,1.121516,1.14416572397011,0.12600073656277097
5948,180,15,152,111.41630469295372,18.604480418502302,1.121516,1.165627063494749,0.14209267156012212
5949,214,15,152,107.85952122855956,13.751804391866365,1.121516,1.1757706057440296,0.14949396156472347
5950,179,15,152,116.98457918560644,14.169108431920144,1.121516,1.0921194499065516,0.08434924395351985
5951,165,15,152,107.45479677074127,12.906933784699552,1.121516,1.1766588248051486,0.15013597916490604
5952,180,8,139,124.82687313026025,19.25914037373231,1.304646,1.2244066997215484,0.18327790902531194
5953,214,8,139,107.21477093119057,15.344809991686347,1.304646,1.5694383130979164,0.3628293691734219
5954,179,8,139,120.57405137397633,17.760543173313422,1.304646,1.2654805032727188,0.2097863243140824
5955,165,8,139,110.66295536934487,21.362638942554288,1.304646,1.6152270586934345,0.380891996194699
5956,180,9,139,123.51008780073046,18.102015631296293,1.304646,1.2213575134227528,0.1812389173440435
5957,214,9,139,107.62746262856392,17.055397894341986,1.304646,1.597698894157717,0.3740998359223469
5958,179,9,139,119.39526321444848,18.582269997040623,1.304646,1.307593134585801,0.23523611928662774
5959,165,9,139,111.63669581099077,18.96914862237941,1.304646,1.515860468480545,0.34030867563795547
5960,180,10,139,122.42192576546958,18.848215762894355,1.304646,1.2555957100869466,0.20356529417358976
5961,214,10,139,108.66524076222414,16.66107270440843,1.304646,1.550896695357239,0.3552117281611355
5962,179,10,139,118.57798608842167,18.75631454749318,1.304646,1.3290963844129857,0.24760911870085014
5963,165,10,139,111.81305556831869,19.455758041449794,1.304646,1.5238519961998194,0.34376829082233773
5964,180,11,139,121.99782537557117,20.097811948021842,1.304646,1.2914565393854691,0.22568048594508394
5965,214,11,139,107.70104934080715,17.41952642808525,1.304646,1.6047444034497214,0.3768478033945477
5966,179,11,139,118.0893149852369,18.51087856346105,1.304646,1.333941568321627,0.250341976179507
5967,165,11,139,112.02448220251418,19.368357365776397,1.304646,1.5149876047950461,0.339928592923845
5968,180,12,139,121.82002033851919,19.26250049041993,1.304646,1.2756965163924376,0.21611450125464338
5969,214,12,139,107.61150930337658,17.362651288788868,1.304646,1.6064475733178136,0.3775084748426062
5970,179,12,139,116.93055935301042,15.384301378024766,1.304646,1.2877334298125993,0.22344176453854464
5971,165,12,139,111.4717243815943,20.236174418669478,1.304646,1.556397832950128,0.35749075279517994
5972,180,13,139,113.99851826095826,12.560447725659053,1.304646,1.298429202703185,0.2298386404756521
5973,214,13,139,107.52053835038275,17.426208301218864,1.304646,1.6114468425306208,0.37943966030576776
5974,179,13,139,116.70565281419825,14.934839312612024,1.304646,1.2830030322732113,0.22057861529118097
5975,165,13,139,111.19468693266111,20.42925674328259,1.304646,1.5706984450362986,0.36334055517773806
5976,180,14,139,115.21108583544883,12.777253626529562,1.304646,1.2727850725960903,0.21432139523736918
5977,214,14,139,109.12042270877225,17.90758233880332,1.304646,1.5682555504694058,0.3623488214655559
5978,179,14,139,117.38250960765733,15.344057191741873,1.304646,1.276982507996189,0.21690391705585962
5979,165,14,139,111.00625520510286,19.24472394312877,1.304646,1.5431393991299158,0.35197040490065884
5980,180,15,139,115.7168793914531,15.901426350021529,1.304646,1.3272742143781926,0.24657618661831346
5981,214,15,139,110.22829733284985,17.82251224826691,1.304646,1.5292345419767717,0.34607807203508123
5982,179,15,139,119.55375687700484,17.283586790447153,1.304646,1.2747031992211544,0.21550365558743279
5983,165,15,139,108.45144651594052,19.669379452593603,1.304646,1.6410186619434484,0.3906224083913183
5984,180,8,30,121.22397654889693,15.873939583349355,1.343491,1.2491988724596432,0.19948694955910143
5985,214,8,30,110.77306011098634,21.239040835872895,1.343491,1.7275276762119092,0.4211380727672152
5986,179,8,30,119.81105545599291,17.156105863915435,1.343491,1.3125978639603246,0.2381520437776466
5987,165,8,30,115.58925030487663,25.83513517106102,1.343491,1.7243515496595976,0.42007185240306194
5988,180,9,30,120.19756652369749,15.291650925918441,1.343491,1.256078619755436,0.20387148999104507
5989,214,9,30,111.09431894019833,22.40073891458428,1.343491,1.759591385868586,0.4316862380487442
5990,179,9,30,119.43528424720407,18.72545059226288,1.343491,1.3657073014092953,0.2677786821758338
5991,165,9,30,116.45548838004795,23.81917707051502,1.343491,1.6193867186518367,0.38248227648025007
5992,180,10,30,119.16336163209913,15.709333658293481,1.343491,1.2892475082953803,0.22435374622349907
5993,214,10,30,112.0955371051692,21.74916419942558,1.343491,1.695631127447271,0.41024909025734024
5994,179,10,30,118.64230411127969,19.10100268300059,1.343491,1.3969739187654289,0.2841670223279854
5995,165,10,30,116.61531969040092,24.21540993952539,1.343491,1.6286514106632848,0.3859950671747861
5996,180,11,30,118.77203889592283,16.878650927253407,1.343491,1.329536652358118,0.24785826834757732
5997,214,11,30,110.9539395815414,22.50610921976272,1.343491,1.7693413802259244,0.4348179434585362
5998,179,11,30,118.52726436332883,19.55878127920351,1.343491,1.4139909698128934,0.29278190501292584
5999,165,11,30,116.88624060056053,24.067279282930645,1.343491,1.6144506009095312,0.3805942408912164
6000,180,12,30,118.63141009057051,15.696273944632695,1.343491,1.301256367911207,0.23151192596643158
6001,214,12,30,111.17163964446551,21.896558848139765,1.343491,1.7369596865728194,0.42428139943012055
6002,179,12,30,120.06233769865256,19.317083618513635,1.343491,1.3677166483121077,0.2688544069167433
6003,165,12,30,116.41017790454953,25.24478161208459,1.343491,1.6736174965399737,0.4024919062644877
6004,180,13,30,119.90667265024081,19.50797542307343,1.343491,1.3771709275245685,0.27387372183533104
6005,214,13,30,111.1858915780185,21.70807731108731,1.343491,1.729152742970337,0.42168209022286784
6006,179,13,30,120.16013059029505,18.921141288012798,1.343491,1.353820059938729,0.2613493996792617
6007,165,13,30,116.13199202310122,25.068733903120012,1.343491,1.676438256829184,0.40349726813595843
6008,180,14,30,121.17261520978525,18.37521391258582,1.343491,1.3151883360649386,0.23965262420740924
6009,214,14,30,112.36910681749461,21.72890718667134,1.343491,1.684580100046056,0.4063802605927375
6010,179,14,30,119.96634209243817,18.255675724261174,1.343491,1.3393964586335876,0.25339506943286216
6011,165,14,30,115.97478353546136,24.284340985234735,1.343491,1.6524520692427933,0.3948387256652883
6012,180,15,30,118.33057973861074,24.672037541569942,1.343491,1.590809217723907,0.3713891088519233
6013,214,15,30,114.39736944547032,25.669782080243177,1.343491,1.7610039014352623,0.432142087144171
6014,179,15,30,124.07553799687342,23.500946279792828,1.343491,1.39911585553623,0.28526290653983294
6015,165,15,30,113.26900646979095,25.16590944386121,1.343491,1.7836085729650164,0.43933886887657725
6016,180,8,77,121.1740648478693,17.713166447301575,1.151422,1.1089536483839226,0.09824905535294527
6017,214,8,77,108.85268372524318,18.799121513337514,1.151422,1.2478020320202095,0.1985908226315471
6018,179,8,77,119.84406887473865,18.065963391130317,1.151422,1.1223825354905879,0.10903816802271879
6019,165,8,77,113.81899238090787,25.309103495280862,1.151422,1.2425884163736585,0.1952282937592666
6020,180,9,77,120.06613247081414,16.884163953828665,1.151422,1.1112160050943718,0.10008495610619521
6021,214,9,77,109.29900829283582,20.291599115164406,1.151422,1.2542214692015727,0.2026926467487501
6022,179,9,77,119.13012595459611,19.267228051118458,1.151422,1.138179949375261,0.12140430821251677
6023,165,9,77,114.73061909319156,23.47724022366569,1.151422,1.2168134805352473,0.178181359759325
6024,180,10,77,119.02971280308013,17.48161567698127,1.151422,1.124599436713934,0.1107945039328955
6025,214,10,77,110.29267281932626,19.88284737778971,1.151422,1.2379240612932467,0.19219600679276713
6026,179,10,77,118.39320278686434,19.6265274964148,1.151422,1.1476961124765508,0.12868921561287283
6027,165,10,77,114.8991001795259,23.759298598430554,1.151422,1.2174317701719035,0.17859873177221403
6028,180,11,77,118.60742249376925,18.614365284801185,1.151422,1.1374539189288504,0.12084350551826474
6029,214,11,77,109.14474172601733,20.339427118122835,1.151422,1.2566589794034488,0.20423916401352413
6030,179,11,77,118.23305808942095,19.723512676844255,1.151422,1.149958393912279,0.13040332129069893
6031,165,11,77,115.18428471980504,23.587720175623968,1.151422,1.2129157985350902,0.17554046108744
6032,180,12,77,118.4493732327913,17.74750718315178,1.151422,1.1318198758098226,0.11646718583688488
6033,214,12,77,109.29745744818119,20.247093840192495,1.151422,1.253868337575664,0.20246809809913116
6034,179,12,77,118.7456727330847,18.96983969962249,1.151422,1.139130644260742,0.12213756601292491
6035,165,12,77,114.63604092195104,24.995529814977708,1.151422,1.2309012450494563,0.18758714070532842
6036,180,13,77,116.8023607839958,18.049318786636338,1.151422,1.1495786993411266,0.13011610203534268
6037,214,13,77,109.24344396099394,20.02408639129444,1.151422,1.2527125575012075,0.20173227767852395
6038,179,13,77,118.72721368238165,18.566405317536645,1.151422,1.1360001006068905,0.11971838781901036
6039,165,13,77,114.35989642963229,24.610863373671474,1.151422,1.230603478979705,0.18739056318197522
6040,180,14,77,118.09992813057117,17.61239770430905,1.151422,1.1338634849065907,0.11805961360297143
6041,214,14,77,110.5492308811696,20.256756818911676,1.151422,1.2378305596061039,0.19213498791125752
6042,179,14,77,118.83818426390317,18.281125475470866,1.151422,1.1327043787413427,0.11715711639501503
6043,165,14,77,114.17740611568836,23.5244515694262,1.151422,1.2232428496232026,0.1825008416701299
6044,180,15,77,119.67831644732676,26.262582221992417,1.151422,1.1914297456788903,0.16067229005585337
6045,214,15,77,114.95424844141003,24.48520210350782,1.151422,1.2230852347175638,0.1823954932863521
6046,179,15,77,124.6795296913964,22.983036208373033,1.151422,1.1243015267113783,0.11055888812582568
6047,165,15,77,111.61614049762,24.34584667389236,1.151422,1.2598188992247505,0.20623511790832333
6048,180,8,154,120.55763860769868,18.917704188183855,1.248284,1.2234918031482982,0.1826671846703079
6049,214,8,154,110.22920715920246,22.837243127090762,1.248284,1.5015009133565063,0.3339997391246563
6050,179,8,154,119.49227045201965,19.013146825278735,1.248284,1.2414425782306149,0.1944854981329339
6051,165,8,154,113.98379791050202,25.181128593102443,1.248284,1.461071235948108,0.31557067486097823
6052,180,9,154,119.34416328078225,18.414832520896432,1.248284,1.2337811201636706,0.18948346375462263
6053,214,9,154,110.50914579258414,23.862748456157934,1.248284,1.51552016125297,0.3401605431806061
6054,179,9,154,118.9259067181048,21.56640413956348,1.248284,1.2952136732492643,0.22792661886333432
6055,165,9,154,114.78994896763653,23.25556648229755,1.248284,1.4055535447213483,0.288536531563975
6056,180,10,154,118.37837696995571,19.06289018497502,1.248284,1.260424279419873,0.20661636218221432
6057,214,10,154,111.52302498263393,22.99147914145632,1.248284,1.4731842043881076,0.3211982608682981
6058,179,10,154,118.04644914393032,22.008763012355,1.248284,1.318641891874612,0.2416439928369204
6059,165,10,154,114.91712996840967,23.767540115432467,1.248284,1.4129257395475505,0.29224872050230916
6060,180,11,154,117.977450503666,20.87189407135321,1.248284,1.2991837082801816,0.23028591443486585
6061,214,11,154,110.27391383263911,23.36568853775187,1.248284,1.5111754056075661,0.338263449570931
6062,179,11,154,118.0853061674209,22.29982215757439,1.248284,1.323300155438538,0.2443135475423542
6063,165,11,154,115.26616481571114,23.675291874286522,1.248284,1.4038629242125826,0.28767974226479887
6064,180,12,154,117.83776684221525,19.473247971253006,1.248284,1.2767633781525585,0.2167695149221992
6065,214,12,154,110.55015223519574,22.725681431936962,1.248284,1.4912982559290193,0.3294433249524322
6066,179,12,154,119.84364016589285,21.718826559248296,1.248284,1.2825582495338688,0.22030831709714654
6067,165,12,154,114.7938719331661,24.695820853372737,1.248284,1.4338486722041177,0.3025763322270291
6068,180,13,154,120.57155975180567,24.6169573622008,1.248284,1.3226232658727297,0.2439268037976389
6069,214,13,154,110.46369551571469,22.288037492092442,1.248284,1.484572010183819,0.3264051907618947
6070,179,13,154,120.14770464937268,21.359082449688568,1.248284,1.271285176245625,0.21339443054530668
6071,165,13,154,114.51709052637817,24.574790258194625,1.248284,1.437359073522286,0.30427962057562014
6072,180,14,154,121.85912791342518,23.421422731683247,1.248284,1.2804236476385893,0.2190084884450223
6073,214,14,154,111.59286819567033,22.193187285704084,1.248284,1.4555120154241699,0.3129565476595692
6074,179,14,154,119.61519005995143,20.63893236332912,1.248284,1.2673153641694181,0.21093042168285644
6075,165,14,154,114.36401980868854,23.51888087654499,1.248284,1.4197286601853925,0.29564005570654817
6076,180,15,154,117.05006756991577,22.95697621663952,1.248284,1.354708855632863,0.2618340126426338
6077,214,15,154,113.07035580606917,23.297502184452682,1.248284,1.44363879221817,0.307305951190542
6078,179,15,154,122.63625725085602,21.730738535479496,1.248284,1.2398120729209101,0.19342614752567275
6079,165,15,154,111.62323911420319,24.426773186224253,1.248284,1.4999632938833947,0.3333170191045096
6080,180,8,50,118.499088736013,11.468489235604176,1.1642569999999999,1.09095013225987,0.08336781817100072
6081,214,8,50,106.71282306789412,11.247903344356033,1.1642569999999999,1.2486436045287759,0.19913096389310478
6082,179,8,50,117.81686975475286,13.211290282120245,1.1642569999999999,1.1115216535447643,0.1003324165472706
6083,165,8,50,110.91852356618905,17.744488676414974,1.1642569999999999,1.2334071235161108,0.18923769699880613
6084,180,9,50,116.61047004278672,10.412243704877017,1.1642569999999999,1.1014711754027273,0.09212331440777535
6085,214,9,50,107.00839384508372,13.736371495459398,1.1642569999999999,1.2594817808969978,0.2060226553751305
6086,179,9,50,117.10323308226003,13.830982455733746,1.1642569999999999,1.1238504792177972,0.11020191876769718
6087,165,9,50,111.8340721143383,15.802104558830031,1.1642569999999999,1.2034690335814178,0.16906877360683878
6088,180,10,50,115.53660373028471,10.14931169637031,1.1642569999999999,1.1114067010139,0.10023936414299756
6089,214,10,50,108.03518951964388,11.65021573414759,1.1642569999999999,1.228395437535475,0.1859298972924419
6090,179,10,50,116.16440046878868,13.899075824523544,1.1642569999999999,1.1343352486814455,0.11842640774638467
6091,165,10,50,111.97031638562675,16.29992927414692,1.1642569999999999,1.2060423268538432,0.17084170452900932
6092,180,11,50,115.0561336239544,10.110110852271927,1.1642569999999999,1.1167603813452383,0.10455276108970653
6093,214,11,50,106.96222663792256,14.140850158335233,1.1642569999999999,1.2631935529112757,0.2083556809680471
6094,179,11,50,116.14782265781409,14.665974986107807,1.1642569999999999,1.141068595126136,0.12362849676933042
6095,165,11,50,112.25567045168339,16.713141606875382,1.1642569999999999,1.2059694959916107,0.1707916300339354
6096,180,12,50,114.92379879256224,9.833232446385816,1.1642569999999999,1.1163399056374943,0.10421548584797524
6097,214,12,50,107.08294451951171,12.407183854437294,1.1642569999999999,1.2491866141890162,0.199479094123011
6098,179,12,50,117.52566276593505,14.73070783539234,1.1642569999999999,1.1272199463542363,0.11286168840935021
6099,165,12,50,111.69081532105945,17.74476512851464,1.1642569999999999,1.22288218749662,0.18225973832596695
6100,180,13,50,119.12667736363727,15.150515202963073,1.1642569999999999,1.115445158415686,0.10349693801141921
6101,214,13,50,106.95584299894591,12.37993192216073,1.1642569999999999,1.2511800223460163,0.20075450203803846
6102,179,13,50,117.8005994681953,14.15705460246986,1.1642569999999999,1.1195940668186055,0.10681913236503594
6103,165,13,50,111.41048715401193,17.01581916253242,1.1642569999999999,1.2200093269374805,0.18033413522317682
6104,180,14,50,120.3816333637281,15.21001392280433,1.1642569999999999,1.104870004238335,0.09491614745268548
6105,214,14,50,108.261864114539,13.122432030439215,1.1642569999999999,1.2345128524557274,0.1899638808856691
6106,179,14,50,117.28820817983244,13.742055208757765,1.1642569999999999,1.1212150636759355,0.10811044874703025
6107,165,14,50,111.17602003254379,16.042848961950824,1.1642569999999999,1.2145514677960016,0.17665078301320544
6108,180,15,50,111.49616038949809,14.340995989686672,1.1642569999999999,1.1956146917256578,0.16361014386944567
6109,214,15,50,108.19615716525357,16.280865764130724,1.1642569999999999,1.2603965109239674,0.20659888270642449
6110,179,15,50,117.34969496717429,15.556053968074293,1.1642569999999999,1.1361602070839756,0.11984243615910388
6111,165,15,50,108.2785013482579,16.7503267032829,1.1642569999999999,1.2631539393337712,0.20833085433163215
6112,180,8,136,122.0433155861311,15.646813450195351,1.2048159999999999,1.122009668987782,0.10874208338850838
6113,214,8,136,109.48730241296113,17.249611290445948,1.2048159999999999,1.3243761610034672,0.2449275142174792
6114,179,8,136,119.16208110345927,14.52362862957563,1.2048159999999999,1.1405889859160365,0.12325998905129341
6115,165,8,136,108.36560178784612,11.329279131544407,1.2048159999999999,1.2821077390641769,0.22003434693412746
6116,180,9,136,120.78013835456349,14.869734544870823,1.2048159999999999,1.126426018004258,0.11223641498289691
6117,214,9,136,109.49908275546984,17.39049537815061,1.2048159999999999,1.3259523823844563,0.2458251040646702
6118,179,9,136,118.62614182604547,16.362162606293694,1.2048159999999999,1.1683765697170305,0.1441115596470834
6119,165,9,136,109.36775619556285,10.05405687204087,1.2048159999999999,1.250429987897465,0.2002750976234586
6120,180,10,136,119.72188992692364,15.300477497265197,1.2048159999999999,1.1429185226412768,0.12504699137344724
6121,214,10,136,110.69565827958962,16.98451181556266,1.2048159999999999,1.298136409954085,0.2296649317190249
6122,179,10,136,117.65896994564294,16.08694762704182,1.2048159999999999,1.1774005482147523,0.15067136539365297
6123,165,10,136,109.47494243720071,10.250075061719173,1.2048159999999999,1.2497417716099621,0.1998346996821878
6124,180,11,136,119.27142160510441,16.521090659035135,1.2048159999999999,1.1623916487303882,0.13970476208062838
6125,214,11,136,108.78690937814933,17.38496973101989,1.2048159999999999,1.3398783727093853,0.2536636008402112
6126,179,11,136,117.40390861946031,16.488767789035656,1.2048159999999999,1.1856191717492994,0.15655884804513673
6127,165,11,136,109.73043333468596,10.66131842442913,1.2048159999999999,1.2478785643628754,0.19863997302448558
6128,180,12,136,119.14088266471514,15.393811931226521,1.2048159999999999,1.1507606444751346,0.13100955893733834
6129,214,12,136,109.218881252568,16.078219342449064,1.2048159999999999,1.3149807410336798,0.23953258873288122
6130,179,12,136,118.22392926799833,15.740623891503098,1.2048159999999999,1.1660286406287574,0.14238813254126403
6131,165,12,136,109.22369841356266,10.826735279940053,1.2048159999999999,1.2597158377301185,0.20617017739341945
6132,180,13,136,120.78188642678893,18.727748151427956,1.2048159999999999,1.171173989597853,0.1461559009320461
6133,214,13,136,108.67269352023223,15.364683658134528,1.2048159999999999,1.3173314043244628,0.2408895766720089
6134,179,13,136,119.01968590735133,15.756817493802185,1.2048159999999999,1.1564224019746063,0.13526407107602986
6135,165,13,136,108.8891620825359,10.366320328086376,1.2048159999999999,1.262979751166673,0.208221668576829
6136,180,14,136,122.02842850559695,18.270329280271643,1.2048159999999999,1.1519336800299307,0.13189446811380928
6137,214,14,136,109.3043337788268,14.431509754028614,1.2048159999999999,1.2939560138974695,0.22717620285411186
6138,179,14,136,118.47565703343443,14.573721872610992,1.2048159999999999,1.1493656611757874,0.12995486660266858
6139,165,14,136,108.86890533347872,10.066178603008508,1.2048159999999999,1.2610849254421497,0.20703199298858524
6140,180,15,136,108.75106260963659,10.607534195453592,1.2048159999999999,1.267846737257238,0.21126113226956514
6141,214,15,136,106.01670517635736,10.856780368869762,1.2048159999999999,1.331010099235003,0.24869089981003956
6142,179,15,136,114.98585846139203,10.125331006941535,1.2048159999999999,1.1488817394548,0.12958839395032223
6143,165,15,136,106.31072067249644,12.4817956940478,1.2048159999999999,1.3376851058377264,0.25243990858838994
6144,180,8,119,121.57195705928959,16.6017209512996,1.307561,1.2254516190090434,0.1839743124182691
6145,214,8,119,110.99904865343355,22.503615084635204,1.307561,1.6475241767515112,0.39302863404909805
6146,179,8,119,119.15507523363395,16.8196986504012,1.307561,1.2757441394550655,0.21614376341391597
6147,165,8,119,116.13045881577946,27.794972381320108,1.307561,1.6496357822706027,0.3938055837855473
6148,180,9,119,120.72371328248424,16.1143277686053,1.307561,1.2303337190455828,0.18721239244280932
6149,214,9,119,111.51022708110698,24.236180863302142,1.307561,1.6845040281477615,0.40635345283230045
6150,179,9,119,118.80926645235517,18.21318665173076,1.307561,1.3152121759796835,0.23966640648295878
6151,165,9,119,116.97832984176385,26.12296229038845,1.307561,1.5749929249997912,0.3650765129626645
6152,180,10,119,119.74978699289254,16.626178622786593,1.307561,1.2596072535996652,0.20610174549072174
6153,214,10,119,112.46299209975452,23.96090322597085,1.307561,1.6445821450093678,0.391942808673565
6154,179,10,119,118.08497670179115,18.635832811117567,1.307561,1.3414117102382574,0.2545167211769882
6155,165,10,119,117.15870684345964,26.391824514981504,1.307561,1.5779435206876133,0.3662637560283308
6156,180,11,119,119.37309084705967,17.81543987458219,1.307561,1.2939881380800833,0.22719538875857045
6157,214,11,119,111.6525226185306,24.459287060495726,1.307561,1.686775888567866,0.4071530149455502
6158,179,11,119,118.07722430194599,18.879019152386338,1.307561,1.3475939468511966,0.25793670835594695
6159,165,11,119,117.42973035183994,26.510409873775487,1.307561,1.5739531902336623,0.3646570900551723
6160,180,12,119,119.24786955905597,16.80908450819467,1.307561,1.27362572088764,0.21483997723989076
6161,214,12,119,111.6195515345826,24.56524126982147,1.307561,1.6912276435680338,0.4087135437957542
6162,179,12,119,119.65068474209795,18.963432754682028,1.307561,1.3153065287030061,0.23972094855632073
6163,165,12,119,116.96239779570443,26.975948126249715,1.307561,1.6008330013246665,0.3753252218235667
6164,180,13,119,117.90754988917985,18.079256594810047,1.307561,1.3318292111274395,0.24915297573818385
6165,214,13,119,111.70977953609436,24.672729137566666,1.307561,1.6916030339233998,0.40884475852430835
6166,179,13,119,119.0768217019679,18.548396429051884,1.307561,1.31749214308636,0.2409821908634705
6167,165,13,119,116.68279243992949,26.87251265005661,1.307561,1.6056818255195329,0.3772116093570151
6168,180,14,119,119.19653755995247,17.970493201378346,1.307561,1.3012665577685263,0.23151794378328794
6169,214,14,119,113.42655663609975,25.492967888252757,1.307561,1.6614376520824155,0.3981116301616143
6170,179,14,119,119.38127270590594,18.351250223665872,1.307561,1.306362606438205,0.23451575001331523
6171,165,14,119,116.47393933029203,26.692342773668834,1.307561,1.6062492571328502,0.3774316186860084
6172,180,15,119,117.85032074784598,22.675122514495975,1.307561,1.452875226122523,0.3117096485505986
6173,214,15,119,114.5253577013162,26.494329268471503,1.307561,1.6581830270732785,0.3969302642272143
6174,179,15,119,124.21435422821096,24.092190587107357,1.307561,1.3493607426021317,0.2589083345706487
6175,165,15,119,113.74148033322466,26.096403016145896,1.307561,1.6702830509810103,0.4012990795705744
6176,180,8,224,122.06511299814521,15.892036274516368,1.146067,1.0850431863181351,0.07837769721103104
6177,214,8,224,108.45715696654267,12.196768937876048,1.146067,1.1977405159219474,0.1650946204902644
6178,179,8,224,118.7544810921341,14.097524680518044,1.146067,1.0967187337081987,0.08818918719585986
6179,165,8,224,109.19370689431439,14.644099580897414,1.146067,1.2028236681038265,0.16862294406258635
6180,180,9,224,120.8570538960773,14.967707893736556,1.146067,1.0868898362227526,0.07994355391593243
6181,214,9,224,108.55336949284445,12.819965301026896,1.146067,1.1999616083300637,0.16664000493177603
6182,179,9,224,118.14828147586428,14.829245113602312,1.146067,1.1070935272241889,0.09673394757595957
6183,165,9,224,110.17006289010247,12.785876025227571,1.146067,1.1779041024640635,0.15103445356197082
6184,180,10,224,119.81384737475443,15.344586961509156,1.146067,1.0973907923489838,0.08874759386354716
6185,214,10,224,109.71544315459637,12.627840456239984,1.146067,1.182936318687997,0.1546459566740609
6186,179,10,224,117.17749874553095,15.41434558850188,1.146067,1.119925584024014,0.10708352924049513
6187,165,10,224,110.29460010719679,12.882542924411133,1.146067,1.1768897110415562,0.15030270838633422
6188,180,11,224,119.38876334622674,15.94269915696006,1.146067,1.105129016786411,0.09512827478923153
6189,214,11,224,108.3233910670657,12.451455903617946,1.146067,1.2010665893388432,0.16740669595140875
6190,179,11,224,116.98271884090069,14.616285704479921,1.146067,1.1157544441488958,0.10374544753634747
6191,165,11,224,110.5289603025949,13.22673606554551,1.146067,1.1760761474035888,0.14971492091928765
6192,180,12,224,119.25580437098264,15.335671432738925,1.146067,1.1017058098307309,0.09231666831852073
6193,214,12,224,108.48680437704402,12.643040558052926,1.146067,1.19985935893391,0.16656898781161109
6194,179,12,224,117.74011269867763,15.303184220855346,1.146067,1.1141135401551825,0.10242541360666693
6195,165,12,224,109.95067239467414,13.547488590477204,1.146067,1.1856191946975123,0.1565588643703339
6196,180,13,224,118.31233243083445,15.938451274194968,1.146067,1.1139464648676136,0.10229079086054241
6197,214,13,224,108.13655562041589,12.25837070187591,1.146067,1.2026487794253737,0.1685020455616306
6198,179,13,224,117.84467243567758,14.684170698068709,1.146067,1.1086245893970628,0.09798140004827008
6199,165,13,224,109.7745741533846,13.204109217998171,1.146067,1.1857272640809216,0.15663573716075602
6200,180,14,224,119.51723704781352,16.20563053364884,1.146067,1.1060606721852932,0.09589046501015579
6201,214,14,224,109.2821098504092,12.892810767641983,1.146067,1.190377558256843,0.15993039933953962
6202,179,14,224,117.62055297432694,14.415269639691072,1.146067,1.1085968330058014,0.09795881584052213
6203,165,14,224,109.67216712618321,13.00769355618424,1.146067,1.1858508765073714,0.15672364897578767
6204,180,15,224,110.31799615755294,7.9305469675925115,1.146067,1.1513644473731321,0.13146527819099682
6205,214,15,224,107.30456669988916,11.67903298202872,1.146067,1.2117639493079495,0.1747567663065814
6206,179,15,224,116.3826747708253,13.194299855418748,1.146067,1.1109642818349839,0.0998810525678681
6207,165,15,224,107.12251105520122,14.023285218936735,1.146067,1.2275045119989474,0.1853390433803493
6208,180,8,36,122.0433155861311,15.646813450195351,1.216556,1.1301168395790449,0.11513574085623911
6209,214,8,36,109.48730241296113,17.249611290445948,1.216556,1.3472813229723481,0.2577645195928214
6210,179,8,36,119.16208110345927,14.52362862957563,1.216556,1.14981008576594,0.1302911564444529
6211,165,8,36,108.36560178784612,11.329279131544407,1.216556,1.300346845809774,0.23097441023339962
6212,180,9,36,120.78013835456349,14.869734544870823,1.216556,1.1347374059514532,0.11873884234782828
6213,214,9,36,109.49908275546984,17.39049537815061,1.216556,1.3490188556177987,0.25872051688852155
6214,179,9,36,118.62614182604547,16.362162606293694,1.216556,1.1797794342176442,0.15238393635574995
6215,165,9,36,109.36775619556285,10.05405687204087,1.216556,1.2662390678036748,0.21025971680487912
6216,180,10,36,119.72188992692364,15.300477497265197,1.216556,1.1524035372818828,0.13224841156019834
6217,214,10,36,110.69565827958962,16.98451181556266,1.216556,1.319010896165576,0.2418561492501351
6218,179,10,36,117.65896994564294,16.08694762704182,1.216556,1.189387709173048,0.15923126471915927
6219,165,10,36,109.47494243720071,10.250075061719173,1.216556,1.265545069292366,0.2098266397109401
6220,180,11,36,119.27142160510441,16.521090659035135,1.216556,1.1734020885761764,0.14777721146430303
6221,214,11,36,108.78690937814933,17.38496973101989,1.216556,1.3639908761821646,0.266857266084493
6222,179,11,36,117.40390861946031,16.488767789035656,1.216556,1.1982535992852028,0.16545212082272695
6223,165,11,36,109.73043333468596,10.66131842442913,1.216556,1.2636420083155961,0.20863662855512732
6224,180,12,36,119.14088266471514,15.393811931226521,1.216556,1.160794837690409,0.13852132389762908
6225,214,12,36,109.218881252568,16.078219342449064,1.216556,1.3368363693273484,0.25196529437393544
6226,179,12,36,118.22392926799833,15.740623891503098,1.216556,1.1771673595320817,0.1505031192867129
6227,165,12,36,109.22369841356266,10.826735279940053,1.216556,1.2763127165933865,0.21649295897552
6228,180,13,36,120.78188642678893,18.727748151427956,1.216556,1.1831698937254673,0.15481284192307931
6229,214,13,36,108.67269352023223,15.364683658134528,1.216556,1.3391489476639415,0.2532570766348022
6230,179,13,36,119.01968590735133,15.756817493802185,1.216556,1.1668997854117957,0.1430283795560878
6231,165,13,36,108.8891620825359,10.366320328086376,1.216556,1.2796971249838465,0.21856509600846144
6232,180,14,36,122.02842850559695,18.270329280271643,1.216556,1.1624785134265399,0.13976904652423694
6233,214,14,36,109.3043337788268,14.431509754028614,1.216556,1.3138191306442593,0.2388602230889813
6234,179,14,36,118.47565703343443,14.573721872610992,1.216556,1.1591866692927715,0.13732617317786483
6235,165,14,36,108.86890533347872,10.066178603008508,1.216556,1.277610434664583,0.21728879722046515
6236,180,15,36,108.75106260963659,10.607534195453592,1.216556,1.2849460450179548,0.22175720616656183
6237,214,15,36,106.01670517635736,10.856780368869762,1.216556,1.3525216160886482,0.2606402824881306
6238,179,15,36,114.98585846139203,10.125331006941535,1.216556,1.1580722691624967,0.1364960317000014
6239,165,15,36,106.31072067249644,12.4817956940478,1.216556,1.3601220051553187,0.26477183943082716
6240,180,8,160,125.09870619628673,22.55533055079259,1.314671,1.3060544230702456,0.23433512238393495
6241,214,8,160,106.72805876372966,16.888516472312887,1.314671,1.6545269733005226,0.3955976444402376
6242,179,8,160,121.67985647902739,22.084689605938166,1.314671,1.3617533041461607,0.2656525987818222
6243,165,8,160,110.03687148188284,22.383436105682424,1.314671,1.7003587346780615,0.4118888093403798
6244,180,9,160,123.049095416518,21.365628276233313,1.314671,1.315486375340745,0.23982489005940935
6245,214,9,160,107.06754645707029,18.74989324879529,1.314671,1.6960065168537195,0.41037962409772394
6246,179,9,160,120.10642590211228,23.06182467105058,1.314671,1.4235251899075152,0.2975185777604899
6247,165,9,160,110.83719999290953,20.779324359247,1.314671,1.6209151575663283,0.3830645636620375
6248,180,10,160,121.94373118994388,22.228504144421755,1.314671,1.3599069853188124,0.2646555898339157
6249,214,10,160,108.13768724135083,18.54414096974094,1.314671,1.6488005703608741,0.3934985115991746
6250,179,10,160,119.28401340736886,23.341174353001794,1.314671,1.4512693375853056,0.3109480272877191
6251,165,10,160,110.94520581077936,21.307644786185186,1.314671,1.6338040274857843,0.3879314880017328
6252,180,11,160,121.45193546035875,24.186361148093248,1.314671,1.423412328631074,0.29746287854502335
6253,214,11,160,106.90559851492738,18.38992124461909,1.314671,1.6914222545637483,0.4087815757999944
6254,179,11,160,118.73582773455105,23.21532935785666,1.314671,1.4613683158800963,0.31570981173369783
6255,165,11,160,111.29474448110457,21.34668449636412,1.314671,1.6231424401080263,0.3839111249327901
6256,180,12,160,121.34221980502917,22.84518501247996,1.314671,1.3892929365049151,0.28020939736746286
6257,214,12,160,107.00461412701291,17.902574656681757,1.314671,1.6729875676602666,0.40226692694522764
6258,179,12,160,117.448977805291,19.499327856091142,1.314671,1.3900258902829565,0.28058893939274904
6259,165,12,160,110.82584169468416,21.675556629749266,1.314671,1.6495938873566154,0.393790188200536
6260,180,13,160,115.83126492010179,19.356747039050337,1.314671,1.427559303495775,0.2995037070955843
6261,214,13,160,106.83915437357014,17.654112812007934,1.314671,1.6721583626068102,0.40197051764819053
6262,179,13,160,117.54063965545518,19.74864724625557,1.314671,1.394460082174598,0.2828765679397973
6263,165,13,160,110.55048810707387,21.78336622828368,1.314671,1.6626336334467022,0.3985445862014939
6264,180,14,160,117.06361727636592,19.363466283989446,1.314671,1.3959456060244892,0.28363970939534094
6265,214,14,160,108.08140765592216,18.361415078764285,1.314671,1.6454430270847737,0.3922609391273201
6266,179,14,160,118.01357289114716,19.703626203279573,1.314671,1.3817462664080575,0.27627812405850216
6267,165,14,160,110.3600532675222,20.828833983604504,1.314671,1.6389465339101081,0.3898519693535974
6268,180,15,160,114.90071793640789,24.63871428937968,1.314671,1.6114293984385302,0.3794329425980457
6269,214,15,160,109.55534358383942,20.927937101062092,1.314671,1.670661016857605,0.4014345280642694
6270,179,15,160,118.82387035198902,20.778404196413597,1.314671,1.3912267481497032,0.28120990964990067
6271,165,15,160,107.68902164373011,20.786538526968393,1.314671,1.7361052599764855,0.42399805872741586
6272,180,8,231,121.35177842348399,14.514766432130727,1.247884,1.1451433769086063,0.12674690334447983
6273,214,8,231,109.63633080803604,15.64198408284562,1.247884,1.3798462666259006,0.2752815844874719
6274,179,8,231,119.08087820605199,14.244296109486426,1.247884,1.1722420442843495,0.14693385647117171
6275,165,8,231,109.2360832101645,10.866918837550473,1.247884,1.321746190461701,0.24342509385202868
6276,180,9,231,120.12846217318771,13.93612503175679,1.247884,1.15303604959587,0.1327244275228931
6277,214,9,231,109.66298340531338,16.0886208814115,1.247884,1.3866727399759238,0.2788493123349619
6278,179,9,231,118.60376572315003,16.170081105013903,1.247884,1.2086554271577046,0.17263433603105754
6279,165,9,231,110.26803073519476,10.058655381635981,1.247884,1.2862151785008291,0.22252511343742054
6280,180,10,231,119.07074585110179,14.28420875734791,1.247884,1.1729733142660181,0.14746568584491224
6281,214,10,231,110.78821652027135,15.505887273659539,1.247884,1.3498019119821303,0.25915055303815665
6282,179,10,231,117.67103620232014,16.121421428669144,1.247884,1.2228871581788965,0.18226306220339772
6283,165,10,231,110.3935023755351,10.34651510425665,1.247884,1.2863046083142724,0.22257916706796244
6284,180,11,231,118.68492596285319,15.364719877863934,1.247884,1.1949154247757308,0.16312068681539843
6285,214,11,231,108.96598911898681,16.28405392368595,1.247884,1.4074950404805975,0.2895179228066451
6286,179,11,231,117.45675748280114,16.238112598417384,1.247884,1.2283178680586773,0.18587848796788034
6287,165,11,231,110.63445496473281,10.587989527940584,1.247884,1.2831648865749647,0.22067692900387184
6288,180,12,231,118.5208911060043,14.279130860330579,1.247884,1.1811180336606633,0.15334456718040315
6289,214,12,231,109.43779397136358,14.491738567813048,1.247884,1.3662817845987463,0.268086560713621
6290,179,12,231,118.41473090348661,15.654644557757631,1.247884,1.203571950694143,0.16913982631178442
6291,165,12,231,110.02223885974875,11.263627031254726,1.247884,1.3064454843867266,0.23456431060388153
6292,180,13,231,120.7924366690073,17.63600866685308,1.247884,1.1990472176388998,0.16600448648790744
6293,214,13,231,108.9696595496786,13.916346495882722,1.247884,1.3693508290587897,0.2697269547152204
6294,179,13,231,119.15495534183212,15.556875555526176,1.247884,1.1907206746773071,0.1601724726321676
6295,165,13,231,109.6825763247256,10.554532312825646,1.247884,1.306615619940483,0.23466397864924463
6296,180,14,231,122.09092573722043,16.965106551751333,1.247884,1.1711113134694346,0.1461102044710975
6297,214,14,231,109.59783496940614,12.904724622455696,1.247884,1.3387440505646842,0.2530312276060547
6298,179,14,231,118.61119602158753,14.342726502971605,1.247884,1.1806859046364804,0.15303469273829562
6299,165,14,231,109.65636190152628,10.030820594072733,1.247884,1.3015052473865947,0.2316588795873188
6300,180,15,231,111.66503905339776,10.13587990704935,1.247884,1.2532579557588894,0.20207967130400806
6301,214,15,231,107.68846773200548,9.929427694673437,1.247884,1.3536665728957848,0.2612656469304814
6302,179,15,231,116.79905433731591,12.113121323369825,1.247884,1.1773476988938085,0.15063324034220116
6303,165,15,231,107.0858501675185,12.858510152102063,1.247884,1.4047587980337315,0.28813401887945483
6304,180,8,51,122.26947291325389,22.727689656054686,1.19944,1.1968612740105387,0.16448127973167695
6305,214,8,51,106.47341933940605,18.182317716564295,1.19944,1.3853579116356192,0.2781648759493836
6306,179,8,51,119.63280659748787,22.354614482880876,1.19944,1.223413777252192,0.1826150574779231
6307,165,8,51,110.88886316185113,27.814951980157662,1.19944,1.429653841301501,0.30052998067725323
6308,180,9,51,120.6825691308812,21.459368421302134,1.19944,1.1995988312212769,0.16638798407136748
6309,214,9,51,106.88876286455975,20.142835363117893,1.19944,1.401786495260208,0.28662460126328004
6310,179,9,51,118.44961615542937,23.816808949284564,1.19944,1.2573470823357622,0.20467465662519443
6311,165,9,51,111.87887429422672,26.765976891157596,1.19944,1.3978484252034384,0.2846148538211765
6312,180,10,51,119.60884362670848,22.257892834179195,1.19944,1.2224989371309296,0.18200337879483977
6313,214,10,51,107.9417940886155,20.3141026981282,1.19944,1.3828522540892645,0.2768569476291652
6314,179,10,51,117.61083652063047,24.184895857295764,1.19944,1.2735649676139753,0.2148025225022477
6315,165,10,51,112.04806630517726,27.04478430870249,1.19944,1.3987160262052043,0.2850585956943265
6316,180,11,51,119.19504438361606,24.233820737517657,1.19944,1.2528604723542505,0.20182652253295236
6317,214,11,51,106.99105904796879,20.390904633920197,1.19944,1.4029518952903774,0.28721718588004475
6318,179,11,51,117.27994020159134,24.158960129383274,1.19944,1.2778534989666446,0.21743767903858696
6319,165,11,51,112.32607882402272,26.86615247039874,1.19944,1.3915003622703834,0.2813512471039592
6320,180,12,51,119.07865812795411,22.99690076289383,1.19944,1.2385696537445285,0.1926170668103069
6321,214,12,51,106.93771927878569,19.75834906562675,1.19944,1.3957687078931658,0.2835489187105766
6322,179,12,51,116.89424499898169,21.552804685266235,1.19944,1.2493384820273676,0.19957640432459336
6323,165,12,51,111.74277144914129,27.70628563867862,1.19944,1.413027945667697,0.2922999130583573
6324,180,13,51,115.3511208550546,21.807383010297407,1.19944,1.2748902829911428,0.21561877650066974
6325,214,13,51,106.89950121729825,19.89199908741153,1.19944,1.3982901419153662,0.2848408423803887
6326,179,13,51,116.76222737423178,21.493930509622714,1.19944,1.25042283697301,0.2002705241526353
6327,165,13,51,111.4733762226638,27.60497228517325,1.19944,1.416382686119814,0.293976119731099
6328,180,14,51,116.5811133593413,20.682674102079755,1.19944,1.24253225252398,0.1951919171766523
6329,214,14,51,108.48269416001757,21.10040254353522,1.19944,1.3827249698879938,0.27679038002690876
6330,179,14,51,117.11986109843214,21.874432828515026,1.19944,1.2503540280709238,0.200226513811593
6331,165,14,51,111.3635722474977,26.77098878967116,1.19944,1.4069446185030539,0.28923996947088826
6332,180,15,51,113.98974656362746,25.174467322779993,1.19944,1.3409364638863106,0.2542525116351944
6333,214,15,51,109.6782640596911,25.15778055150785,1.19944,1.4153681137650216,0.29347002361110186
6334,179,15,51,118.95719006245139,26.491125407422643,1.19944,1.2851089422845074,0.2218558543197716
6335,165,15,51,108.63382714142715,26.395614276007507,1.19944,1.4521838186138971,0.31138194271129155
6336,180,8,49,116.02379418540177,12.081500345613172,1.225111,1.1707071098878032,0.14581538665479127
6337,214,8,49,106.14177352648798,14.446300649446258,1.225111,1.4040685776994104,0.28778407559086855
6338,179,8,49,117.79202272574332,15.389073071945115,1.225111,1.1868290328842415,0.15741865736988928
6339,165,8,49,113.70050266168884,22.21694625880808,1.225111,1.3580011991448224,0.2636236252002336
6340,180,9,49,114.26789855976189,10.708099500124785,1.225111,1.1837650513000448,0.15523777382870763
6341,214,9,49,106.63625352647645,15.96423769813256,1.225111,1.4119828713006741,0.2917761112223468
6342,179,9,49,117.25754788513564,16.992415792939905,1.225111,1.2169263635183758,0.17825759225989532
6343,165,9,49,114.61134075217463,20.00529889846903,1.225111,1.3057476132966448,0.23415521512975868
6344,180,10,49,113.2522147413446,11.082128244643886,1.225111,1.2065161291788327,0.17116731735645313
6345,214,10,49,107.54921662035942,15.208187033511681,1.225111,1.379420370759039,0.2750578277673682
6346,179,10,49,116.16617121045094,16.4936978262975,1.225111,1.2268209774382568,0.18488514755582763
6347,165,10,49,114.75438786609804,20.409586146570753,1.225111,1.309581064704086,0.23639702271813098
6348,180,11,49,112.7972815242954,11.950476508676635,1.225111,1.2251927817018988,0.1838019167800569
6349,214,11,49,106.77520544506288,16.274500864612797,1.225111,1.4129486142294545,0.29226017851657987
6350,179,11,49,116.36508413853956,17.623531774659845,1.225111,1.2399289774113373,0.1935021939016614
6351,165,11,49,115.01265254758017,20.191419901728104,1.225111,1.301589502604854,0.23170861627363076
6352,180,12,49,112.67279946967429,10.858329832123523,1.225111,1.2150972668673679,0.17702061615355974
6353,214,12,49,106.84385778406202,14.268788835417732,1.225111,1.3842551480895597,0.2775898277278423
6354,179,12,49,118.42218028473529,18.140996642357738,1.225111,1.2160984030652326,0.1776981225536902
6355,165,12,49,114.50104859032245,21.090005130637174,1.225111,1.3249517548451175,0.24525553753699
6356,180,13,49,120.32574760932273,21.506425246585497,1.225111,1.2383885420740424,0.19249898878650096
6357,214,13,49,106.9281736275093,14.233205591016244,1.225111,1.3817261871270357,0.27626760691330793
6358,179,13,49,118.89214513868798,18.30087312915898,1.225111,1.2116553905004097,0.1746828282693454
6359,165,13,49,114.22012293662046,21.321932994482246,1.225111,1.3337881206498916,0.250255730638276
6360,180,14,49,121.5127001341681,20.09775344285262,1.225111,1.2019729689014549,0.16803453499128887
6361,214,14,49,108.34839712273144,15.031374306245688,1.225111,1.3582404587330796,0.26375334089755664
6362,179,14,49,118.16512894910942,17.16592401609392,1.225111,1.2059381435493726,0.17077007195679703
6363,165,14,49,114.1145760225408,20.421238176795075,1.225111,1.321278768724435,0.24315744438593992
6364,180,15,49,114.73712532564248,15.762648403475282,1.225111,1.2401144071689638,0.19362278655976342
6365,214,15,49,112.20162711244087,19.118392098502003,1.225111,1.336834645989532,0.2519643300688136
6366,179,15,49,121.69403296232774,18.165572328998447,1.225111,1.172930283048629,0.14743440897369978
6367,165,15,49,111.14826571139054,21.443161063162506,1.225111,1.3956714968574142,0.28349901660120896
6368,180,8,94,120.65580670344627,14.06926179346065,1.332819,1.209715269680964,0.17335919859577528
6369,214,8,94,108.2162425807866,13.197756615015464,1.332819,1.542639581243874,0.351760442193716
6370,179,8,94,120.34236848080143,15.2398237930176,1.332819,1.2419062890817756,0.19478626624931022
6371,165,8,94,113.20387860778503,19.07418408692781,1.332819,1.5346603390372517,0.3483900153259083
6372,180,9,94,119.12444196457575,12.846350185865244,1.332819,1.213411901833847,0.17587754126304056
6373,214,9,94,108.5812150429929,15.416339792324928,1.332819,1.5872629315307067,0.369984657150891
6374,179,9,94,119.38457729068955,15.850034714019136,1.332819,1.2763315998108649,0.21650455089556153
6375,165,9,94,114.11174918924496,16.775803249171382,1.332819,1.4366519834288785,0.30393720153903575
6376,180,10,94,118.05418134007694,13.017884464323986,1.332819,1.2396814653858097,0.19334117035557744
6377,214,10,94,109.60649175884026,13.952102075766417,1.332819,1.5087486298095591,0.33719906666876354
6378,179,10,94,118.53716666768165,16.049036723434405,1.332819,1.300176016119354,0.23087336821924456
6379,165,10,94,114.25021186004952,17.297512020047662,1.332819,1.447561681380834,0.30918315063017104
6380,180,11,94,117.61577308015046,13.509324847727983,1.332819,1.2604680083022402,0.20664388670448833
6381,214,11,94,108.3955020416157,15.289222256313401,1.332819,1.5908895984053002,0.3714208698061795
6382,179,11,94,118.38536927831142,16.24450594374706,1.332819,1.308638683288761,0.23584713430075002
6383,165,11,94,114.55586079638245,17.555161011681026,1.332819,1.4459670789700425,0.30842132262630995
6384,180,12,94,117.5027498956989,12.973594875050315,1.332819,1.2510512555297,0.20067223818372165
6385,214,12,94,108.56948197636906,13.866050951448246,1.332819,1.5456130040085947,0.35300751390777035
6386,179,12,94,119.31568621953382,16.08084319235311,1.332819,1.2834986071419683,0.22087955963836148
6387,165,12,94,114.0409780694861,18.603648020896994,1.332819,1.4931987492140015,0.3302967869974538
6388,180,13,94,119.53185292872385,16.128028845077132,1.332819,1.279952898061576,0.2187212502003398
6389,214,13,94,108.43091913647733,14.006506831994704,1.332819,1.5546108141149542,0.3567521910174645
6390,179,13,94,119.68714098667643,15.887022902473813,1.332819,1.270732316962126,0.2130522009618452
6391,165,13,94,113.71696332917756,17.798716436149228,1.332819,1.4787305922083127,0.3237442944176762
6392,180,14,94,120.79628364687349,15.950042681072587,1.332819,1.2494223996510445,0.19963016488315447
6393,214,14,94,109.66297836071573,14.467671451101015,1.332819,1.5201725209261725,0.34217992613710374
6394,179,14,94,119.44387114959713,15.188385503934528,1.332819,1.2591864105898876,0.20583641024879487
6395,165,14,94,113.63220626563961,17.232633272233883,1.332819,1.4645171187670536,0.31718107819601377
6396,180,15,94,117.67119286021597,14.501760082934664,1.332819,1.2822744423160208,0.22013574707625136
6397,214,15,94,113.17183984914809,17.493952208784286,1.332819,1.4867419680761715,0.3273883286593507
6398,179,15,94,122.74632697801964,16.515155967616437,1.332819,1.2257658309366368,0.1841834918535164
6399,165,15,94,110.89313975511888,18.441335499229496,1.332819,1.5936039676513813,0.37249152217299125
6400,180,8,90,118.36234816687853,16.149803408162906,1.205578,1.169874553565312,0.14520749515202452
6401,214,8,90,108.61597564590232,20.858126793775746,1.205578,1.3918441016262926,0.28152872952397795
6402,179,8,90,119.85108231510695,19.82723214469283,1.205578,1.1967406522017212,0.1643970661811853
6403,165,8,90,116.70565862859704,32.230722349333035,1.205578,1.409228320698968,0.29039178015950845
6404,180,9,90,116.86810453503008,15.043411474404717,1.205578,1.1762533172651333,0.1498429927279048
6405,214,9,90,109.14362630924843,22.883537567359532,1.205578,1.410211334132003,0.29088642546224575
6406,179,9,90,119.17144945372144,21.583789906957936,1.205578,1.2280771427470285,0.18571890544013658
6407,165,9,90,117.60877645065943,30.40315927157982,1.205578,1.370253955323142,0.27020827335311465
6408,180,10,90,115.79925987820003,15.459947320544876,1.205578,1.196219125558204,0.16403276069226885
6409,214,10,90,110.11347925539093,22.489498684633872,1.205578,1.3857505827592667,0.2783694176705098
6410,179,10,90,118.26672523097722,21.57556180319112,1.205578,1.2400768272052038,0.1935983496653766
6411,165,10,90,117.76390098275652,30.886763346152115,1.205578,1.3744571048853467,0.27244000817077724
6412,180,11,90,115.31358059247417,16.672222944415218,1.205578,1.2182792057041967,0.1791700988428393
6413,214,11,90,109.21142055318472,23.137597895052686,1.205578,1.412538468394308,0.29205467859806883
6414,179,11,90,118.37481379145004,22.60351855077828,1.205578,1.2523434454276714,0.20149699856615363
6415,165,11,90,118.0981039871721,30.610357212119773,1.205578,1.3656239415445495,0.26773398621806604
6416,180,12,90,115.21224525937713,15.493030134057618,1.205578,1.20524349316179,0.17029213957700942
6417,214,12,90,109.34550996323786,23.23620036307711,1.205578,1.4113284283040195,0.2914477027847509
6418,179,12,90,120.2463334254637,22.67391663606156,1.205578,1.2285053442017702,0.18600272703758003
6419,165,12,90,117.5400650961772,31.0554818471701,1.205578,1.3801888587381161,0.2754614749504039
6420,180,13,90,120.59355948549594,24.42679501743817,1.205578,1.2471391887081673,0.19816488082951125
6421,214,13,90,109.39670469923793,22.984704114156344,1.205578,1.4066990056161595,0.28911586913222986
6422,179,13,90,120.67553816132084,23.242098914799236,1.205578,1.230513170166082,0.1873309248164892
6423,165,13,90,117.1742484672927,31.753243408573425,1.205578,1.3953469866072987,0.28333238284232143
6424,180,14,90,121.86720886681428,23.79195239857382,1.205578,1.2229736311358628,0.18232088203632915
6425,214,14,90,110.90506528691193,23.218647420800277,1.205578,1.3813380934864419,0.2760642707854091
6426,179,14,90,120.12574483362303,22.2293489932116,1.205578,1.2242243581439454,0.18315626269999513
6427,165,14,90,117.15019702086337,30.507618770612346,1.205578,1.378766466883004,0.2747140113867771
6428,180,15,90,121.36635194624203,27.73868855109906,1.205578,1.2809631087450335,0.21933739295606614
6429,214,15,90,116.44415086362051,30.17258753327046,1.205578,1.3852759904658516,0.2781221887317111
6430,179,15,90,126.2954798263928,29.15679048132859,1.205578,1.2396621125003404,0.19332857726606903
6431,165,15,90,114.36765970306757,30.998699194118235,1.205578,1.4309184015612622,0.3011481305230899
6432,180,8,132,122.06077222957362,14.917609291665341,1.11032,1.0577657250591586,0.05461107662183689
6433,214,8,132,108.42623850726619,16.322747911027513,1.11032,1.1640034938075436,0.14089604943630862
6434,179,8,132,120.81315269781068,15.606057794573617,1.11032,1.0676295702857153,0.06334553872240208
6435,165,8,132,110.49696680554149,16.561444515302373,1.11032,1.1459774651292185,0.12738249186493236
6436,180,9,132,120.500671343915,13.710404051692757,1.11032,1.0596711557843739,0.05631101258031789
6437,214,9,132,108.60848228296616,17.3109015638889,1.11032,1.1670359401510342,0.1431283599795709
6438,179,9,132,119.81224129513333,17.02956978571896,1.11032,1.0805883384797,0.07457820486299267
6439,165,9,132,111.19624941988751,14.078290538613007,1.11032,1.127655024859442,0.11320396933925217
6440,180,10,132,119.36691113356811,14.219319141423234,1.11032,1.0685357755007843,0.0641398978603819
6441,214,10,132,109.7041037123193,16.359755994201585,1.11032,1.1521476513812208,0.13205568852119146
6442,179,10,132,118.89771486108445,17.744747429717734,1.11032,1.0897842438263194,0.08238717373182035
6443,165,10,132,111.33603275757768,14.397073657766935,1.11032,1.127926196397633,0.11341716932030065
6444,180,11,132,118.90139665112302,15.405911654690138,1.11032,1.0774015070904168,0.07184091221428113
6445,214,11,132,107.9892617013532,16.973508782059888,1.11032,1.171332614073131,0.1462715304044578
6446,179,11,132,118.63438496404635,17.39984412496541,1.11032,1.0895470221437125,0.08218738643103841
6447,165,11,132,111.5971503654231,14.664293454494247,1.11032,1.126925815363997,0.11263014267092632
6448,180,12,132,118.76115931019856,14.073729421012025,1.11032,1.0713444611526,0.06659339151839588
6449,214,12,132,108.39242373889124,16.948854219223993,1.11032,1.1673273590834288,0.14334227479668787
6450,179,12,132,118.96702223034076,15.672322432589347,1.11032,1.0784020341954774,0.07270204590625412
6451,165,12,132,111.29758580225058,17.382996031806712,1.11032,1.1431864948726531,0.1252520874895426
6452,180,13,132,120.8152667826088,17.71624041565984,1.11032,1.07856994763618,0.07284640908860467
6453,214,13,132,108.05839457466074,16.2766027315817,1.11032,1.1673565981680438,0.1433637317257468
6454,179,13,132,119.76802374615556,16.073976951326955,1.11032,1.07582881335026,0.07048408855505553
6455,165,13,132,110.95856199228511,15.367849422272661,1.11032,1.135962781750582,0.11968946864707639
6456,180,14,132,122.0721160646362,16.035841807861534,1.11032,1.0633247153163667,0.0595535064728802
6457,214,14,132,108.7898292816878,15.360210009542648,1.11032,1.1559921831684348,0.1349422473955482
6458,179,14,132,119.07985496747636,15.1407464685766,1.11032,1.0749617245933132,0.06973431972349826
6459,165,14,132,110.87149661598765,14.349384146358512,1.11032,1.1318448016877427,0.11648664330228245
6460,180,15,132,114.18009823065259,13.743783812489315,1.11032,1.1010968239698544,0.09181465405136999
6461,214,15,132,109.77016697980524,15.192782781086343,1.11032,1.1459171996459487,0.12733659961734795
6462,179,15,132,119.0568680909931,14.844227618817088,1.11032,1.073559957246865,0.06851965439872487
6463,165,15,132,108.05561837324396,16.09493810378245,1.11032,1.1665355534088853,0.14276080392254661
6464,180,8,193,116.84468794417903,10.260658734733614,1.442734,1.2908439102119786,0.22531299711071737
6465,214,8,193,111.45175567050177,20.45686698657643,1.442734,2.008612483232098,0.5021438887052617
6466,179,8,193,117.79853612551894,13.118673454351441,1.442734,1.352893501657597,0.2608435188913418
6467,165,8,193,114.53697723527452,23.158297825570685,1.442734,2.014200785388234,0.5035251662821433
6468,180,9,193,115.93265920851526,9.902179496118723,1.442734,1.3108787367232724,0.23715293262011247
6469,214,9,193,111.597250581517,21.776650471885546,1.442734,2.089360519427811,0.5213846577928741
6470,179,9,193,117.57803496350192,14.494610429921309,1.442734,1.4118808779588772,0.2917249495965436
6471,165,9,193,115.43932575845115,20.974247542772638,1.442734,1.8267222530815996,0.45257140306193555
6472,180,10,193,114.9049713491068,10.043996308313158,1.442734,1.3522424178485986,0.2604876264782553
6473,214,10,193,112.63472045105507,21.145705547072737,1.442734,1.9858572299833175,0.49643912719324707
6474,179,10,193,116.70847995400746,14.26363002313569,1.442734,1.433521991282402,0.30241739849040006
6475,165,10,193,115.56127420775596,21.340026233270237,1.442734,1.8431317565107554,0.45744518997757033
6476,180,11,193,114.45737593200808,10.319936704895479,1.442734,1.3777860595102622,0.2741979111361798
6477,214,11,193,111.07041388570138,21.24603042698597,1.442734,2.0847537531255864,0.5203270417425844
6478,179,11,193,116.99117176205266,15.425287311445063,1.442734,1.471231686243469,0.3202974015919111
6479,165,11,193,115.83572229386496,21.24781297979551,1.442734,1.8240115837140751,0.4517578676974257
6480,180,12,193,114.34753830838581,9.856559455145653,1.442734,1.368124275239084,0.26907224869959506
6481,214,12,193,111.62727789154647,21.97814066487775,1.442734,2.1015519530180624,0.524161180710337
6482,179,12,193,120.69418098012935,17.487892015070987,1.442734,1.4329867810850905,0.30215685643465806
6483,165,12,193,115.35787504445476,22.105979831779074,1.442734,1.9014400228461763,0.47408280672290315
6484,180,13,193,122.86409238454709,19.989607438174,1.442734,1.4764726932375851,0.32271012895794476
6485,214,13,193,111.4201016971097,21.821855560061334,1.442734,2.1032828491393816,0.5245527721536937
6486,179,13,193,120.88330502398986,17.90602333800717,1.442734,1.4452197383867105,0.30806369893875546
6487,165,13,193,115.03863074355917,21.923664990751178,1.442734,1.9062314457573928,0.475404729984047
6488,180,14,193,124.17150906423635,19.85171424143202,1.442734,1.4304290593033744,0.3009090569741329
6489,214,14,193,112.18918162327314,21.224768257360164,1.442734,2.0166592311763587,0.5041304031238438
6490,179,14,193,119.83389492083396,16.501998030876024,1.442734,1.4185514331991473,0.29505552171289356
6491,165,14,193,114.95815712929013,21.722214280343668,1.442734,1.8975441131713684,0.4730030289895614
6492,180,15,193,114.82277021223149,19.744933985938076,1.442734,1.7833189558014022,0.439247815570596
6493,214,15,193,112.84034387484289,21.380865563907037,1.442734,1.9897774153241288,0.4974312240662843
6494,179,15,193,122.38678600644747,19.82558232717619,1.442734,1.4841118956116854,0.3261963582686303
6495,165,15,193,112.23387223984652,21.761311549499382,1.442734,2.0503199695071994,0.5122712479650905
6496,180,8,68,119.37921919919884,15.894967212556292,1.353026,1.2996451642181568,0.23055921144323877
6497,214,8,68,103.82504808599725,11.682802742269873,1.353026,1.7521562852233754,0.4292746552157509
6498,179,8,68,118.05862937139395,15.56875432632308,1.353026,1.3229410376658952,0.24410841335428662
6499,165,8,68,110.0246807310195,15.863048453464474,1.353026,1.590912914149892,0.37143008199518435
6500,180,9,68,117.45930785187377,14.553832904303391,1.353026,1.3107355458714032,0.2370695956557888
6501,214,9,68,104.3525543153735,12.493629261046733,1.353026,1.7455340065209117,0.42710941393050433
6502,179,9,68,116.75377512123447,16.842785633580657,1.353026,1.3947097565648845,0.2830049440085937
6503,165,9,68,110.92615542114265,13.856340978059817,1.353026,1.4951904604550295,0.3311888843273711
6504,180,10,68,116.4070199912693,15.154352902870778,1.353026,1.3551408015261528,0.2620693001983226
6505,214,10,68,105.33757389393178,12.102589179545415,1.353026,1.6870392257593851,0.40724555497524306
6506,179,10,68,115.93534649563038,17.24329073029714,1.353026,1.430859305164429,0.301119267009216
6507,165,10,68,111.12257899338053,14.097150139892403,1.353026,1.494778746244093,0.3310046704151472
6508,180,11,68,115.93713219163304,16.42840686959494,1.353026,1.4056662918468312,0.2885935973564875
6509,214,11,68,104.65380858074852,12.962483702700974,1.353026,1.7429247558276024,0.42625176637349177
6510,179,11,68,115.55310191083309,16.811980471262217,1.353026,1.4288546925384824,0.3001387718275155
6511,165,11,68,111.36577169850608,14.24464651595262,1.353026,1.4901113184427686,0.32890919784097494
6512,180,12,68,115.81368489279713,14.892743467001,1.353026,1.3644924923812731,0.26712678480566154
6513,214,12,68,104.46562708577709,10.570137404445813,1.353026,1.695114077841561,0.41006920237879824
6514,179,12,68,115.0382945461115,14.283335660175009,1.353026,1.3701099056443564,0.27013154500937314
6515,165,12,68,110.78800883723989,14.832012404867866,1.353026,1.5289451898797415,0.34595431764388196
6516,180,13,68,113.07866090000358,13.44150363670245,1.353026,1.4083255957166938,0.289936927198215
6517,214,13,68,104.4973730708439,11.55687474647847,1.353026,1.715186369108041,0.4169729785574052
6518,179,13,68,115.11158189864081,13.362924834644929,1.353026,1.343351204387427,0.25559302977957754
6519,165,13,68,110.54191627750238,14.780208309804877,1.353026,1.5367346097537662,0.3492695526911886
6520,180,14,68,114.28483540165051,12.556223556249204,1.353026,1.3472746414286314,0.25776083862187604
6521,214,14,68,106.27404365271673,11.525844662219257,1.353026,1.6288654236162468,0.3860757398975918
6522,179,14,68,115.35901033230635,13.496416829612915,1.353026,1.3396962722268178,0.2535621538023548
6523,165,14,68,110.36851774444486,14.061733959133532,1.353026,1.5221334189845068,0.3430273670312349
6524,180,15,68,113.51380373869617,15.52922755673737,1.353026,1.453764694986693,0.3121307709229013
6525,214,15,68,109.04473440186739,15.707579145462244,1.353026,1.6256471969381296,0.38486037937168793
6526,179,15,68,118.27006295880821,15.51471978986643,1.353026,1.3161513691817255,0.24020897336321
6527,165,15,68,107.65674505666786,16.275402445775615,1.353026,1.704457015419568,0.4133028929721406
6528,180,8,105,117.00517130196714,12.816511980707222,1.2213711,1.1617957531148135,0.1392635088233312
6529,214,8,105,106.60006452314879,15.75949807983949,1.2213711,1.401702848073232,0.28658203029651336
6530,179,8,105,118.03782171878815,14.94185456076036,1.2213711,1.1739362769894326,0.1481650072485138
6531,165,8,105,116.78311252393611,27.876245681918913,1.2213711,1.3859292503309018,0.2784624469385851
6532,180,9,105,115.35367889454125,11.644518633167454,1.2213711,1.1729369887202006,0.14743928308450166
6533,214,9,105,107.29284622731254,17.814219459924384,1.2213711,1.4143207785174925,0.29294682282175644
6534,179,9,105,117.14436827182142,16.156517000358203,1.2213711,1.2028087418673983,0.16861262710190428
6535,165,9,105,117.62598468416775,25.204334057004882,1.2213711,1.329681414566468,0.24794015390066795
6536,180,10,105,114.43434844391578,11.993260609607386,1.2213711,1.1922428101813063,0.16124467980819412
6537,214,10,105,108.18800675726601,17.116068530465306,1.2213711,1.3835220288220544,0.277207027305947
6538,179,10,105,116.43207211211201,16.413369009464144,1.2213711,1.2170748305033923,0.1783578339333567
6539,165,10,105,117.82173986879309,25.85960030562623,1.2213711,1.3367563916425123,0.25192053970935546
6540,180,11,105,114.09413310112086,12.839700801100031,1.2213711,1.2082617745610562,0.17236477967426775
6541,214,11,105,107.93075853012809,19.229773581817835,1.2213711,1.4210744595758948,0.2963071053303992
6542,179,11,105,116.42697670671099,17.083924414569594,1.2213711,1.2264782060955004,0.18465734243782034
6543,165,11,105,118.1383222658643,25.538457153809315,1.2213711,1.326647043481318,0.24622000635839647
6544,180,12,105,113.9620661159753,11.765874430375636,1.2213711,1.1977367748857302,0.16509201272925364
6545,214,12,105,107.67668825719201,17.569854774090146,1.2213711,1.4018085670349127,0.286635833511
6546,179,12,105,118.05152598707298,16.977239347789066,1.2213711,1.2008444894360082,0.16725270524440458
6547,165,12,105,117.64141005140213,26.932785919738294,1.2213711,1.3565435666570105,0.26283237444091556
6548,180,13,105,115.82914119022816,15.71944746657494,1.2213711,1.2169967057973063,0.1783050888828352
6549,214,13,105,107.98845314290553,17.869556769564337,1.2213711,1.399097122217854,0.2852533365126245
6550,179,13,105,117.87187802349715,16.197807483960897,1.2213711,1.1928210078348724,0.16165125074789555
6551,165,13,105,117.38581690794338,27.217916602414846,1.2213711,1.3652845779603024,0.26755196964579175
6552,180,14,105,117.05276544912805,14.889852876475532,1.2213711,1.1872915126064443,0.1577468638643646
6553,214,14,105,110.09260912081832,18.97014395173884,1.2213711,1.369809529594113,0.269971497207857
6554,179,14,105,117.83488684345139,15.848432901891165,1.2213711,1.1886715351285424,0.15872470194900357
6555,165,14,105,117.27950742079457,25.903967119772155,1.2213711,1.3463467867052301,0.25724931356861436
6556,180,15,105,121.0860685368236,21.644530795723014,1.2213711,1.2250516226709556,0.18370786871844635
6557,214,15,105,116.27515662481092,25.201608068019485,1.2213711,1.3521403879644878,0.26043182431271056
6558,179,15,105,126.112188451772,22.219906821392925,1.2213711,1.1734612667720563,0.14782018945475
6559,165,15,105,114.42535026740914,28.059392106054048,1.2213711,1.4312053667876128,0.3012882544980021
6560,180,8,196,124.6263454995051,27.66210418396877,1.279272,1.3718398191799337,0.27105192164651865
6561,214,8,196,104.97896506912572,15.426322559043495,1.279272,1.5861813079183176,0.36955504707568004
6562,179,8,196,121.17060778215479,25.261088492317633,1.279272,1.3841386104578672,0.2775290043609114
6563,165,8,196,109.88862041914895,26.619002878229768,1.279272,1.702611071427342,0.41266680524890825
6564,180,9,196,122.59981158547637,25.38893982933977,1.279272,1.359526817755285,0.2644499638108646
6565,214,9,196,105.48623426683517,17.634929084877268,1.279272,1.6164303140895788,0.38135285432132626
6566,179,9,196,119.41977643185297,25.139683295821516,1.279272,1.4172536591488991,0.29441000660352623
6567,165,9,196,110.75653532177819,25.6022508160095,1.279272,1.6491767106980852,0.39363684102917823
6568,180,10,196,121.50179225734935,26.532488202554653,1.279272,1.4062808679739178,0.28890449783282773
6569,214,10,196,106.52136441078841,17.634768376452,1.279272,1.581250346080903,0.36758907121919077
6570,179,10,196,118.52278650104755,26.13188305779683,1.279272,1.460168593251356,0.31514757636767066
6571,165,10,196,110.896670371962,26.04637307540678,1.279272,1.6566788320010868,0.3963827021365937
6572,180,11,196,121.06448690992458,28.437620713849476,1.279272,1.459035212126373,0.3146155817976339
6573,214,11,196,105.86599684600642,18.531772800139528,1.279272,1.6243481226836174,0.3843684207619975
6574,179,11,196,117.99637511183812,25.283010306627567,1.279272,1.4518012503257705,0.3112004830030216
6575,165,11,196,111.20618675235534,25.788206942544676,1.279272,1.6407053459513978,0.39050603908398385
6576,180,12,196,120.91658129191963,27.624327687247508,1.279272,1.4433050927397695,0.30714579680326687
6577,214,12,196,105.5905877479035,17.700842211656237,1.279272,1.6143365890926773,0.3805504956298856
6578,179,12,196,116.51167765300337,21.441196945979083,1.279272,1.395040013942578,0.2831746831591875
6579,165,12,196,110.66392428329573,26.332590804220125,1.279272,1.671227565461448,0.4016374426400232
6580,180,13,196,113.52187489660497,20.05846385492746,1.279272,1.4341643343014996,0.3027298364053632
6581,214,13,196,105.60116242989945,17.717855666109536,1.279272,1.6143636893893647,0.38056089431852164
6582,179,13,196,116.3622291874728,21.003272302358823,1.279272,1.388364590023074,0.27972810082733357
6583,165,13,196,110.36161582978703,26.6331347999767,1.279272,1.6883872447971557,0.4077188138671701
6584,180,14,196,114.74403400659,18.905476907565298,1.279272,1.3781846756808989,0.27440783688445447
6585,214,14,196,107.4622732894963,19.075358283064904,1.279272,1.5842999456066431,0.3688063912562398
6586,179,14,196,116.82186256551611,21.599546637241044,1.279272,1.3917395654741962,0.2814747638080706
6587,165,14,196,110.20124401193958,25.518205128365324,1.279272,1.6637329711000208,0.39894200729890944
6588,180,15,196,113.69982694341536,19.418795389518248,1.279272,1.4149417722681712,0.2932571363717772
6589,214,15,196,108.90443209425486,22.087530194191817,1.279272,1.6139193997103434,0.38039037130387426
6590,179,15,196,118.11789089066006,23.234646198725986,1.279272,1.4010014933451187,0.28622488644723887
6591,165,15,196,107.70979110522696,24.691498887801643,1.279272,1.7208618929285877,0.4188958427697033
6592,180,8,32,122.06077222957362,14.917609291665341,1.2707601,1.1575447696705474,0.13610252821183474
6593,214,8,32,108.42623850726619,16.322747911027513,1.2707601,1.4720844708914882,0.3206911561301885
6594,179,8,32,120.81315269781068,15.606057794573617,1.2707601,1.186607519351141,0.1572613659596405
6595,165,8,32,110.49696680554149,16.561444515302373,1.2707601,1.418699820432331,0.2951292545485326
6596,180,9,32,120.500671343915,13.710404051692757,1.2707601,1.16046042282438,0.138273067886145
6597,214,9,32,108.60848228296616,17.3109015638889,1.2707601,1.4871113035422214,0.3275553769122377
6598,179,9,32,119.81224129513333,17.02956978571896,1.2707601,1.2272850871288814,0.18519339109757585
6599,165,9,32,111.19624941988751,14.078290538613007,1.2707601,1.3530683209054972,0.26093901944967396
6600,180,10,32,119.36691113356811,14.219319141423234,1.2707601,1.1859804914064966,0.15681581000201422
6601,214,10,32,109.7041037123193,16.359755994201585,1.2707601,1.4362926884864293,0.3037630783640598
6602,179,10,32,118.89771486108445,17.744747429717734,1.2707601,1.2562530910498384,0.20398205813423329
6603,165,10,32,111.33603275757768,14.397073657766935,1.2707601,1.355194676633322,0.26209863627543445
6604,180,11,32,118.90139665112302,15.405911654690138,1.2707601,1.213731824637907,0.17609476846474686
6605,214,11,32,107.9892617013532,16.973508782059888,1.2707601,1.4983774069321534,0.3326113999226364
6606,179,11,32,118.63438496404635,17.39984412496541,1.2707601,1.254464531160173,0.2028471310582494
6607,165,11,32,111.5971503654231,14.664293454494247,1.2707601,1.3534156568803644,0.2611286895372488
6608,180,12,32,118.76115931019856,14.073729421012025,1.2707601,1.193446093406501,0.1620903486761937
6609,214,12,32,108.39242373889124,16.948854219223993,1.2707601,1.4858827784078161,0.3269994009409405
6610,179,12,32,118.96702223034076,15.672322432589347,1.2707601,1.2172769632202416,0.178494270232016
6611,165,12,32,111.29758580225058,17.382996031806712,1.2707601,1.4144022001861065,0.2929875251407129
6612,180,13,32,120.8152667826088,17.71624041565984,1.2707601,1.2233555885465728,0.18257617869873302
6613,214,13,32,108.05839457466074,16.2766027315817,1.2707601,1.4820514640881606,0.32525959844771324
6614,179,13,32,119.76802374615556,16.073976951326955,1.2707601,1.21100975347743,0.1742428191610454
6615,165,13,32,110.95856199228511,15.367849422272661,1.2707601,1.3830214680434876,0.276945424849648
6616,180,14,32,122.0721160646362,16.035841807861534,1.2707601,1.1754279136750465,0.14924599937954555
6617,214,14,32,108.7898292816878,15.360210009542648,1.2707601,1.4425811223584073,0.30679808261656194
6618,179,14,32,119.07985496747636,15.1407464685766,1.2707601,1.206154772015713,0.17091900376200428
6619,165,14,32,110.87149661598765,14.349384146358512,1.2707601,1.3663820301898233,0.26814025806452096
6620,180,15,32,114.18009823065259,13.743783812489315,1.2707601,1.2758840771381195,0.2162297359780076
6621,214,15,32,109.77016697980524,15.192782781086343,1.2707601,1.4116678829764107,0.2916180837864183
6622,179,15,32,119.0568680909931,14.844227618817088,1.2707601,1.2014738182419176,0.16768889607326481
6623,165,15,32,108.05561837324396,16.09493810378245,1.2707601,1.4784981271013262,0.32363796634592096
6624,180,8,202,123.47015165383056,20.013718767333604,1.419535,1.4206762535976003,0.29610986495502783
6625,214,8,202,104.43944780636353,13.225274376452719,1.419535,1.9602906559496796,0.48987156727758746
6626,179,8,202,120.43838936516495,18.99646315470871,1.419535,1.4690799012655995,0.3193018302554485
6627,165,8,202,107.055253792939,17.83311477620745,1.419535,2.022865246070847,0.5056516977873984
6628,180,9,202,121.33851424535541,18.589369295994928,1.419535,1.4244088037264553,0.2979543531436633
6629,214,9,202,104.6848437570266,14.675646290518225,1.419535,2.00876884459756,0.5021826415272079
6630,179,9,202,119.03060237805283,19.89862533002641,1.419535,1.556905553102188,0.35770028052924246
6631,165,9,202,107.872023069783,15.310609515590711,1.419535,1.8436588075153,0.4576002913751159
6632,180,10,202,120.1542895202612,18.995340799142028,1.419535,1.4781739332679982,0.32348962629237726
6633,214,10,202,105.75514642517787,14.467238691641562,1.419535,1.9306469118582863,0.48203889905613034
6634,179,10,202,118.20385763183361,19.946712881777078,1.419535,1.5894558726112018,0.3708538769577966
6635,165,10,202,108.02611897110748,15.806047994494206,1.419535,1.858617256122349,0.4619656108830553
6636,180,11,202,119.62934855444077,20.293931341398586,1.419535,1.5540325268760395,0.3565128253716616
6637,214,11,202,104.33256761042539,14.843180418738381,1.419535,2.0401010905425156,0.5098282116333391
6638,179,11,202,117.54044744932295,19.785988014105808,1.419535,1.6069799421535358,0.37771469713561806
6639,165,11,202,108.24985116306905,15.883837252165053,1.419535,1.8497236288594658,0.45937869614792287
6640,180,12,202,119.49540167449287,19.2375402010411,1.419535,1.5106451984506932,0.33803119287997424
6641,214,12,202,104.50763764444719,14.520976022863604,1.419535,2.0131325777377627,0.5032617269927946
6642,179,12,202,116.06266826435524,15.967101060586675,1.419535,1.491733514184002,0.32963898009155257
6643,165,12,202,107.72037502986447,16.690408869827575,1.419535,1.9208264423026278,0.4793907570320457
6644,180,13,202,114.94072565672818,15.37607540876086,1.419535,1.5100679922537656,0.3377781628842373
6645,214,13,202,104.154057781582,14.057921141650265,1.419535,2.0152341657558694,0.503779750764139
6646,179,13,202,116.48336493072085,15.992345634808697,1.419535,1.4774195477394911,0.3231441931778698
6647,165,13,202,107.41630268070837,16.65307904344257,1.419535,1.9368552788607571,0.48369916383830597
6648,180,14,202,116.16293572745654,15.752874860105292,1.419535,1.4793449343311267,0.32402512977668624
6649,214,14,202,105.17761813918564,14.158255519887483,1.419535,1.9530405402258415,0.48797785841948565
6650,179,14,202,116.66847882029384,15.679135572725015,1.419535,1.4582684964290014,0.31425522635317593
6651,165,14,202,107.28947797412526,16.09589276119308,1.419535,1.9158051901411546,0.4780262601092959
6652,180,15,202,111.96165428027516,17.108419252209774,1.419535,1.7163362042687504,0.417363569262904
6653,214,15,202,106.8406493145952,15.834780107623269,1.419535,1.9295591606427056,0.4817469086219073
6654,179,15,202,115.87950936199232,16.090239855734566,1.419535,1.5036244385572624,0.33494031198408386
6655,165,15,202,104.62884350584041,15.89203345286679,1.419535,2.073104172397977,0.5176315723472344
6656,180,8,143,123.12237146851855,17.534685381839793,1.304343,1.215703617402159,0.17743108954721767
6657,214,8,143,106.99804757978939,12.503389199720157,1.304343,1.5151033412568753,0.3399790147842748
6658,179,8,143,120.19920477697679,16.39019234230292,1.304343,1.2426002908766798,0.1952359842967044
6659,165,8,143,112.18587061728076,19.68115557922832,1.304343,1.5180308253937567,0.3412518485975978
6660,180,9,143,121.68541718235889,16.532833710741354,1.304343,1.2191021340317338,0.17972418217916966
6661,214,9,143,107.49803668179862,14.006071102578998,1.304343,1.5277818806190908,0.34545630322911147
6662,179,9,143,118.99502893555461,16.8421347892141,1.304343,1.2757513528971325,0.21614819554839
6663,165,9,143,113.01080692153099,17.681481950775304,1.304343,1.4405843715545033,0.3058372562233743
6664,180,10,143,120.59507363532339,16.82412376500049,1.304343,1.2444664529195157,0.19644278264472131
6665,214,10,143,108.52996036875223,13.712014825680956,1.304343,1.4852552059247242,0.3267150345536765
6666,179,10,143,118.24296684401311,17.088539078771895,1.304343,1.2968889162396573,0.22892393675511527
6667,165,10,143,113.18834389206444,18.173287170070328,1.304343,1.4482382795323387,0.3095058913075289
6668,180,11,143,120.16727839789634,17.73636407922955,1.304343,1.2723930935885202,0.2140793556339512
6669,214,11,143,107.71692383652095,14.488173531672654,1.304343,1.530683455167714,0.34669706096063346
6670,179,11,143,117.87775849495007,16.823262618921785,1.304343,1.298689947566025,0.2299932698530722
6671,165,11,143,113.49152157730127,18.226256318972563,1.304343,1.4411073629800675,0.3060891744164717
6672,180,12,143,120.0099542077487,16.85267684402797,1.304343,1.2560361412424994,0.20384456532375148
6673,214,12,143,107.58951649628324,13.057313241715429,1.304343,1.5045564000288838,0.3353522672989843
6674,179,12,143,117.02690701723556,15.17808321519033,1.304343,1.2807868760696748,0.21922997597486313
6675,165,12,143,112.99989207320198,18.33156669871048,1.304343,1.4577199074105704,0.313997157536007
6676,180,13,143,114.1740514858605,12.090491460223474,1.304343,1.2845231953255005,0.22150101793483132
6677,214,13,143,107.59479261468421,13.50727473091271,1.304343,1.51363744606824,0.3393398117907579
6678,179,13,143,116.78764832473186,14.411577027720748,1.304343,1.2697676376916567,0.21245433391425397
6679,165,13,143,112.72582490770631,18.827040947721898,1.304343,1.4787450855106201,0.3237509224555133
6680,180,14,143,115.41379286568379,12.495719947762806,1.304343,1.262192065161941,0.20772754987039263
6681,214,14,143,109.3564301307964,15.180466715914083,1.304343,1.490484508074782,0.3290772265109467
6682,179,14,143,117.3205360497019,14.809909996701883,1.304343,1.2665866546773108,0.2104764436707485
6683,165,14,143,112.50569138213258,18.232396493487013,1.304343,1.4693909867017332,0.31944594117550096
6684,180,15,143,117.44125206398996,20.35472492760356,1.304343,1.3944094616479157,0.2828505345781302
6685,214,15,143,111.78403067841859,19.78420433602288,1.304343,1.533151038887162,0.3477485422924475
6686,179,15,143,121.24110731842512,19.191345687529733,1.304343,1.2845809066803526,0.22153599294557008
6687,165,15,143,109.81254177001861,18.314892064754417,1.304343,1.5553677451919712,0.35706523226339953
6688,180,8,48,122.73282716390922,15.582385968544196,1.332633,1.2050808635895416,0.1701801678093807
6689,214,8,48,109.77314374893555,17.701116346994333,1.332633,1.6105461095161653,0.37909259841035126
6690,179,8,48,118.85243880981587,14.210491698508243,1.332633,1.2488945517114236,0.1992918868693524
6691,165,8,48,113.90696299897944,20.552945319095567,1.332633,1.559415554757327,0.3587341123093915
6692,180,9,48,121.8313106278086,15.275391345501994,1.332633,1.2142411043593693,0.17644033264085748
6693,214,9,48,110.15773826327658,19.135511910941357,1.332633,1.6430649403080257,0.3913813292050832
6694,179,9,48,118.48586767387032,15.483051725875997,1.332633,1.2870780606650427,0.22304634772245854
6695,165,9,48,114.79970358318685,18.533045224846347,1.332633,1.46752927684614,0.3185825892692955
6696,180,10,48,120.82593723507868,15.493303374175673,1.332633,1.238031580052189,0.19226616177444752
6697,214,10,48,111.23746229706748,18.50580601895103,1.332633,1.582912025113021,0.36825295143702047
6698,179,10,48,117.70335436778942,15.660132912502721,1.332633,1.309702355099013,0.2364677393250924
6699,165,10,48,114.97532504299359,19.00422089461051,1.332633,1.476674447748743,0.32280266545917063
6700,180,11,48,120.45935600797975,16.25129219949465,1.332633,1.2632159603229427,0.20836972346015262
6701,214,11,48,110.65116059130393,19.867781409086806,1.332633,1.6494606203054691,0.3937412098902933
6702,179,11,48,117.4934241479941,15.90377323446651,1.332633,1.3209552090178145,0.2429720605412943
6703,165,11,48,115.33822487649145,19.002502899595637,1.332633,1.465867455541944,0.3178100815190748
6704,180,12,48,120.30854850911518,15.320364259184425,1.332633,1.2442731455090343,0.1963179438459244
6705,214,12,48,110.40732323158367,19.07716871419317,1.332633,1.631790986783318,0.387176416526691
6706,179,12,48,118.3336079292326,15.08993401296032,1.332633,1.280966287350814,0.2193393301020316
6707,165,12,48,114.70717180825773,18.819413107063255,1.332633,1.4790501674877745,0.3238904115750585
6708,180,13,48,116.89841629702921,13.187338176785605,1.332633,1.2697579773265164,0.21244834223801734
6709,214,13,48,110.37480435477613,19.0374770286862,1.332633,1.6316742141732776,0.3871325591140317
6710,179,13,48,117.90142455779946,14.370266351420193,1.332633,1.2736478381417367,0.21485361176523587
6711,165,13,48,114.39599342772578,19.38808550987365,1.332633,1.5062731532854199,0.3361097900345353
6712,180,14,48,118.14740664937614,13.395256336418198,1.332633,1.2458027448312168,0.19730470642406436
6713,214,14,48,112.43093797318348,20.163809599054566,1.332633,1.595809343445429,0.37335872602365394
6714,179,14,48,118.23710142270112,14.200475585352768,1.332633,1.2621024375960108,0.20767128704326912
6715,165,14,48,114.24187088015044,18.96177501489878,1.332633,1.4976840959319226,0.332302451020048
6716,180,15,48,113.85293699938562,16.28077660840321,1.332633,1.4301001257665014,0.30074826092052637
6717,214,15,48,111.45318687880068,17.810862231797334,1.332633,1.5532764486220927,0.35619959931337575
6718,179,15,48,120.88227369638011,17.686138840281163,1.332633,1.2899712257764746,0.22478891000218376
6719,165,15,48,111.83962120547544,19.296825263029092,1.332633,1.5875043387526337,0.3700804617732633
6720,180,8,189,122.60775212632696,16.188149912947132,1.141422,1.0805832683459027,0.07457386275215525
6721,214,8,189,108.90105615609427,19.44507032623183,1.141422,1.2329423412857312,0.1889320639623872
6722,179,8,189,121.13675075012806,17.50781258798605,1.141422,1.0996731246118543,0.09063886566022551
6723,165,8,189,114.9068842954268,21.505642695463578,1.141422,1.1825549656499765,0.15437334496298655
6724,180,9,189,121.01649569895812,15.56598598374637,1.141422,1.0868883184675433,0.07994226912848909
6725,214,9,189,109.35611666850417,20.45984985239578,1.141422,1.2350109380728351,0.19029057219489606
6726,179,9,189,120.20519651896142,19.766483558699406,1.141422,1.1229775354725502,0.10951023648108964
6727,165,9,189,115.9956250591537,19.35999850516299,1.141422,1.1556349296412913,0.1346748230339493
6728,180,10,189,119.94393258911234,15.810884741680242,1.141422,1.0963035051510275,0.08784383585251845
6729,214,10,189,110.38331781429574,19.679332336870285,1.141422,1.2169158122885024,0.17825046736846636
6730,179,10,189,119.37500691138526,19.059132425045036,1.141422,1.1242258227032402,0.11049899423634915
6731,165,10,189,116.16402358685005,19.836848073463813,1.141422,1.1577130037304555,0.13622806621525607
6732,180,11,189,119.51792435904376,17.231276212773974,1.141422,1.1096952118582921,0.09885165826262948
6733,214,11,189,109.52266783612562,20.560251811907577,1.141422,1.2337699377826272,0.18947611756756402
6734,179,11,189,119.15317202030553,20.59978489879861,1.141422,1.1375297363445,0.12090210211687097
6735,165,11,189,116.4577771746118,20.121773558883405,1.141422,1.1571897196716707,0.13583746640634706
6736,180,12,189,119.4029477920391,15.767176338259157,1.141422,1.1000766977609346,0.0909724730690396
6737,214,12,189,109.49054057147137,18.74771887055389,1.141422,1.2205659904485424,0.18070796022055902
6738,179,12,189,119.94451824557967,18.40370187494716,1.141422,1.1149502598246441,0.10309900267902816
6739,165,12,189,115.74448287343647,20.995645107465418,1.141422,1.1705463382400811,0.14569806650841172
6740,180,13,189,119.43438205098482,18.03173191478431,1.141422,1.1161801757272345,0.10408729545078922
6741,214,13,189,109.49208837591299,18.346299798031662,1.141422,1.2175924457473668,0.17870712528427937
6742,179,13,189,119.9529509284148,17.911424771721602,1.141422,1.111294158262687,0.10014824377073646
6743,165,13,189,115.4556300163292,20.643630803430458,1.141422,1.1705772069691347,0.1457205948942011
6744,180,14,189,120.68774151532503,17.016752021520414,1.141422,1.0993983943995205,0.0904116241263121
6745,214,14,189,111.13327016120589,18.971789152729833,1.141422,1.2029297130943986,0.16869623460574865
6746,179,14,189,120.0078249540136,17.206380872670955,1.141422,1.1057755067632205,0.09565730667415673
6747,165,14,189,115.43959991700046,19.941686719672422,1.141422,1.1653295405700148,0.14187363729674676
6748,180,15,189,117.55245682992786,27.507177756784237,1.141422,1.203836309439007,0.16932228064627458
6749,214,15,189,113.74383539437649,22.834867629165583,1.141422,1.2045435885838094,0.16981003470724773
6750,179,15,189,123.36671410186737,21.495387769669534,1.141422,1.1127646300137162,0.10133736009593171
6751,165,15,189,112.49318350023637,21.543060392419363,1.141422,1.2076131886880161,0.17192027267735688
6752,180,8,161,122.43357098364034,18.81784964356471,1.422333,1.4059560858986544,0.2887402316262081
6753,214,8,161,110.86744391011881,22.37752885383676,1.422333,2.082145714074515,0.5197262164504726
6754,179,8,161,120.15219421447087,18.48552445726932,1.422333,1.461250004451548,0.31565440755955326
6755,165,8,161,115.665955656253,23.227042117948564,1.422333,1.8803868521696498,0.4681945372856823
6756,180,9,161,121.4674793901352,18.632861206063165,1.422333,1.4266417288802709,0.2990531681805841
6757,214,9,161,111.2456990074915,23.048531542420918,1.422333,2.1032357685808725,0.5245421293520814
6758,179,9,161,119.70447897093737,21.12435411198874,1.422333,1.5971419914814833,0.3738815926613913
6759,165,9,161,116.48730311855877,21.395453688067406,1.422333,1.7397462765685596,0.42520354061491095
6760,180,10,161,120.44940427623258,19.136907295334172,1.422333,1.4796551661231283,0.32416685799832784
6761,214,10,161,112.27573652269,22.384838360502073,1.422333,2.003215489112162,0.5008025819313096
6762,179,10,161,118.9485496024816,20.70755000499067,1.422333,1.6047599413531468,0.37685383699396696
6763,165,10,161,116.66105626668504,21.782509810835226,1.422333,1.7531435168343514,0.42959604253866307
6764,180,11,161,120.06865936835011,21.0849160019654,1.422333,1.5820330800194358,0.36790196574921513
6765,214,11,161,111.21480268194615,22.965787172117608,1.422333,2.0996942913116046,0.5237401920184602
6766,179,11,161,118.83068182690266,21.55800652368798,1.422333,1.651757762595785,0.39458434968789186
6767,165,11,161,117.0834503942495,21.531470902307365,1.422333,1.721421542401247,0.4190847649059398
6768,180,12,161,119.91563554436931,19.577758455210027,1.422333,1.5169501735536477,0.3407825666037709
6769,214,12,161,111.31249766990217,21.738660912642636,1.422333,2.016535112942868,0.5040998822278718
6770,179,12,161,119.97544376239082,20.239194233428666,1.422333,1.5452472547669425,0.35285437530136743
6771,165,12,161,116.50085497867825,22.04403393412247,1.422333,1.7745380360620924,0.4364730540129097
6772,180,13,161,119.12296011781596,20.817644956236844,1.422333,1.6036330018086853,0.37641592629227966
6773,214,13,161,111.34285346746174,21.158764585796646,1.422333,1.9792955113233002,0.4947697328270963
6774,179,13,161,119.84614653214199,19.854229702191496,1.422333,1.53193148182561,0.3472292906936704
6775,165,13,161,116.2291468624832,22.527264186785033,1.422333,1.8137656097035986,0.4486608442402777
6776,180,14,161,120.40500974565812,20.612791306158293,1.422333,1.547771859148003,0.3539099486209377
6777,214,14,161,112.64270179559874,21.814012005589607,1.422333,1.9486375571395507,0.486820934793065
6778,179,14,161,119.9032801860545,19.07574463332241,1.422333,1.4949428920001757,0.33107812656171853
6779,165,14,161,116.04420307698383,21.672337573235982,1.422333,1.7744206651406964,0.4364357789302975
6780,180,15,161,118.04709055451775,24.470561553312255,1.422333,1.8422471776549145,0.45718467525462664
6781,214,15,161,114.01984875033156,22.248120278731548,1.422333,1.9035292404900812,0.4746600268969124
6782,179,15,161,123.66607855229573,21.438953783088163,1.422333,1.4800568119591384,0.3243502601252795
6783,165,15,161,113.50514017165347,22.243372306549205,1.422333,1.929417769489523,0.4817089301169981
6784,180,8,203,120.49606981502316,15.9230495455622,1.352653,1.2746648574831285,0.21548005804872045
6785,214,8,203,105.18113582876741,10.74804436340295,1.352653,1.6627339362959754,0.39858086842945467
6786,179,8,203,119.93701373441678,16.953417071304404,1.352653,1.3152298397561064,0.23967661790167566
6787,165,8,203,108.9882520650773,18.195836276450404,1.352653,1.7142277682571665,0.4166469482543226
6788,180,9,203,118.43162228600102,14.26582957634617,1.352653,1.2788785872770094,0.21806494381206132
6789,214,9,203,105.39674274941197,12.244805277900376,1.352653,1.6868090622246272,0.4071646741800389
6790,179,9,203,118.80685841096064,17.68676774945249,1.352653,1.3642209342486162,0.2669809010438777
6791,165,9,203,109.83413604379113,16.028833913856097,1.352653,1.6030804890398715,0.37620100373192916
6792,180,10,203,117.33169933612231,14.395280064851077,1.352653,1.3093998108479277,0.23629132086674864
6793,214,10,203,106.4926572856034,11.696726314026922,1.352653,1.6219413757664805,0.3834549047573127
6794,179,10,203,117.6696697040886,17.55041214936745,1.352653,1.3902331229243252,0.28069617712997535
6795,165,10,203,109.96184551000121,16.339438814626565,1.352653,1.608273436790841,0.37821518584836766
6796,180,11,203,116.78084966546618,14.988728137529382,1.352653,1.3398538685147543,0.2536499513125911
6797,214,11,203,105.4384078767966,13.205974620867613,1.352653,1.7101815756116454,0.41526676800833234
6798,179,11,203,117.43640138401341,17.521432591996366,1.352653,1.3957542631654152,0.28354150412400575
6799,165,11,203,110.191966267135,16.5732895028205,1.352653,1.6069699358651592,0.377710822286404
6800,180,12,203,116.67907345905346,14.365134814051041,1.352653,1.3256886883653891,0.2456750904067623
6801,214,12,203,105.48235493599275,11.8187542832928,1.352653,1.6722527407726122,0.4020042690807723
6802,179,12,203,117.82875703221401,16.79190696914054,1.352653,1.3632267842686607,0.26644633780689936
6803,165,12,203,109.80879105106737,16.933539707655537,1.352653,1.634650753986153,0.3882485310324147
6804,180,13,203,120.09388544544986,19.723224640987596,1.352653,1.3936891867461951,0.2824799033314807
6805,214,13,203,105.24680207065593,11.91119353082211,1.352653,1.6858235561613681,0.40681811192803186
6806,179,13,203,118.34370714239442,17.56012265750836,1.352653,1.3724670365927552,0.2713850509061627
6807,165,13,203,109.51202920613154,16.95376643607686,1.352653,1.6474764879529706,0.3930110643081018
6808,180,14,203,121.31394213159932,19.55309686709879,1.352653,1.3583913447113072,0.26383512093672423
6809,214,14,203,106.55291673041246,12.818604786234033,1.352653,1.6472974604683117,0.39294509704658376
6810,179,14,203,117.8321720102196,16.440600588785937,1.352653,1.3529026114305769,0.2608484960032807
6811,165,14,203,109.46168778927327,16.168626229181598,1.352653,1.622785376302798,0.3837755660096554
6812,180,15,203,108.44370073332777,8.997382148002556,1.352653,1.4816197290324369,0.32506298316299814
6813,214,15,203,106.43333945315503,13.092247370587414,1.352653,1.6601565160841487,0.397647155366577
6814,179,15,203,115.4377405482986,14.77647465060479,1.352653,1.3715709037572215,0.2709090013059889
6815,165,15,203,106.52829567937866,15.742760635333283,1.352653,1.736684587131898,0.4241902027520834
6816,180,8,53,122.90661769434777,24.08897058833858,1.172143,1.1711911161665458,0.146168386870006
6817,214,8,53,106.31017341104815,17.73499786046472,1.172143,1.3205526580313178,0.2427412917476523
6818,179,8,53,119.85920184632772,23.143303592420693,1.172143,1.1915749077246023,0.16077454005004882
6819,165,8,53,110.91144683370509,26.150343839145656,1.172143,1.3344518646463286,0.25062864649296945
6820,180,9,53,121.14444731093398,22.78195448556761,1.172143,1.175085377505324,0.1489980054700585
6821,214,9,53,106.7773948637403,20.064077210255824,1.172143,1.3353611706168453,0.2511389263040586
6822,179,9,53,118.56701090361457,24.933388658452227,1.172143,1.2235895085658821,0.18273244989485238
6823,165,9,53,111.82665393585404,25.22158487958663,1.172143,1.311467767882345,0.2374955568944547
6824,180,10,53,120.07522926728436,23.512776004021305,1.172143,1.1930582166960921,0.16181793477834105
6825,214,10,53,107.81384944728126,19.85519470912684,1.172143,1.3159981958947238,0.2401205388278532
6826,179,10,53,117.80955892237702,25.60960129811936,1.172143,1.2390773225093512,0.19294786383885815
6827,165,10,53,111.9979244055879,25.46249719712632,1.172143,1.3116076126592495,0.23757685580024454
6828,180,11,53,119.65274168075861,25.99984427937654,1.172143,1.2225971684194916,0.18206910188353648
6829,214,11,53,106.91770860513911,20.325154264020384,1.172143,1.3356397422920343,0.25129511474108823
6830,179,11,53,117.44803624618622,25.916916087664863,1.172143,1.246425840997436,0.19770597888137248
6831,165,11,53,112.23199539649983,25.474056324422325,1.172143,1.308451225486662,0.23573765645864062
6832,180,12,53,119.51460688297091,24.423211856662203,1.172143,1.2081039855478206,0.1722566832303387
6833,214,12,53,106.82114385895845,19.499800050304053,1.172143,1.3289488788784278,0.24752560772393717
6834,179,12,53,116.60932036843634,20.948947107594496,1.172143,1.2048712619597521,0.17003581081892857
6835,165,12,53,111.72389682761694,26.52452772283709,1.172143,1.3267180998176045,0.24626037728928343
6836,180,13,53,114.30711686062688,20.567484169345768,1.172143,1.2289992558288296,0.18632985719295161
6837,214,13,53,106.82173125146805,19.126826282732463,1.172143,1.3252283463526104,0.2454130620188796
6838,179,13,53,116.46959274398368,20.712868214813806,1.172143,1.204082917996491,0.16949241198112047
6839,165,13,53,111.42432502850856,26.284251197232706,1.172143,1.3284543384496124,0.24724548593287649
6840,180,14,53,115.49572300229832,19.34323481625445,1.172143,1.2016911313381975,0.16783941070913555
6841,214,14,53,108.45587457861207,20.006255591659265,1.172143,1.3071573489169173,0.23498115905588665
6842,179,14,53,116.91388157874187,20.933338682057265,1.172143,1.2011968097338606,0.16749695645498602
6843,165,14,53,111.22446434870443,25.03147372870054,1.172143,1.3180498354679007,0.24130334598084044
6844,180,15,53,115.10526665950113,23.163990142101596,1.172143,1.2460031237684266,0.19743379376482767
6845,214,15,53,110.0969380142332,24.270241540391375,1.172143,1.3265331194288719,0.24615527094375003
6846,179,15,53,119.41128438653323,25.13602958434031,1.172143,1.2164370860894935,0.17792706960725646
6847,165,15,53,108.5533405864409,25.51863926474137,1.172143,1.363452678749128,0.26656787170829443
6848,180,8,114,126.01736801372793,18.782929674035515,1.1803489999999999,1.1028118670904057,0.09322702281184052
6849,214,8,114,107.00053749179261,13.560167815735182,1.1803489999999999,1.2872920606718288,0.22317550884442885
6850,179,8,114,121.2624461354669,17.711042341002468,1.1803489999999999,1.132300240255434,0.11684201376270012
6851,165,8,114,110.05586695363532,21.10743158847847,1.1803489999999999,1.3111777280534294,0.23732688665738924
6852,180,9,114,124.14670776814245,17.701688374280682,1.1803489999999999,1.1072267833040657,0.09684265673567899
6853,214,9,114,107.37916242063439,15.593343590092584,1.1803489999999999,1.2983450473648261,0.22978872062581465
6854,179,9,114,119.86110767239268,17.680318460934284,1.1803489999999999,1.1456893397446084,0.12716304035532422
6855,165,9,114,110.9658245706631,19.34592349535313,1.1803489999999999,1.2772281673240211,0.21705453607780548
6856,180,10,114,122.96282803111689,17.95235932578746,1.1803489999999999,1.119362783433322,0.10663458281792353
6857,214,10,114,108.44899047499622,15.482097017111863,1.1803489999999999,1.278291764553189,0.21770598252306073
6858,179,10,114,119.01978947119181,18.03582366670352,1.1803489999999999,1.1580611003752304,0.1364877037351622
6859,165,10,114,111.10674318408203,19.656333027216878,1.1803489999999999,1.2784769273132524,0.2178192827448813
6860,180,11,114,122.53193377165091,18.729713767053536,1.1803489999999999,1.130656208340119,0.11555785691207704
6861,214,11,114,107.49803472804479,16.230827277844327,1.1803489999999999,1.3023289120150625,0.23214482088651184
6862,179,11,114,118.56522573762857,17.815197421453412,1.1803489999999999,1.1606943819946838,0.13844676470176953
6863,165,11,114,111.43819267734403,19.616624326849163,1.1803489999999999,1.272972383017488,0.21443700323680775
6864,180,12,114,122.41602578584691,18.065907171817376,1.1803489999999999,1.1252267201183084,0.11129021190071083
6865,214,12,114,107.35248895832773,15.728505022833216,1.1803489999999999,1.300109488814772,0.23083401159417957
6866,179,12,114,117.04346075605362,15.431483681253535,1.1803489999999999,1.153604635486028,0.13315188823015828
6867,165,12,114,110.88687727594521,19.81970569171473,1.1803489999999999,1.2836820519470336,0.22099089997928759
6868,180,13,114,115.0561489335259,12.026514812024498,1.1803489999999999,1.1454389461167012,0.1269722376821325
6869,214,13,114,107.29590038559724,16.626513687998724,1.1803489999999999,1.3098538601912106,0.2365560537768531
6870,179,13,114,116.81849431581645,14.912910559847896,1.1803489999999999,1.1510927181388964,0.1312602501588102
6871,165,13,114,110.56135737376505,19.99414979725419,1.1803489999999999,1.290699324468229,0.22522621570906745
6872,180,14,114,116.21785919145114,12.428503307077307,1.1803489999999999,1.1345784172793085,0.11861535106760121
6873,214,14,114,108.92763105358861,17.686681714338814,1.1803489999999999,1.2922578534627185,0.22616063247717
6874,179,14,114,117.36494028678194,15.444148782210561,1.1803489999999999,1.1500483706581024,0.13047135623716322
6875,165,14,114,110.42302866787621,19.63659210422222,1.1803489999999999,1.288917017622191,0.22415486309210841
6876,180,15,114,113.24515244740644,21.14393868342798,1.1803489999999999,1.2635209570564148,0.20856081221662623
6877,214,15,114,108.71402633042783,19.79745792926428,1.1803489999999999,1.318567620557385,0.24160127671170945
6878,179,15,114,117.91137654772501,20.04641581571086,1.1803489999999999,1.1914896197877436,0.16071446750988588
6879,165,15,114,107.96839644553921,19.11712468297667,1.1803489999999999,1.323873416674505,0.2446407735023917
6880,180,8,232,122.06077222957362,14.917609291665341,1.228893,1.1293964930147262,0.11457136073561282
6881,214,8,232,108.42623850726619,16.322747911027513,1.228893,1.3822360053363625,0.2765345453747941
6882,179,8,232,120.81315269781068,15.606057794573617,1.228893,1.1527786123729624,0.13253074851768107
6883,165,8,232,110.49696680554149,16.561444515302373,1.228893,1.3393038463652271,0.2533434420322715
6884,180,9,232,120.500671343915,13.710404051692757,1.228893,1.132317674534064,0.1168556117332631
6885,214,9,232,108.60848228296616,17.3109015638889,1.228893,1.3929654616354714,0.28210711066309807
6886,179,9,232,119.81224129513333,17.02956978571896,1.228893,1.184956369250847,0.15608707126303734
6887,165,9,232,111.19624941988751,14.078290538613007,1.228893,1.2890208245543606,0.22421734315601977
6888,180,10,232,119.36691113356811,14.219319141423234,1.228893,1.1529840251019643,0.13268529465396117
6889,214,10,232,109.7041037123193,16.359755994201585,1.228893,1.3536024491975462,0.2612306511466286
6890,179,10,232,118.89771486108445,17.744747429717734,1.228893,1.2078461793722517,0.17208000730711806
6891,165,10,232,111.33603275757768,14.397073657766935,1.228893,1.2904456833997953,0.2250739315385906
6892,180,11,232,118.90139665112302,15.405911654690138,1.228893,1.1749654492304682,0.14891114402134978
6893,214,11,232,107.9892617013532,16.973508782059888,1.228893,1.4023557960644282,0.2869142033666489
6894,179,11,232,118.63438496404635,17.39984412496541,1.228893,1.2066502474081868,0.17125944145957728
6895,165,11,232,111.5971503654231,14.664293454494247,1.228893,1.288759178007693,0.2240598421608054
6896,180,12,232,118.76115931019856,14.073729421012025,1.228893,1.1591651722500755,0.13731017465019008
6897,214,12,232,108.39242373889124,16.948854219223993,1.228893,1.3924482448944786,0.28184045355611675
6898,179,12,232,118.96702223034076,15.672322432589347,1.228893,1.1776881297829878,0.1508787643259428
6899,165,12,232,111.29758580225058,17.382996031806712,1.228893,1.3349616336708567,0.25091480176084496
6900,180,13,232,120.8152667826088,17.71624041565984,1.228893,1.181346613097232,0.15350838702773353
6901,214,13,232,108.05839457466074,16.2766027315817,1.228893,1.3902444494338762,0.28070203739550137
6902,179,13,232,119.76802374615556,16.073976951326955,1.228893,1.1723582511589605,0.1470184143699863
6903,165,13,232,110.95856199228511,15.367849422272661,1.228893,1.3119453420410248,0.23777312365446865
6904,180,14,232,122.0721160646362,16.035841807861534,1.228893,1.1434570677068392,0.12545907647808502
6905,214,14,232,108.7898292816878,15.360210009542648,1.228893,1.3597888404660026,0.264591699651471
6906,179,14,232,119.07985496747636,15.1407464685766,1.228893,1.1689525382695487,0.1445332746525847
6907,165,14,232,110.87149661598765,14.349384146358512,1.228893,1.2995322311115869,0.23049234481500672
6908,180,15,232,114.18009823065259,13.743783812489315,1.228893,1.22664227166709,0.184766395959164
6909,214,15,232,109.77016697980524,15.192782781086343,1.228893,1.335163984571386,0.25102832943698694
6910,179,15,232,119.0568680909931,14.844227618817088,1.228893,1.1653046207696038,0.14185528644040857
6911,165,15,232,108.05561837324396,16.09493810378245,1.228893,1.3876366501442021,0.2793502536156848
6912,180,8,103,120.49606981502316,15.9230495455622,1.2301641,1.1619756291625534,0.13939675247689207
6913,214,8,103,105.18113582876741,10.74804436340295,1.2301641,1.3997641403471248,0.2855939288800384
6914,179,8,103,119.93701373441678,16.953417071304404,1.2301641,1.1834418920943959,0.15500709694309506
6915,165,8,103,108.9882520650773,18.195836276450404,1.2301641,1.400932937458855,0.2861899572338596
6916,180,9,103,118.43162228600102,14.26582957634617,1.2301641,1.1672757987160571,0.14330443490737307
6917,214,9,103,105.39674274941197,12.244805277900376,1.2301641,1.4084924265081198,0.29002103157972847
6918,179,9,103,118.80685841096064,17.68676774945249,1.2301641,1.2097255454074438,0.17336622029983406
6919,165,9,103,109.83413604379113,16.028833913856097,1.2301641,1.3481610397076327,0.2582488511781472
6920,180,10,103,117.33169933612231,14.395280064851077,1.2301641,1.1849775413153107,0.15610214950570955
6921,214,10,103,106.4926572856034,11.696726314026922,1.2301641,1.373348430135918,0.27185266458488494
6922,179,10,103,117.6696697040886,17.55041214936745,1.2301641,1.2246945931868691,0.18346989889305756
6923,165,10,103,109.96184551000121,16.339438814626565,1.2301641,1.349971035604801,0.2592433662460101
6924,180,11,103,116.78084966546618,14.988728137529382,1.2301641,1.201572746159364,0.16775742193192975
6925,214,11,103,105.4384078767966,13.205974620867613,1.2301641,1.4181815072188988,0.2948716402591983
6926,179,11,103,117.43640138401341,17.521432591996366,1.2301641,1.2278704257052684,0.18558181786517366
6927,165,11,103,110.191966267135,16.5732895028205,1.2301641,1.3484405546284663,0.258402606946564
6928,180,12,103,116.67907345905346,14.365134814051041,1.2301641,1.194570336292663,0.1628789284158102
6929,214,12,103,105.48235493599275,11.8187542832928,1.2301641,1.4016975016435065,0.28657930913946233
6930,179,12,103,117.82875703221401,16.79190696914054,1.2301641,1.2111477300824145,0.17433689122964927
6931,165,12,103,109.80879105106737,16.933539707655537,1.2301641,1.3624235337710897,0.26601385309891673
6932,180,13,103,120.09388544544986,19.723224640987596,1.2301641,1.2215138097143337,0.1813436802373421
6933,214,13,103,105.24680207065593,11.91119353082211,1.2301641,1.4090940760552284,0.2903241756579454
6934,179,13,103,118.34370714239442,17.56012265750836,1.2301641,1.2146610223920964,0.17672504380633952
6935,165,13,103,109.51202920613154,16.95376643607686,1.2301641,1.3693885452422316,0.2697470681536118
6936,180,14,103,121.31394213159932,19.55309686709879,1.2301641,1.2023712853336304,0.16831014496281568
6937,214,14,103,106.55291673041246,12.818604786234033,1.2301641,1.3841070453577127,0.27751252812851834
6938,179,14,103,117.8321720102196,16.440600588785937,1.2301641,1.2060288318493761,0.17083242656267408
6939,165,14,103,109.46168778927327,16.168626229181598,1.2301641,1.3586048030275781,0.26395078409000655
6940,180,15,103,108.44370073332777,8.997382148002556,1.2301641,1.2985692357002088,0.22992169188361802
6941,214,15,103,106.43333945315503,13.092247370587414,1.2301641,1.3904370639979482,0.2808016803546056
6942,179,15,103,115.4377405482986,14.77647465060479,1.2301641,1.2204110204764236,0.1806039250533641
6943,165,15,103,106.52829567937866,15.742760635333283,1.2301641,1.4229577522479229,0.2972384468757093
6944,180,8,149,116.02379418540177,12.081500345613172,1.31705,1.2520462266490018,0.20130744479265966
6945,214,8,149,106.14177352648798,14.446300649446258,1.31705,1.6195755080322352,0.3825542587915595
6946,179,8,149,117.79202272574332,15.389073071945115,1.31705,1.2830513266375165,0.22060795290185867
6947,165,8,149,113.70050266168884,22.21694625880808,1.31705,1.579023448943821,0.3666971819393302
6948,180,9,149,114.26789855976189,10.708099500124785,1.31705,1.2691155253509616,0.21204966764277847
6949,214,9,149,106.63625352647645,15.96423769813256,1.31705,1.639150048879344,0.38992772462552705
6950,179,9,149,117.25754788513564,16.992415792939905,1.31705,1.3335790606994182,0.2501381961744863
6951,165,9,149,114.61134075217463,20.00529889846903,1.31705,1.4846029274220787,0.3264192185472527
6952,180,10,149,113.2522147413446,11.082128244643886,1.31705,1.303820163043621,0.23302305920349256
6953,214,10,149,107.54921662035942,15.208187033511681,1.31705,1.5837112971645435,0.368571783386033
6954,179,10,149,116.16617121045094,16.4936978262975,1.31705,1.3477325020921522,0.2580129970542001
6955,165,10,149,114.75438786609804,20.409586146570753,1.31705,1.492315538819621,0.3299004305812084
6956,180,11,149,112.7972815242954,11.950476508676635,1.31705,1.333826475089987,0.2502772896807775
6957,214,11,149,106.77520544506288,16.274500864612797,1.31705,1.642164944318594,0.3910477729659832
6958,179,11,149,116.36508413853956,17.623531774659845,1.31705,1.3714567633658326,0.2708483222279662
6959,165,11,149,115.01265254758017,20.191419901728104,1.31705,1.4785267526894696,0.3236510613142575
6960,180,12,149,112.67279946967429,10.858329832123523,1.31705,1.316221468934769,0.24024943856195433
6961,214,12,149,106.84385778406202,14.268788835417732,1.31705,1.5873988363474654,0.37003859578166515
6962,179,12,149,118.42218028473529,18.140996642357738,1.31705,1.335277925918877,0.25109224035749267
6963,165,12,149,114.50104859032245,21.090005130637174,1.31705,1.519989297553146,0.3421006308335304
6964,180,13,149,120.32574760932273,21.506425246585497,1.31705,1.3802389938191937,0.27548779270976287
6965,214,13,149,106.9281736275093,14.233205591016244,1.31705,1.5832516248200366,0.3683884580799549
6966,179,13,149,118.89214513868798,18.30087312915898,1.31705,1.3286836256359178,0.24737538665655445
6967,165,13,149,114.22012293662046,21.321932994482246,1.31705,1.5354001026184194,0.34870396433175055
6968,180,14,149,121.5127001341681,20.09775344285262,1.31705,1.3178819781443987,0.24120671153875414
6969,214,14,149,108.34839712273144,15.031374306245688,1.31705,1.5493873926758401,0.3545836214189345
6970,179,14,149,118.16512894910942,17.16592401609392,1.31705,1.3168301776374465,0.2406006355397158
6971,165,14,149,114.1145760225408,20.421238176795075,1.31705,1.5114265336472235,0.33837339907822056
6972,180,15,149,114.73712532564248,15.762648403475282,1.31705,1.366466387038388,0.2681854383792412
6973,214,15,149,112.20162711244087,19.118392098502003,1.31705,1.5316416872432563,0.34710578307654844
6974,179,15,149,121.69403296232774,18.165572328998447,1.31705,1.2674894197944815,0.21103877919379702
6975,165,15,149,111.14826571139054,21.443161063162506,1.31705,1.6382484793755054,0.3895919864481141
6976,180,8,92,118.82833433080847,14.429682979566683,1.213406,1.1503377597475941,0.13069010251439636
6977,214,8,92,106.5861469869742,15.830370216308912,1.213406,1.385386906498208,0.2781799832888103
6978,179,8,92,118.4171987568142,16.078033678818066,1.213406,1.1758467766894622,0.1495490570502307
6979,165,8,92,111.45074586393362,22.60854246328719,1.213406,1.3808184622710316,0.27579183844681476
6980,180,9,92,116.97653943769721,13.209248618447143,1.213406,1.1602786981439344,0.138138102854364
6981,214,9,92,106.91738806807439,17.381439376402426,1.213406,1.3981981852710081,0.2847938078204748
6982,179,9,92,117.62077801623977,17.070106026660937,1.213406,1.1993683370103547,0.1662277807894419
6983,165,9,92,112.30807526102136,20.52155598514213,1.213406,1.333426842042702,0.25005259496045473
6984,180,10,92,115.85441120297126,13.575913266683177,1.213406,1.1808170160420375,0.15312873509234756
6985,214,10,92,107.96524184213068,17.0696555225624,1.213406,1.3707361126982733,0.2704649780974143
6986,179,10,92,116.63479724355686,17.468751798364522,1.213406,1.2187670158142818,0.17949863507597416
6987,165,10,92,112.45492060363009,20.923438298539818,1.213406,1.3366926716098062,0.2518848788213377
6988,180,11,92,115.4039645549336,14.519673326388439,1.213406,1.1991536138799868,0.1660784836694979
6989,214,11,92,106.95245055079917,17.524669215095557,1.213406,1.399361079498763,0.28538815703078585
6990,179,11,92,116.58135248477076,17.72470218784027,1.213406,1.2229897791085689,0.1823316784144386
6991,165,11,92,112.75520148710388,20.80371185670659,1.213406,1.329475279892369,0.24782354728629669
6992,180,12,92,115.29679698378665,13.431529740165029,1.213406,1.1875588772020786,0.1579364870262033
6993,214,12,92,107.00295782564523,16.976026647671393,1.213406,1.3907934568050508,0.280985975949863
6994,179,12,92,117.74953106091745,17.374568640299938,1.213406,1.2015708252495476,0.16775609145443798
6995,165,12,92,112.22787588547594,21.463596899520294,1.213406,1.3489142523754731,0.25866303344413927
6996,180,13,92,119.03143470894092,19.54974453597254,1.213406,1.2131210873909375,0.17567997919259448
6997,214,13,92,106.93324027759623,17.03661242101374,1.213406,1.3931804304969946,0.2822178821136138
6998,179,13,92,117.97026295116802,17.54088921048975,1.213406,1.2007086612984144,0.16715850211438749
6999,165,13,92,111.95387787805255,21.59683153981797,1.213406,1.355998968409086,0.2625363121232745
7000,180,14,92,120.25433056161586,18.77110853470608,1.213406,1.1869579537035564,0.15751017390313496
7001,214,14,92,108.3048196938187,17.211043267314878,1.213406,1.3653221662676684,0.2675721344701642
7002,179,14,92,117.57008665084575,16.74272981516944,1.213406,1.195809035307375,0.16374607443657882
7003,165,14,92,111.88418498947401,20.97576125794207,1.213406,1.348003445177976,0.2581621333556973
7004,180,15,92,112.09297732380449,18.40878349166278,1.213406,1.3067809656131755,0.2347608158412576
7005,214,15,92,108.80085151952835,19.38210514752529,1.213406,1.3854803851719668,0.2782286846479755
7006,179,15,92,118.00554726250283,18.76177289998149,1.213406,1.2165123393297408,0.1779779228947502
7007,165,15,92,109.07378750327265,21.513555169498108,1.213406,1.4115403277654257,0.29155407016739293
7008,180,8,229,128.7905231117962,25.737777724527252,1.273522,1.2573538305252032,0.20467892511824232
7009,214,8,229,104.80853314852834,14.744232861531838,1.273522,1.5635408852533688,0.3604260627710084
7010,179,8,229,122.45249134459081,22.475782280102447,1.273522,1.2911664389957653,0.22550651116848017
7011,165,8,229,104.50841249332346,14.115140684568527,1.273522,1.5625611869339373,0.3600250611867537
7012,180,9,229,126.97306034519863,24.201344769962812,1.273522,1.254329368586984,0.2027612323814828
7013,214,9,229,104.91007177887977,16.040140477999014,1.273522,1.585244033850455,0.36918229708074357
7014,179,9,229,119.89579857649058,23.630553023856212,1.273522,1.3619414667978686,0.26575405450342005
7015,165,9,229,105.37097504475749,11.121435797363075,1.273522,1.4866075090584163,0.3273274930291604
7016,180,10,229,125.88630208646433,25.180371154116997,1.273522,1.28932579320704,0.22440084168903315
7017,214,10,229,106.12960837193533,15.354090894832277,1.273522,1.530704799628587,0.34670617075046617
7018,179,10,229,119.22703264579538,23.02850264860984,1.273522,1.3620707392355822,0.2658237408717719
7019,165,10,229,105.51268413806508,11.415171727927621,1.273522,1.4856781129489165,0.3269066890841489
7020,180,11,229,125.43422293247444,27.919955365937238,1.273522,1.351702924582037,0.2601924714269504
7021,214,11,229,104.53159944423857,15.92003129551311,1.273522,1.5959057084217647,0.37339656426887047
7022,179,11,229,118.11802627413934,22.616926664783335,1.273522,1.3756009761231562,0.27304500552311983
7023,165,11,229,105.81866676111883,11.85983886376448,1.273522,1.4815402528857156,0.3250267766588054
7024,180,12,229,125.28451393780492,25.87368786090077,1.273522,1.312648184431977,0.23818124927912004
7025,214,12,229,104.65085100727589,15.194817298691811,1.273522,1.5775054379708426,0.3660877636743315
7026,179,12,229,114.63749944206889,14.929263299601176,1.273522,1.2906027909306863,0.22516826476186783
7027,165,12,229,104.9380865017888,12.151807239247571,1.273522,1.5158267065010393,0.34029398234559055
7028,180,13,229,111.96206318184052,13.558452541044577,1.273522,1.3285203468321085,0.24728288702199697
7029,214,13,229,104.16664330182726,14.383426195919647,1.273522,1.579362886784693,0.36683329184983865
7030,179,13,229,114.53787713953444,14.993604648384878,1.273522,1.2939840043966024,0.2271929200034355
7031,165,13,229,104.99193297094831,12.032813601551535,1.273522,1.5122266782711042,0.33872347686440885
7032,180,14,229,113.1835456985476,13.788973962347754,1.273522,1.3028564653383938,0.23245574120840107
7033,214,14,229,105.28733597427997,14.540920391467916,1.273522,1.543409459902911,0.35208379501386133
7034,179,14,229,115.67531289512681,15.453539700813378,1.273522,1.2782707953961456,0.21769314952541605
7035,165,14,229,104.8072255393184,11.649456877043052,1.273522,1.5132128568034426,0.3391544385153912
7036,180,15,229,109.37191147324369,7.871381702697136,1.273522,1.3218376197554154,0.24347742487081447
7037,214,15,229,103.63773471866942,10.029776844892384,1.273522,1.5347949954514168,0.34844718482687126
7038,179,15,229,112.40562396083392,9.502428152184084,1.273522,1.2550536925069087,0.20322133947707954
7039,165,15,229,102.31286301405595,13.098081292145922,1.273522,1.6253303632471519,0.3847404671612983
7040,180,8,248,122.73282716390922,15.582385968544196,1.220818,1.1250032502067862,0.11111367916831297
7041,214,8,248,109.77314374893555,17.701116346994333,1.220818,1.3562679379827964,0.2626825629400933
7042,179,8,248,118.85243880981587,14.210491698508243,1.220818,1.153276499673234,0.13290524840891407
7043,165,8,248,113.90696299897944,20.552945319095567,1.220818,1.3191739979924635,0.24194988566950737
7044,180,9,248,121.8313106278086,15.275391345501994,1.220818,1.1309058205522478,0.11575306994911688
7045,214,9,248,110.15773826327658,19.135511910941357,1.220818,1.3698148855747483,0.2699743516216653
7046,179,9,248,118.48586767387032,15.483051725875997,1.220818,1.174316342487165,0.1484407022029247
7047,165,9,248,114.79970358318685,18.533045224846347,1.220818,1.2730334420466,0.21447468151948637
7048,180,10,248,120.82593723507868,15.493303374175673,1.220818,1.1449442049885994,0.12659499419890305
7049,214,10,248,111.23746229706748,18.50580601895103,1.220818,1.3382548301943278,0.25275816127277484
7050,179,10,248,117.70335436778942,15.660132912502721,1.220818,1.187485446609445,0.1578844163056995
7051,165,10,248,114.97532504299359,19.00422089461051,1.220818,1.2770340909270421,0.21693554846756968
7052,180,11,248,120.45935600797975,16.25129219949465,1.220818,1.158898054359232,0.1371113306830846
7053,214,11,248,110.65116059130393,19.867781409086806,1.220818,1.3709684842130594,0.27058863021639523
7054,179,11,248,117.4934241479941,15.90377323446651,1.220818,1.1937252571316925,0.16228630162117835
7055,165,11,248,115.33822487649145,19.002502899595637,1.220818,1.270921435256958,0.21316930200503106
7056,180,12,248,120.30854850911518,15.320364259184425,1.220818,1.1489337062150868,0.12962776303753562
7057,214,12,248,110.40732323158367,19.07716871419317,1.220818,1.3637492784291412,0.26672738470529733
7058,179,12,248,118.3336079292326,15.08993401296032,1.220818,1.1712927563083704,0.14624247899239423
7059,165,12,248,114.70717180825773,18.819413107063255,1.220818,1.278847621236914,0.21804601002206175
7060,180,13,248,116.89841629702921,13.187338176785605,1.220818,1.1674239999467944,0.1434131900272949
7061,214,13,248,110.37480435477613,19.0374770286862,1.220818,1.3638119156410535,0.26676106248129194
7062,179,13,248,117.90142455779946,14.370266351420193,1.220818,1.168012082640431,0.14384447313303436
7063,165,13,248,114.39599342772578,19.38808550987365,1.220818,1.29272750892908,0.22644177284629843
7064,180,14,248,118.14740664937614,13.395256336418198,1.220818,1.152516719214753,0.13233362837345003
7065,214,14,248,112.43093797318348,20.163809599054566,1.220818,1.3404383777779092,0.2539754034364978
7066,179,14,248,118.23710142270112,14.200475585352768,1.220818,1.1612900387635938,0.13888867843498998
7067,165,14,248,114.24187088015044,18.96177501489878,1.220818,1.2890146266998703,0.22421361302920537
7068,180,15,248,113.85293699938562,16.28077660840321,1.220818,1.2569794220419386,0.20444202787702007
7069,214,15,248,111.45318687880068,17.810862231797334,1.220818,1.3236203907007964,0.24449637749192896
7070,179,15,248,120.88227369638011,17.686138840281163,1.220818,1.1724006599110703,0.1470492689113186
7071,165,15,248,111.83962120547544,19.296825263029092,1.220818,1.3384353270339182,0.25285893176767715
7072,180,8,186,121.43994780267276,18.944102847730782,1.071465,1.050980788761165,0.04850782174739679
7073,214,8,186,106.88837822051073,14.402577464336277,1.071465,1.1072255087339822,0.09684161707634914
7074,179,8,186,120.05624405800249,18.453706425079375,1.071465,1.054220549577798,0.05143188453261771
7075,165,8,186,112.2870085066758,22.680330642907702,1.071465,1.1002813608394473,0.09114156106665185
7076,180,9,186,119.46132197720596,17.231465050806893,1.071465,1.0525093491130106,0.049889674763708515
7077,214,9,186,107.32882072831399,15.820378424406876,1.071465,1.107804998710862,0.0973140569290744
7078,179,9,186,118.78020521149222,19.38285092797285,1.071465,1.0618629272189228,0.05825886339298541
7079,165,9,186,113.0989902067454,20.571600540612305,1.071465,1.0899847965302707,0.08255601070466093
7080,180,10,186,118.30333191868093,17.9543792170115,1.071465,1.059162268649221,0.05585760595935154
7081,214,10,186,108.33621303143498,15.29398503211141,1.071465,1.1002998111536568,0.09115680120720293
7082,179,10,186,117.96515651593707,19.77139283918361,1.071465,1.0662518824105693,0.06213530170824917
7083,165,10,186,113.27356442996135,21.144720524092374,1.071465,1.0909151062383684,0.08333838785298034
7084,180,11,186,117.87722618532368,19.032145588777876,1.071465,1.06425490207044,0.06037548142408001
7085,214,11,186,107.43043559281803,16.362081488250723,1.071465,1.1085439829315407,0.09791581083187739
7086,179,11,186,117.78464785718,19.467965363420294,1.071465,1.0660050905025913,0.06191817571102944
7087,165,11,186,113.5456982312577,21.002533124848608,1.071465,1.0891982117120802,0.08189346140393677
7088,180,12,186,117.75027712345691,18.097983238381918,1.071465,1.0617922471254113,0.058196174715629524
7089,214,12,186,107.3991021153717,15.381645743839066,1.071465,1.106284784641936,0.0960736205698937
7090,179,12,186,117.96100712748247,18.247334310156074,1.071465,1.061431506768156,0.057876091275265044
7091,165,12,186,113.08376575579429,21.712605891119495,1.071465,1.093549135188753,0.08554634828786714
7092,180,13,186,116.87994079301362,19.464507838429114,1.071465,1.069663331928816,0.06512640926299601
7093,214,13,186,107.34882889334088,15.417047450987218,1.071465,1.1066854018745074,0.096400839564526
7094,179,13,186,118.07942983900098,17.92244902702265,1.071465,1.0599340780582727,0.056545099642487044
7095,165,13,186,112.81610439700707,22.12383814972761,1.071465,1.0960695096261146,0.08764910325704191
7096,180,14,186,118.10102950407563,18.629164787243585,1.071465,1.062093753606685,0.058463533370595074
7097,214,14,186,108.9524365124185,16.19262122300433,1.071465,1.0989885577375473,0.09007241889882085
7098,179,14,186,118.1125115151761,17.663484351081767,1.071465,1.0589823418172193,0.055697191056090015
7099,165,14,186,112.65883063385883,21.070784457837313,1.071465,1.0936257253257011,0.08561039042659474
7100,180,15,186,116.13661220127445,14.94015075124578,1.071465,1.0585437034542817,0.055305891729589995
7101,214,15,186,111.3560327175832,18.642690007379557,1.071465,1.0927856621200878,0.08490746661159196
7102,179,15,186,120.77690016480231,17.740056228812414,1.071465,1.0494575301682474,0.04712675715454482
7103,165,15,186,109.98672664133504,21.286190748563328,1.071465,1.107767361426526,0.09728338745036567
7104,180,8,15,123.13048554813615,17.721670598997804,1.159729,1.1006752990625508,0.09146684689689713
7105,214,8,15,107.73285219428752,17.332680695393034,1.159729,1.2678021464829041,0.21123339097179494
7106,179,8,15,120.15929653831022,17.762030310475794,1.159729,1.1247385152871596,0.11090445787331497
7107,165,8,15,112.5705725335107,24.342951573545687,1.159729,1.2655273025650788,0.2098155464736995
7108,180,9,15,121.6909851015774,16.62875644642089,1.159729,1.1027002784178543,0.09313526116562507
7109,214,9,15,108.20041417114523,19.52722758014336,1.159729,1.2799211124189958,0.21870184787401226
7110,179,9,15,119.09411867584221,19.124314987518353,1.159729,1.1461002553735855,0.12747598186858647
7111,165,9,15,113.55589502478156,21.672096296284924,1.159729,1.228413909214765,0.18594213847739097
7112,180,10,15,120.5965119082265,17.218375732443718,1.159729,1.1164222113863267,0.10428152557244309
7113,214,10,15,109.24396846348681,18.976620027601626,1.159729,1.2599279216574886,0.20630380293147435
7114,179,10,15,118.32496846642951,19.457041913324545,1.159729,1.1563503826426451,0.135210213953778
7115,165,10,15,113.72894430255654,22.417015421462953,1.159729,1.233303730447191,0.18916972736520954
7116,180,11,15,120.17805731252454,18.43428272383136,1.159729,1.130321439230262,0.1152959102669146
7117,214,11,15,108.47221862634608,20.202033653837553,1.159729,1.2820362012235984,0.219990824716508
7118,179,11,15,118.01820748108798,20.083608211683135,1.159729,1.1649576022452355,0.14159966159052562
7119,165,11,15,114.02765874232544,22.239161469224605,1.159729,1.2280942531723138,0.1857302504128809
7120,180,12,15,120.04561574087437,17.222206119634812,1.159729,1.121147402306239,0.10805662311399437
7121,214,12,15,108.34461510953307,18.922432060160954,1.159729,1.272421672224184,0.21409700743935992
7122,179,12,15,117.6946147746039,17.520002249661164,1.159729,1.145419557053661,0.12695745952489293
7123,165,12,15,113.36560217503259,23.535500931321526,1.159729,1.2481626628096625,0.19882237324023033
7124,180,13,15,115.68508477278422,14.770501078437896,1.159729,1.1425531535189213,0.1247671962392956
7125,214,13,15,108.33261011822962,18.88421233290733,1.159729,1.2722596962816977,0.21399695131222268
7126,179,13,15,117.45340199916058,16.414585232593403,1.159729,1.138234989446917,0.12144679326198467
7127,165,13,15,113.15457583428646,23.434196564810257,1.159729,1.2497794906978033,0.19985884914653312
7128,180,14,15,116.92032305995531,14.39131384108019,1.159729,1.1265204533089062,0.11231083549107354
7129,214,14,15,110.15325969088866,19.052251447142112,1.159729,1.247920541945617,0.19866692919333406
7130,179,14,15,117.91566408150013,16.430907164940777,1.159729,1.133866529047452,0.11806198138674381
7131,165,14,15,112.98585617624734,22.2734871111196,1.159729,1.2409561313605966,0.1941697415978838
7132,180,15,15,115.58814433633263,20.835952767265123,1.159729,1.1972373795634619,0.16474375335272176
7133,214,15,15,111.25095645217384,21.868346813390804,1.159729,1.2591489355107235,0.2058127741700469
7134,179,15,15,120.66293430855451,20.314799164866134,1.159729,1.142374378948887,0.12463022768410423
7135,165,15,15,110.43397983396878,24.50965530388949,1.159729,1.2947370826040663,0.22764241988904058
7136,180,8,120,117.36070971397244,13.128489771109987,1.471845,1.3995302762556256,0.2854745503073712
7137,214,8,120,110.00646671230288,20.86543596059151,1.471845,2.2594900963598503,0.5574222690282868
7138,179,8,120,117.97899447554248,15.546663319013769,1.471845,1.4828299290680698,0.3256138277243427
7139,165,8,120,115.65655953252394,26.597824591764336,1.471845,2.3535134362130625,0.5751033392827971
7140,180,9,120,116.09007700149941,12.223176273139165,1.471845,1.4114133840716472,0.2914903519511777
7141,214,9,120,110.303285813182,22.296911087117113,1.471845,2.358346091425731,0.5759740253410164
7142,179,9,120,117.69651776523506,16.443227648648666,1.471845,1.5383297037504702,0.3499442950610747
7143,165,9,120,116.61656996097356,24.738854077317455,1.471845,2.1403831857359092,0.5327939377097196
7144,180,10,120,115.07122843362197,12.563512640783374,1.471845,1.466469918520287,0.3180903424128668
7145,214,10,120,111.31623173766893,21.869386901643214,1.471845,2.249626556819996,0.5554817767560631
7146,179,10,120,116.95682856622355,16.864691153378605,1.471845,1.59157433162143,0.37169129953155156
7147,165,10,120,116.75179220974411,24.99383554526016,1.471845,2.1524970337628453,0.5354232854612256
7148,180,11,120,114.63200157641896,13.210553792365827,1.471845,1.5131063539129996,0.33910792363409914
7149,214,11,120,110.38989308680293,22.44143422677005,1.471845,2.3644086650468137,0.5770612691523863
7150,179,11,120,117.0836511019257,17.518863725615738,1.471845,1.622063534828101,0.38350133732216873
7151,165,11,120,117.03959664759797,25.192171227131205,1.471845,2.151026117398891,0.5351055982485042
7152,180,12,120,114.55280305171085,11.993251550149445,1.471845,1.4654910865484676,0.31763488077214763
7153,214,12,120,110.55103646924832,22.71554637891231,1.471845,2.3762282439850844,0.5791650054950374
7154,179,12,120,120.58193714602058,20.250531161703123,1.471845,1.6311386680550481,0.38693133846652716
7155,165,12,120,116.45464616416744,26.267991640024913,1.471845,2.274119564911606,0.5602693827407138
7156,180,13,120,123.07447850217838,23.756143696313398,1.471845,1.7430619354049235,0.4262969205579639
7157,214,13,120,110.56790730440694,22.734370627285696,1.471845,2.3766150328074787,0.5792334954564741
7158,179,13,120,120.97001127496758,20.281126292766277,1.471845,1.6172489382636932,0.3816660030869351
7159,165,13,120,116.15429030747033,25.673938111846883,1.471845,2.244169554808717,0.5544008705326031
7160,180,14,120,124.37950391140191,23.11728810871249,1.471845,1.6512074309742948,0.3943825704503098
7161,214,14,120,111.90703489813428,23.058893747534405,1.471845,2.3079816199983765,0.5667209862786068
7162,179,14,120,120.03830123463378,19.101170003707118,1.471845,1.5870875626387728,0.36991504215599236
7163,165,14,120,116.11693039941696,25.012689054878738,1.471845,2.192646741261312,0.5439301821027707
7164,180,15,120,112.95411195602684,17.81645342595337,1.471845,1.8468937290266392,0.4585503300576878
7165,214,15,120,111.92881186447983,22.410504066201604,1.471845,2.252056278818068,0.5559613632192071
7166,179,15,120,121.39813718405425,21.096834764246807,1.471845,1.6480241254358872,0.39321276638744035
7167,165,15,120,113.12103278228437,25.444109444397476,1.471845,2.428366923591438,0.5882006173428487
7168,180,8,107,123.4674870051172,20.108865723904138,1.2198870000000002,1.1731046073422557,0.1475611009102039
7169,214,8,107,110.54213007336767,21.67825747826883,1.2198870000000002,1.3996902758230325,0.28555622820770865
7170,179,8,107,120.17320747099745,18.46295883697056,1.2198870000000002,1.190792621520851,0.1602232144142575
7171,165,8,107,112.89354893051085,21.92845878881413,1.2198870000000002,1.3574546710524307,0.2633271509355794
7172,180,9,107,122.40183689047358,19.474241665605202,1.2198870000000002,1.1769639444718065,0.1503563004652821
7173,214,9,107,110.86455426368066,22.67552497081638,1.2198870000000002,1.4091116245678177,0.2903330136768224
7174,179,9,107,119.43775120118377,20.566818682183893,1.2198870000000002,1.230025945218441,0.18700901888503707
7175,165,9,107,113.78665199511468,19.8959393292294,1.2198870000000002,1.3095547936539487,0.23638170403715758
7176,180,10,107,121.34421818151546,20.342581647718234,1.2198870000000002,1.2015796341242195,0.1677621926998974
7177,214,10,107,111.92275675300888,21.794085570161542,1.2198870000000002,1.3739033490489998,0.2721467629493817
7178,179,10,107,118.64655647746284,20.646385592703655,1.2198870000000002,1.2424038653525555,0.19510875015168186
7179,165,10,107,113.95202664025618,20.30620917810019,1.2198870000000002,1.312862955988935,0.2383058753861069
7180,180,11,107,120.93537382091,22.228222312451525,1.2198870000000002,1.2334325816435119,0.18925443118461324
7181,214,11,107,110.57947639310284,22.23570815337273,1.2198870000000002,1.4078587781140426,0.2897014845909525
7182,179,11,107,118.34405755770173,20.958807572905346,1.2198870000000002,1.2513851224384007,0.20088549714300694
7183,165,11,107,114.30092837074501,20.345404929279162,1.2198870000000002,1.3073018927402875,0.23506574452832757
7184,180,12,107,120.80789776436193,20.837670498833095,1.2198870000000002,1.2153709427214392,0.17720593372027146
7185,214,12,107,110.7270875846748,21.51334450949083,1.2198870000000002,1.3932756350216067,0.2822669291963236
7186,179,12,107,118.72990244491409,19.258499707411232,1.2198870000000002,1.221302640074645,0.1812021302607838
7187,165,12,107,113.71423162115397,21.13728951614345,1.2198870000000002,1.3299357289049423,0.24808396506243843
7188,180,13,107,117.83329901632351,20.18389832218221,1.2198870000000002,1.247619053759036,0.19847328638735334
7189,214,13,107,110.54304684074549,20.860468488349472,1.2198870000000002,1.3866868342384366,0.27885664209886557
7190,179,13,107,118.7387539510251,18.853503099839774,1.2198870000000002,1.2154733240751587,0.17727523904246126
7191,165,13,107,113.44223400474283,21.21577821469639,1.2198870000000002,1.3361013523293988,0.2515537850054786
7192,180,14,107,119.11353605009757,18.908755019132585,1.2198870000000002,1.2110466158192668,0.17426795390241426
7193,214,14,107,111.77570556755104,21.035215626178083,1.2198870000000002,1.364780261777261,0.26728131406460437
7194,179,14,107,118.85757684687802,18.569139038457987,1.2198870000000002,1.209846477502032,0.17344884777058786
7195,165,14,107,113.33155421796371,20.46692661843348,1.2198870000000002,1.326517804902242,0.246146567875359
7196,180,15,107,116.98358099340969,18.83219191282893,1.2198870000000002,1.240850131154928,0.19410090316930978
7197,214,15,107,111.68878703917935,19.79469850871588,1.2198870000000002,1.3471735560579468,0.25770514459460897
7198,179,15,107,121.13780594150826,18.71424025473909,1.2198870000000002,1.1820186273553204,0.1539896437694672
7199,165,15,107,110.67539373313679,21.0602015448939,1.2198870000000002,1.3871374052635062,0.27909088443185914
7200,180,8,63,124.49541807939237,20.27050743552656,1.296945,1.2425181634133333,0.19518279133007552
7201,214,8,63,107.09098249981572,17.97049291438579,1.296945,1.6197881271191354,0.382635306891313
7202,179,8,63,120.48112173859661,19.706208094462088,1.296945,1.3011578085617084,0.23145371497605377
7203,165,8,63,109.50907042585398,22.6795191331516,1.296945,1.6682655327356017,0.40057504013751816
7204,180,9,63,123.30605348995759,19.51660187386521,1.296945,1.2461439120746751,0.19752446702955523
7205,214,9,63,107.38645171314386,19.5629259292922,1.296945,1.6523165034541083,0.3947890746660607
7206,179,9,63,119.2271105696707,20.3375035048105,1.296945,1.3412512043519504,0.25442751010749853
7207,165,9,63,110.51323786131422,21.479840152691185,1.296945,1.6007866247628368,0.37530712430324425
7208,180,10,63,122.18610000582372,20.08212723257737,1.296945,1.2776384844400277,0.2173059811686191
7209,214,10,63,108.45732288322942,19.798622167372454,1.296945,1.6215165145531119,0.38329336086003485
7210,179,10,63,118.46269545679252,20.952827840939587,1.296945,1.3726801867038732,0.2714981904115376
7211,165,10,63,110.61007020970841,21.794118775043152,1.296945,1.6066109527009507,0.3775717772128641
7212,180,11,63,121.77971141251504,21.66462760677345,1.296945,1.3209838656366648,0.24298848304400947
7213,214,11,63,107.19294067421318,19.172503445907903,1.296945,1.6484374307994718,0.39336490344373437
7214,179,11,63,117.89926965568665,20.4863967168106,1.296945,1.3738740544140877,0.27213124318992454
7215,165,11,63,110.89249178772296,21.851424913278663,1.296945,1.5992771399466157,0.3747175051640016
7216,180,12,63,121.64539464910324,20.544804316779,1.296945,1.297882318313031,0.22951412012470762
7217,214,12,63,107.3166043512566,19.233026257971368,1.296945,1.6456866379265578,0.39235090268465367
7218,179,12,63,116.78834911592355,17.815249413002647,1.296945,1.3353150325939258,0.2511130515340318
7219,165,12,63,110.27024395972609,22.24389118447333,1.296945,1.630432357557348,0.3866657544148829
7220,180,13,63,114.56519752648848,14.354468224859712,1.296945,1.3111867317108572,0.2373321237813441
7221,214,13,63,107.11269807356186,19.388541629694178,1.296945,1.6572711873019574,0.3965984519238502
7222,179,13,63,116.67565427456162,17.464556319131646,1.296945,1.3298157705901432,0.2480161371855127
7223,165,13,63,109.99880020720263,21.91289743836427,1.296945,1.6297623384907358,0.38641360376135336
7224,180,14,63,115.79082837145893,14.74922023621785,1.296945,1.2905952193322752,0.22516371901844062
7225,214,14,63,108.36916995623871,19.899362878592132,1.296945,1.6273297426484743,0.38549639093272947
7226,179,14,63,117.19193929042265,17.567724345608948,1.296945,1.320639666344479,0.24279118257291735
7227,165,14,63,109.92627414553704,21.755613277449022,1.296945,1.6276254503691099,0.38560803422358514
7228,180,15,63,114.41101981957533,28.754884226763217,1.296945,1.6914469031459065,0.4087901913207508
7229,214,15,63,109.35705465599797,23.855288837433168,1.296945,1.7082445312696544,0.4146037164499224
7230,179,15,63,118.6088059189521,25.37983315007808,1.296945,1.4829684624604362,0.32567682636967826
7231,165,15,63,107.45239392182842,21.00383091155874,1.296945,1.6908439495066014,0.4085793663621021
7232,180,8,244,121.991432677958,16.80772156055537,1.074496,1.0444581432655962,0.042565749094160554
7233,214,8,244,105.33485078838757,11.90226882237186,1.074496,1.1179888775690918,0.10553671859924214
7234,179,8,244,119.82916133836267,16.566480008800198,1.074496,1.0512833635679182,0.04878167518400477
7235,165,8,244,110.38709335864552,12.245216092157012,1.074496,1.0839627677180037,0.07745908828101639
7236,180,9,244,119.89905021361987,15.405534242766361,1.074496,1.0472067380146681,0.04507871874866308
7237,214,9,244,105.72398661278955,12.875305269583214,1.074496,1.116886625568683,0.10465397551803253
7238,179,9,244,118.52642910598615,18.067650875921796,1.074496,1.0613151561884004,0.0577728074746499
7239,165,9,244,111.27802365283634,11.42628874118195,1.074496,1.076380435195845,0.07096044548779612
7240,180,10,244,118.77403966441065,16.12231848380697,1.074496,1.0538656497166123,0.051112444675558956
7241,214,10,244,106.7789678716759,11.946580582094084,1.074496,1.1075368590062789,0.09709551256178031
7242,179,10,244,117.65698522435775,18.12207898779591,1.074496,1.0650605487673224,0.06108624419768624
7243,165,10,244,111.42844169519188,11.831350154237622,1.074496,1.0765010313930083,0.07106452215286303
7244,180,11,244,118.29965440404874,17.45222534576024,1.074496,1.0601797517910692,0.05676372491495089
7245,214,11,244,105.97057882717573,13.489625879179085,1.074496,1.1163607590314846,0.10423221892216553
7246,179,11,244,117.35066339004173,18.24710413488517,1.074496,1.0667684206670522,0.06258942369638372
7247,165,11,244,111.6972749110691,12.03017003965639,1.074496,1.075416449672962,0.07012766979331246
7248,180,12,244,118.198846984818,16.032850706411114,1.074496,1.0558745702875685,0.052917810372448866
7249,214,12,244,105.84684145264733,10.733925477220682,1.074496,1.1123513799712583,0.10100349763054309
7250,179,12,244,116.97083058949693,15.163271227102761,1.074496,1.0581709147144376,0.05497308034603827
7251,165,12,244,111.15412529710919,12.261323155061095,1.074496,1.0792846705086259,0.07346038786158429
7252,180,13,244,115.97255702540912,15.648835530521595,1.074496,1.0642162062314262,0.060341315848615865
7253,214,13,244,105.81084572369,9.856983845210063,1.074496,1.1114594492361285,0.1002820654525283
7254,179,13,244,116.95740026471739,14.222999455590365,1.074496,1.0551560388196628,0.052272874144152576
7255,165,13,244,110.93995529198382,11.719113653249547,1.074496,1.0792004510926758,0.07338808190126907
7256,180,14,244,117.21156434005114,14.511424275490604,1.074496,1.0549943571072058,0.052127631524020945
7257,214,14,244,107.47151077334682,10.996537338380781,1.074496,1.1008477374224397,0.09160916082597201
7258,179,14,244,117.08024228775476,14.338947091897062,1.074496,1.0549988041659621,0.05213162702060302
7259,165,14,244,110.80257203560936,11.263974816643746,1.074496,1.078937949973209,0.07316264107233332
7260,180,15,244,112.57305891604578,10.79026530828908,1.074496,1.0669697605898305,0.06276631546971774
7261,214,15,244,108.61797624661081,10.0814422925535,1.074496,1.0910913401098525,0.08348644770719318
7262,179,15,244,117.80720049995395,13.147934253104784,1.074496,1.0480396162624226,0.04583759575209967
7263,165,15,244,108.09918426133382,14.745529245783471,1.074496,1.1048970126033586,0.09493827153736277
7264,180,8,14,126.01736801372793,18.782929674035515,1.3970571000000003,1.2854399340892495,0.22205622100225733
7265,214,8,14,107.00053749179261,13.560167815735182,1.3970571000000003,1.7574090302007297,0.43098050435886237
7266,179,8,14,121.2624461354669,17.711042341002468,1.3970571000000003,1.3616275548697512,0.2655847801966253
7267,165,8,14,110.05586695363532,21.10743158847847,1.3970571000000003,1.946118568897454,0.48615669364557995
7268,180,9,14,124.14670776814245,17.701688374280682,1.3970571000000003,1.291527524319208,0.2257230440929847
7269,214,9,14,107.37916242063439,15.593343590092584,1.3970571000000003,1.8179110380548338,0.44991807681084284
7270,179,9,14,119.86110767239268,17.680318460934284,1.3970571000000003,1.3991940538910765,0.2853028518674313
7271,165,9,14,110.9658245706631,19.34592349535313,1.3970571000000003,1.8096806396583311,0.44741631308560575
7272,180,10,14,122.96282803111689,17.95235932578746,1.3970571000000003,1.3269183336113497,0.24637411763059042
7273,214,10,14,108.44899047499622,15.482097017111863,1.3970571000000003,1.7572509341470086,0.43092931090947895
7274,179,10,14,119.01978947119181,18.03582366670352,1.3970571000000003,1.4373378354525743,0.304269340627821
7275,165,10,14,111.10674318408203,19.656333027216878,1.3970571000000003,1.8182153262753737,0.4500101360114994
7276,180,11,14,122.53193377165091,18.729713767053536,1.3970571000000003,1.3642103567474433,0.26697521752861875
7277,214,11,14,107.49803472804479,16.230827277844327,1.3970571000000003,1.8393887059510095,0.4563411220452312
7278,179,11,14,118.56522573762857,17.815197421453412,1.3970571000000003,1.443015430719916,0.30700671752269265
7279,165,11,14,111.43819267734403,19.616624326849163,1.3970571000000003,1.8003527136111679,0.4445532853425212
7280,180,12,14,122.41602578584691,18.065907171817376,1.3970571000000003,1.344162046621999,0.25604208025878233
7281,214,12,14,107.35248895832773,15.728505022833216,1.3970571000000003,1.8251602238300235,0.45210289653280894
7282,179,12,14,117.04346075605362,15.431483681253535,1.3970571000000003,1.4039674419739743,0.28773277064459357
7283,165,12,14,110.88687727594521,19.81970569171473,1.3970571000000003,1.8370872088290489,0.45566002789960336
7284,180,13,14,115.0561489335259,12.026514812024498,1.3970571000000003,1.3591022488571867,0.26422018590517454
7285,214,13,14,107.29590038559724,16.626513687998724,1.3970571000000003,1.86826983087771,0.4647454112502573
7286,179,13,14,116.81849431581645,14.912910559847896,1.3970571000000003,1.3932857183439598,0.28227212348908143
7287,165,13,14,110.56135737376505,19.99414979725419,1.3970571000000003,1.862028835585167,0.46295138888881016
7288,180,14,14,116.21785919145114,12.428503307077307,1.3970571000000003,1.3335932863663504,0.25014619507818164
7289,214,14,14,108.92763105358861,17.686681714338814,1.3970571000000003,1.8311443580339755,0.4538934106354897
7290,179,14,14,117.36494028678194,15.444148782210561,1.3970571000000003,1.3943503535909887,0.28282013381743315
7291,165,14,14,110.42302866787621,19.63659210422222,1.3970571000000003,1.8508193387469467,0.45969875121521786
7292,180,15,14,113.24515244740644,21.14393868342798,1.3970571000000003,1.7924815926815483,0.442114215240558
7293,214,15,14,108.71402633042783,19.79745792926428,1.3970571000000003,1.9479594157998488,0.4866422822318444
7294,179,15,14,117.91137654772501,20.04641581571086,1.3970571000000003,1.5548355084432044,0.35684514884712104
7295,165,15,14,107.96839644553921,19.11712468297667,1.3970571000000003,1.9532667979347775,0.4880371687793408
7296,180,8,109,119.64303520277433,17.093680570614776,1.277125,1.2381322261618408,0.1923318213758485
7297,214,8,109,106.83384402588703,14.923314911151216,1.277125,1.5080031848885256,0.3368714270494582
7298,179,8,109,119.88741475153647,18.63391634650771,1.277125,1.2636010317204116,0.2086109658849478
7299,165,8,109,112.92382283743213,22.933541679300415,1.277125,1.5134573385208887,0.3392611905550597
7300,180,9,109,117.67533909742956,15.584044401988752,1.277125,1.2453342857945946,0.19700275547947133
7301,214,9,109,107.26832522780673,16.448090619874574,1.277125,1.525085178761721,0.344298919217128
7302,179,9,109,118.82228512094456,19.703275450184066,1.277125,1.3050295959147709,0.23373385313990366
7303,165,9,109,113.76186636099052,20.819883005930777,1.277125,1.4412732146154807,0.3061690248182463
7304,180,10,109,116.53371598629447,15.848802038684122,1.277125,1.2726254818236011,0.21422286895665807
7305,214,10,109,108.2298351746409,15.964289834782576,1.277125,1.4849186523299553,0.32656243597524987
7306,179,10,109,117.93454824209675,19.83346000015792,1.277125,1.3252801226610942,0.24544254237205979
7307,165,10,109,113.90928135813729,21.358601942800995,1.277125,1.4502330811909823,0.3104556688372017
7308,180,11,109,116.07208492395263,16.88360022009522,1.277125,1.302468135924255,0.23222689874836597
7309,214,11,109,107.19446670835083,16.36569547317619,1.277125,1.5256955709025164,0.3445612486058042
7310,179,11,109,117.88914882391913,20.173110313509227,1.277125,1.3334635180598964,0.25007322175942565
7311,165,11,109,114.1980893469161,21.166291062537873,1.277125,1.4385801458462546,0.30487015069171336
7312,180,12,109,115.96759889663599,15.98138469255542,1.277125,1.2868261565878825,0.22289425430115894
7313,214,12,109,107.30764795768,14.675833708793279,1.277125,1.4880122414203876,0.3279625179390686
7314,179,12,109,118.6526443826273,19.540582620386953,1.277125,1.3049166001261294,0.23366750035723133
7315,165,12,109,113.73513162016982,21.738289235035047,1.277125,1.463587619414858,0.3167474316298195
7316,180,13,109,118.7681255823162,21.74375054914935,1.277125,1.3497463680361212,0.25912006604989174
7317,214,13,109,107.28647112635159,14.481360464548542,1.277125,1.4849927870409498,0.3265960557339568
7318,179,13,109,118.9484175320993,19.665728278719534,1.277125,1.301827916773199,0.23184931962538535
7319,165,13,109,113.4344486322749,22.18996977628762,1.277125,1.482055819315151,0.3252615812661537
7320,180,14,109,120.01934180875209,22.11374408244448,1.277125,1.3331690647741452,0.2499075875501117
7321,214,14,109,108.52713455250516,15.162423792727598,1.277125,1.459679960446206,0.31491831970186646
7322,179,14,109,118.49573678521406,18.905025422374248,1.277125,1.2948117637911745,0.22768696735344252
7323,165,14,109,113.25947505730966,21.472348411046504,1.277125,1.4693546736497258,0.31942912223084785
7324,180,15,109,117.29770492926012,20.28879010869606,1.277125,1.3482023840178847,0.25827159790370585
7325,214,15,109,112.27258946392874,21.76373675167031,1.277125,1.502248178811772,0.3343310285847932
7326,179,15,109,121.77099882247857,20.79206390659177,1.277125,1.2739143049544939,0.21501784216504147
7327,165,15,109,110.38746866340976,21.56476274607292,1.277125,1.5498632301941337,0.3547817765347324
7328,180,8,220,117.36070971397244,13.128489771109987,1.201502,1.1444879030172301,0.1262467717101374
7329,214,8,220,110.00646671230288,20.86543596059151,1.201502,1.3555241424503675,0.2622779862907421
7330,179,8,220,117.97899447554248,15.546663319013769,1.201502,1.1637291157821297,0.14069349435507517
7331,165,8,220,115.65655953252394,26.597824591764336,1.201502,1.3386398001929023,0.25297305529396574
7332,180,9,220,116.09007700149941,12.223176273139165,1.201502,1.151595237107729,0.1316393401282777
7333,214,9,220,110.303285813182,22.296911087117113,1.201502,1.3696351804472136,0.26987856746387034
7334,179,9,220,117.69651776523506,16.443227648648666,1.201502,1.1777722251211513,0.15093939331339284
7335,165,9,220,116.61656996097356,24.738854077317455,1.201502,1.2989894459226157,0.23017080459053035
7336,180,10,220,115.07122843362197,12.563512640783374,1.201502,1.1696695400157722,0.14505767159969327
7337,214,10,220,111.31623173766893,21.869386901643214,1.201502,1.3454744940361802,0.2567677763996991
7338,179,10,220,116.95682856622355,16.864691153378605,1.201502,1.1925109839678647,0.16143330045256205
7339,165,10,220,116.75179220974411,24.99383554526016,1.201502,1.3004286559121903,0.23102278971348375
7340,180,11,220,114.63200157641896,13.210553792365827,1.201502,1.1831556396095417,0.15480265949624827
7341,214,11,220,110.38989308680293,22.44143422677005,1.201502,1.370039346115079,0.2700939554505297
7342,179,11,220,117.0836511019257,17.518863725615738,1.201502,1.19874803982662,0.16579634186961065
7343,165,11,220,117.03959664759797,25.192171227131205,1.201502,1.2988840683660072,0.23010834888598072
7344,180,12,220,114.55280305171085,11.993251550149445,1.201502,1.1714020493867048,0.14632213549262907
7345,214,12,220,110.55103646924832,22.71554637891231,1.201502,1.3708811194741857,0.27054214563582335
7346,179,12,220,120.58193714602058,20.250531161703123,1.201502,1.188470888668236,0.1585826716205314
7347,165,12,220,116.45464616416744,26.267991640024913,1.201502,1.3220060097068127,0.2435737866110196
7348,180,13,220,123.07447850217838,23.756143696313398,1.201502,1.2030259152976235,0.16876271135638482
7349,214,13,220,110.56790730440694,22.734370627285696,1.201502,1.3708338931246404,0.2705170152157327
7350,179,13,220,120.97001127496758,20.281126292766277,1.201502,1.184344108152207,0.15565080020520175
7351,165,13,220,116.15429030747033,25.673938111846883,1.201502,1.318499661745366,0.2415621869206637
7352,180,14,220,124.37950391140191,23.11728810871249,1.201502,1.1813165281994742,0.15348682920388085
7353,214,14,220,111.90703489813428,23.058893747534405,1.201502,1.3514731700372273,0.2600667018994878
7354,179,14,220,120.03830123463378,19.101170003707118,1.201502,1.1808770054179079,0.1531717567435367
7355,165,14,220,116.11693039941696,25.012689054878738,1.201502,1.3101184941697563,0.23671026365159706
7356,180,15,220,112.95411195602684,17.81645342595337,1.201502,1.2639026969217613,0.208799852682091
7357,214,15,220,111.92881186447983,22.410504066201604,1.201502,1.3421663067092986,0.2549358488578188
7358,179,15,220,121.39813718405425,21.096834764246807,1.201502,1.1893750513673247,0.15922231692149258
7359,165,15,220,113.12103278228437,25.444109444397476,1.201502,1.3637289236920644,0.26671644002924727
7360,180,8,19,121.57195705928959,16.6017209512996,1.197338,1.1316613101385729,0.11634338733596081
7361,214,8,19,110.99904865343355,22.503615084635204,1.197338,1.3502461079998775,0.2593942733289547
7362,179,8,19,119.15507523363395,16.8196986504012,1.197338,1.1602062555058796,0.13808428867333214
7363,165,8,19,116.13045881577946,27.794972381320108,1.197338,1.3377990051944384,0.25250355537926417
7364,180,9,19,120.72371328248424,16.1143277686053,1.197338,1.1350722130006636,0.11899878391312946
7365,214,9,19,111.51022708110698,24.236180863302142,1.197338,1.3645563260646758,0.267161068474206
7366,179,9,19,118.80926645235517,18.21318665173076,1.197338,1.1803990092869712,0.15282883827218946
7367,165,9,19,116.97832984176385,26.12296229038845,1.197338,1.3036893279462791,0.2329460872589065
7368,180,10,19,119.74978699289254,16.626178622786593,1.197338,1.151251204539718,0.13137984476653802
7369,214,10,19,112.46299209975452,23.96090322597085,1.197338,1.3447668700114341,0.2563766833492133
7370,179,10,19,118.08497670179115,18.635832811117567,1.197338,1.194339328709449,0.16271701353035375
7371,165,10,19,117.15870684345964,26.391824514981504,1.197338,1.3046006640716106,0.23348191708025284
7372,180,11,19,119.37309084705967,17.81543987458219,1.197338,1.169079576777945,0.14462623429274046
7373,214,11,19,111.6525226185306,24.459287060495726,1.197338,1.3651063711769469,0.26745635276917284
7374,179,11,19,118.07722430194599,18.879019152386338,1.197338,1.1973545113973572,0.16482546273370374
7375,165,11,19,117.42973035183994,26.510409873775487,1.197338,1.3022953493232599,0.23212503176053587
7376,180,12,19,119.24786955905597,16.80908450819467,1.197338,1.159012296974402,0.13719638470575593
7377,214,12,19,111.6195515345826,24.56524126982147,1.197338,1.3670925975464077,0.26852065339630093
7378,179,12,19,119.65068474209795,18.963432754682028,1.197338,1.1792363397094705,0.1519935687816652
7379,165,12,19,116.96239779570443,26.975948126249715,1.197338,1.3149734089600067,0.23952834849270038
7380,180,13,19,117.90754988917985,18.079256594810047,1.197338,1.1899405909864849,0.15962191089642572
7381,214,13,19,111.70977953609436,24.672729137566666,1.197338,1.366989358381145,0.26846540986665146
7382,179,13,19,119.0768217019679,18.548396429051884,1.197338,1.181130943746097,0.1533538213566895
7383,165,13,19,116.68279243992949,26.87251265005661,1.197338,1.3176746100138705,0.24108729696971737
7384,180,14,19,119.19653755995247,17.970493201378346,1.197338,1.1729447687708368,0.14744493805285533
7385,214,14,19,113.42655663609975,25.492967888252757,1.197338,1.3494149838729776,0.2589381235934672
7386,179,14,19,119.38127270590594,18.351250223665872,1.197338,1.175211265919833,0.14908916464708658
7387,165,14,19,116.47393933029203,26.692342773668834,1.197338,1.3183749351792622,0.24149043393029318
7388,180,15,19,117.85032074784598,22.675122514495975,1.197338,1.2473197054370213,0.19828092537860478
7389,214,15,19,114.5253577013162,26.494329268471503,1.197338,1.3452374919532095,0.25663683477327415
7390,179,15,19,124.21435422821096,24.092190587107357,1.197338,1.1895319380666431,0.15933320661796696
7391,165,15,19,113.74148033322466,26.096403016145896,1.197338,1.3523727480779542,0.26055889441632146
7392,180,8,130,121.22397654889693,15.873939583349355,1.307215,1.2161894012718015,0.17775964915146156
7393,214,8,130,110.77306011098634,21.239040835872895,1.307215,1.6154547828945438,0.38097926937440035
7394,179,8,130,119.81105545599291,17.156105863915435,1.307215,1.2697424689715544,0.21243872325546145
7395,165,8,130,115.58925030487663,25.83513517106102,1.307215,1.6049757532587274,0.3769376278927519
7396,180,9,130,120.19756652369749,15.291650925918441,1.307215,1.2225595793949728,0.18204395364119136
7397,214,9,130,111.09431894019833,22.40073891458428,1.307215,1.6400924112618536,0.3902782592411238
7398,179,9,130,119.43528424720407,18.72545059226288,1.307215,1.313651762108143,0.23876324849197164
7399,165,9,130,116.45548838004795,23.81917707051502,1.307215,1.5208977723630002,0.3424936125415502
7400,180,10,130,119.16336163209913,15.709333658293481,1.307215,1.250893927796443,0.2005717049393742
7401,214,10,130,112.0955371051692,21.74916419942558,1.307215,1.587881264400039,0.3702299898488711
7402,179,10,130,118.64230411127969,19.10100268300059,1.307215,1.339876611366423,0.25366261973915094
7403,165,10,130,116.61531969040092,24.21540993952539,1.307215,1.5280293614365645,0.3455623136326006
7404,180,11,130,118.77203889592283,16.878650927253407,1.307215,1.2845389210983915,0.22151054859052943
7405,214,11,130,110.9539395815414,22.50610921976272,1.307215,1.648017660896007,0.3932103861943371
7406,179,11,130,118.52726436332883,19.55878127920351,1.307215,1.3538203096393002,0.26134953591704424
7407,165,11,130,116.88624060056053,24.067279282930645,1.307215,1.5164170160502501,0.3405507921530323
7408,180,12,130,118.63141009057051,15.696273944632695,1.307215,1.2612646691888219,0.20714499943683776
7409,214,12,130,111.17163964446551,21.896558848139765,1.307215,1.6221412175772465,0.38353086083741045
7410,179,12,130,120.06233769865256,19.317083618513635,1.307215,1.3147471964450843,0.23939750341063457
7411,165,12,130,116.41017790454953,25.24478161208459,1.307215,1.5638580094477095,0.3605557576463358
7412,180,13,130,119.90667265024081,19.50797542307343,1.307215,1.322589394532576,0.24390744086269053
7413,214,13,130,111.1858915780185,21.70807731108731,1.307215,1.6159638061519939,0.3811742588584052
7414,179,13,130,120.16013059029505,18.921141288012798,1.307215,1.3033158350216776,0.23272627161522413
7415,165,13,130,116.13199202310122,25.068733903120012,1.307215,1.5664675108520842,0.36162097645035274
7416,180,14,130,121.17261520978525,18.37521391258582,1.307215,1.2708544225976015,0.21312781210925827
7417,214,14,130,112.36910681749461,21.72890718667134,1.307215,1.5786756966494446,0.36655767734792927
7418,179,14,130,119.96634209243817,18.255675724261174,1.307215,1.2916641748823243,0.2258049580951613
7419,165,14,130,115.97478353546136,24.284340985234735,1.307215,1.5477371833622977,0.353895473501771
7420,180,15,130,118.33057973861074,24.672037541569942,1.307215,1.49585662007713,0.3314867303602683
7421,214,15,130,114.39736944547032,25.669782080243177,1.307215,1.6355560248353487,0.3885871319506344
7422,179,15,130,124.07553799687342,23.500946279792828,1.307215,1.3369076916710516,0.252005201084555
7423,165,15,130,113.26900646979095,25.16590944386121,1.307215,1.6550994820560003,0.3958067108100485
7424,180,8,241,121.15128638853793,18.73951607730726,1.288519,1.2571419664113885,0.2045448909365588
7425,214,8,241,107.75814444627764,15.69083015906518,1.288519,1.5201200983545653,0.34215724067957703
7426,179,8,241,119.21647659902588,17.62239054612503,1.288519,1.2693637651919418,0.21220376111115086
7427,165,8,241,111.33019184222479,19.591407884464996,1.288519,1.5030038631402625,0.334665715422264
7428,180,9,241,119.55448298927153,17.49653446014021,1.288519,1.2604247135841449,0.20661663547011938
7429,214,9,241,108.06652443440156,16.78448643513639,1.288519,1.534800716823183,0.3484496136606866
7430,179,9,241,118.49207389528738,18.970339779768977,1.288519,1.3124493364203753,0.23806582680940783
7431,165,9,241,112.27110236507148,17.648405021571428,1.288519,1.429407323000216,0.30040934874946845
7432,180,10,241,118.49432928819093,18.25144486721861,1.288519,1.296748806668772,0.22884062444683662
7433,214,10,241,109.15404918217384,16.221062626741645,1.288519,1.4872291260916244,0.3276086499005315
7434,179,10,241,117.56935525412621,19.208894344738574,1.288519,1.3370815050654496,0.25210243637985974
7435,165,10,241,112.41293334898207,18.128243615323925,1.288519,1.4368466829549191,0.3040315213426464
7436,180,11,241,118.01119273620596,19.551160442447134,1.288519,1.335405587746476,0.25116383428684
7437,214,11,241,108.04015591107688,16.642577371121167,1.288519,1.5323657178021337,0.34741427037776845
7438,179,11,241,117.38639572618894,18.974572750943253,1.288519,1.3357322504326035,0.25134696742095575
7439,165,11,241,112.70071324222867,17.545895568805044,1.288519,1.4154686233550462,0.2935201928886791
7440,180,12,241,117.9206626264345,18.118376394323235,1.288519,1.305534723727069,0.23403033115413563
7441,214,12,241,108.09761858871745,15.228031285232209,1.288519,1.498958673379441,0.3328701999865853
7442,179,12,241,118.27150672157202,18.55209330137109,1.288519,1.3077758592864877,0.23534297341626093
7443,165,12,241,112.10892618508579,18.488101944271612,1.288519,1.453776829065851,0.31213651228533684
7444,180,13,241,118.9225767879993,22.26073608277512,1.288519,1.3789434752679959,0.27480711288354204
7445,214,13,241,107.91703368531361,14.866184531956335,1.288519,1.497189126293346,0.33208171069493275
7446,179,13,241,118.45708073251134,18.47010617516111,1.288519,1.3022233403990349,0.2320825706490761
7447,165,13,241,111.83338931621914,18.854599786930677,1.288519,1.4703556660450225,0.31989244296938707
7448,180,14,241,120.16656769793866,20.822515456616156,1.288519,1.3202031005658337,0.24254078817766442
7449,214,14,241,109.33546915328321,15.509897736715509,1.288519,1.465895599806145,0.31782317913209956
7450,179,14,241,118.33749839022006,18.03670709412544,1.288519,1.2952851016235116,0.2279691947768109
7451,165,14,241,111.79076529611419,17.776498186823254,1.288519,1.445629238213346,0.30825970202712516
7452,180,15,241,112.32330921370989,13.119767622522835,1.288519,1.3323494284719133,0.24944614480984065
7453,214,15,241,109.13084719553304,16.363145795629684,1.288519,1.4911641974707373,0.3293830406496035
7454,179,15,241,118.36346100855619,16.04875151217477,1.288519,1.2536320256807791,0.20231776189910705
7455,165,15,241,109.23794997807511,18.57997548546611,1.288519,1.5406965189844657,0.3509429094711399
7456,180,8,11,120.80112888743005,14.98645650219221,1.184233,1.113093171476669,0.10160261007318512
7457,214,8,11,111.80450922066457,19.937598746365822,1.184233,1.2781685019230489,0.2176305404995779
7458,179,8,11,119.29281905455805,15.577828333802602,1.184233,1.1338337753942764,0.11803650437890459
7459,165,8,11,114.17767016747369,23.031872658117035,1.184233,1.2792642274077697,0.21830066175902946
7460,180,9,11,119.99311528649824,14.53876024721612,1.184233,1.1165353155066875,0.10437226112619946
7461,214,9,11,111.9972615658879,21.338856191935626,1.184233,1.291470406423741,0.22568880012579043
7462,179,9,11,119.07143871429444,17.09194036545376,1.184233,1.1516146902366347,0.13165400851692918
7463,165,9,11,115.00406664421278,20.715565330074377,1.184233,1.2409099528042995,0.19413975386358492
7464,180,10,11,118.96786709646622,14.774527448201717,1.184233,1.1292533732929908,0.11445914296105036
7465,214,10,11,113.02714493999622,20.62919098610477,1.184233,1.2677817638360986,0.21122070964787754
7466,179,10,11,118.22384238619719,18.21965776849324,1.184233,1.1729274335843256,0.14743233778400092
7467,165,10,11,115.1592780346462,20.976635031358615,1.184233,1.2418106640927116,0.19472426118146008
7468,180,11,11,118.59507276476972,15.678843038705152,1.184233,1.1422769056971904,0.12455553026378617
7469,214,11,11,111.52283586766302,21.352576013039585,1.184233,1.2989531731386281,0.23014930739672088
7470,179,11,11,118.12115261327146,18.017048849501165,1.184233,1.1719326105928427,0.1467086153578981
7471,165,11,11,115.47771869406373,21.067789239542822,1.184233,1.2385964907953126,0.19263456062442735
7472,180,12,11,118.4209131459207,14.731556788539043,1.184233,1.1346734845680129,0.11868919684792412
7473,214,12,11,111.95133442836229,20.77151676288659,1.184233,1.285556562716387,0.22212679783844333
7474,179,12,11,120.36994003400073,18.27462521806587,1.184233,1.1502810212013435,0.13064722309717958
7475,165,12,11,114.97732610289725,22.145807402836944,1.184233,1.2577896532114914,0.20495450296739345
7476,180,13,11,121.31380727058648,19.069862235477675,1.184233,1.1490635562552804,0.12972611953778118
7477,214,13,11,111.82968703447422,20.53268512294537,1.184233,1.2846504580813483,0.22157813924456893
7478,179,13,11,120.59473742286016,17.969253676614354,1.184233,1.1448385090673425,0.12651435806901454
7479,165,13,11,114.69932733508128,22.010218763421488,1.184233,1.2600299435109594,0.20636806676705596
7480,180,14,11,122.59383076050777,18.35345431868387,1.184233,1.1296367608979654,0.11475968681730503
7481,214,14,11,112.72291887147759,20.121134664435832,1.184233,1.2664069562711255,0.21036441323375862
7482,179,14,11,120.14220125902949,17.16167954452534,1.184233,1.141123180495983,0.12367041780243612
7483,165,14,11,114.69425558207797,21.171549825909175,1.184233,1.2503805191266146,0.20024345812865377
7484,180,15,11,116.4165458291193,21.61661601137489,1.184233,1.2326228923160667,0.1887218660031328
7485,214,15,11,112.93676325115501,21.751797373902495,1.184233,1.282183600534359,0.22008049425741913
7486,179,15,11,122.49136258934703,20.657629104633713,1.184233,1.1541289382490434,0.13354568379757992
7487,165,15,11,112.01526756748116,22.62706901612325,1.184233,1.3063516463570888,0.23450932772304106
7488,180,8,96,124.6263454995051,27.66210418396877,1.2985520000000002,1.412171115485623,0.29187051835703626
7489,214,8,96,104.97896506912572,15.426322559043495,1.2985520000000002,1.6394969868675104,0.3900568235196085
7490,179,8,96,121.17060778215479,25.261088492317633,1.2985520000000002,1.4244236645490724,0.29796167749251173
7491,165,8,96,109.88862041914895,26.619002878229768,1.2985520000000002,1.7802077669983158,0.4382678142753289
7492,180,9,96,122.59981158547637,25.38893982933977,1.2985520000000002,1.3972170474188657,0.28429158386856246
7493,214,9,96,105.48623426683517,17.634929084877268,1.2985520000000002,1.6750559356329422,0.40300501092094176
7494,179,9,96,119.41977643185297,25.139683295821516,1.2985520000000002,1.4610750302937003,0.315572452292896
7495,165,9,96,110.75653532177819,25.6022508160095,1.2985520000000002,1.719523996243539,0.41844370756988936
7496,180,10,96,121.50179225734935,26.532488202554653,1.2985520000000002,1.4497825769083699,0.31024140038123615
7497,214,10,96,106.52136441078841,17.634768376452,1.2985520000000002,1.6362373154046548,0.38884170982698074
7498,179,10,96,118.52278650104755,26.13188305779683,1.2985520000000002,1.509413587207656,0.3374910571396453
7499,165,10,96,110.896670371962,26.04637307540678,1.2985520000000002,1.7283203071698918,0.42140354663916985
7500,180,11,96,121.06448690992458,28.437620713849476,1.2985520000000002,1.5096989887553076,0.33761630136318505
7501,214,11,96,105.86599684600642,18.531772800139528,1.2985520000000002,1.684743050644471,0.4064376762869173
7502,179,11,96,117.99637511183812,25.283010306627567,1.2985520000000002,1.4995214480215764,0.3331205756880837
7503,165,11,96,111.20618675235534,25.788206942544676,1.2985520000000002,1.7102454529555542,0.4152886076838539
7504,180,12,96,120.91658129191963,27.624327687247508,1.2985520000000002,1.4916505894247423,0.3296017129684159
7505,214,12,96,105.5905877479035,17.700842211656237,1.2985520000000002,1.672813149292925,0.40220460341151304
7506,179,12,96,116.51167765300337,21.441196945979083,1.2985520000000002,1.4340034976408798,0.3026516311535302
7507,165,12,96,110.66392428329573,26.332590804220125,1.2985520000000002,1.7448443996982046,0.42688299302048704
7508,180,13,96,113.52187489660497,20.05846385492746,1.2985520000000002,1.4761654029433868,0.32256913892842975
7509,214,13,96,105.60116242989945,17.717855666109536,1.2985520000000002,1.6728607449310233,0.40222161167322223
7510,179,13,96,116.3622291874728,21.003272302358823,1.2985520000000002,1.4263421885728713,0.29890596519440304
7511,165,13,96,110.36161582978703,26.6331347999767,1.2985520000000002,1.7643144923317626,0.43320762576836586
7512,180,14,96,114.74403400659,18.905476907565298,1.2985520000000002,1.413718361802041,0.2926455317979189
7513,214,14,96,107.4622732894963,19.075358283064904,1.2985520000000002,1.6410330358239829,0.390627745956444
7514,179,14,96,116.82186256551611,21.599546637241044,1.2985520000000002,1.430468519331999,0.3009283416687978
7515,165,14,96,110.20124401193958,25.518205128365324,1.2985520000000002,1.7356892792311174,0.4238600122926472
7516,180,15,96,113.69982694341536,19.418795389518248,1.2985520000000002,1.4545123187614435,0.31248433780779045
7517,214,15,96,108.90443209425486,22.087530194191817,1.2985520000000002,1.6768476314831604,0.40364289442594925
7518,179,15,96,118.11789089066006,23.234646198725986,1.2985520000000002,1.4418028931745563,0.3064239191543002
7519,165,15,96,107.70979110522696,24.691498887801643,1.2985520000000002,1.7986235955001346,0.4440193031483417
7520,180,8,176,122.53124666742119,17.558943804625123,1.481957,1.43329663537558,0.30230771822194313
7521,214,8,176,108.46772725035758,19.443847971554472,1.481957,2.3041777744018237,0.5660057088001358
7522,179,8,176,120.10159189669326,18.1574786964588,1.481957,1.5517056490267134,0.35554787686231815
7523,165,8,176,111.90231663411299,25.066709854160337,1.481957,2.548876264098873,0.607670245086009
7524,180,9,176,121.30837071635963,17.002908929893632,1.481957,1.44709388459192,0.3089598327740845
7525,214,9,176,108.83235987410401,20.852590065509393,1.481957,2.3984123810230336,0.583057522587732
7526,179,9,176,119.19208741765101,19.5202185209614,1.481957,1.6696913817846455,0.4010869248596393
7527,165,9,176,112.82144716919436,22.63712387634413,1.481957,2.2601258836373033,0.5575467688593242
7528,180,10,176,120.29915035903565,17.515681179942217,1.481957,1.5094314643466564,0.33749890364658536
7529,214,10,176,109.86144014222687,20.36238290484177,1.481957,2.276670284787277,0.5607620450435861
7530,179,10,176,118.40020958270547,19.96229373273041,1.481957,1.7340320708852808,0.42330939733457934
7531,165,10,176,112.98162524603124,23.17167321774027,1.481957,2.295526445169742,0.5643700807262731
7532,180,11,176,119.89838356094575,19.008036511996472,1.481957,1.6084703409872931,0.3782913029119385
7533,214,11,176,108.50839699694134,20.530214897102187,1.481957,2.3953368240332282,0.5825221781059514
7534,179,11,176,118.13562051129362,20.20160500696584,1.481957,1.762458530502217,0.4326107634912422
7535,165,11,176,113.29329124863305,22.89720913266413,1.481957,2.2500794523738565,0.555571249297446
7536,180,12,176,119.73195203448766,17.666496303462708,1.481957,1.5392883470398582,0.3503491389881183
7537,214,12,176,108.75277141468469,20.374677216617407,1.481957,2.3622929014092935,0.576682468374933
7538,179,12,176,118.03023061599009,18.126634249440052,1.481957,1.6365525045209026,0.3889594148445925
7539,165,12,176,112.68727653842886,25.43797549787359,1.481957,2.523527247105513,0.6037292638123878
7540,180,13,176,116.06507672287093,15.620984149219387,1.481957,1.5829200672282782,0.36825616106376224
7541,214,13,176,108.58471971144598,20.01685868259388,1.481957,2.3441963196543827,0.5734145678773886
7542,179,13,176,118.06110496662139,17.889774742303516,1.481957,1.6212474712688076,0.38319101943308626
7543,165,13,176,112.42665937826573,24.245420016085365,1.481957,2.432086053167864,0.5888303381792472
7544,180,14,176,117.3203388539891,14.811173323763043,1.481957,1.4883155664173842,0.32809948201565786
7545,214,14,176,109.72819986972056,19.625408563510064,1.481957,2.224606863813678,0.5504823722940041
7546,179,14,176,118.11504060403203,17.292119658326282,1.481957,1.584719826580351,0.3689736297690623
7547,165,14,176,112.40642894109152,22.78552407865148,1.481957,2.302198097221228,0.5656325138974756
7548,180,15,176,118.50513401401595,32.817369105030096,1.481957,2.779601267990303,0.6402361692966789
7549,214,15,176,112.55737617788128,25.2996339574155,1.481957,2.5203988683702376,0.603237403194587
7550,179,15,176,122.07987886857862,24.385165062274215,1.481957,1.8628075763010807,0.4631759003333726
7551,165,15,176,109.6514286493864,24.291800478931076,1.481957,2.656145030526806,0.623514533842429
7552,180,8,201,119.03416318190153,14.535469771748332,1.181334,1.1239889413174105,0.1103115313324034
7553,214,8,201,107.09775955109609,13.421057198261442,1.181334,1.286100895391967,0.22245602690819338
7554,179,8,201,118.9439766729401,15.77394984407815,1.181334,1.1369852896324015,0.1204811450785702
7555,165,8,201,113.78266791223442,20.438751561090765,1.181334,1.2497664628670682,0.19985050830543422
7556,180,9,201,117.34780431875103,13.425103340188391,1.181334,1.131514022808654,0.11622836319978495
7557,214,9,201,107.57821436531898,14.964474712846368,1.181334,1.2907216100837793,0.22523959296296966
7558,179,9,201,118.13409052720868,17.241364427573657,1.181334,1.1605562911305487,0.1383442512505307
7559,165,9,201,114.72127471060861,18.053606019921737,1.181334,1.2107538991553504,0.17406832164850108
7560,180,10,201,116.30109549952864,13.606304101276846,1.181334,1.145449403907333,0.12698020830180634
7561,214,10,201,108.55444640483726,14.261768057735393,1.181334,1.2667911613650618,0.21060390181249325
7562,179,10,201,117.18117322299332,17.13195925696226,1.181334,1.1703032272204261,0.14552059949873963
7563,165,10,201,114.88872966188195,18.595253183197137,1.181334,1.214395410606801,0.17654497763596888
7564,180,11,201,115.84452969524607,14.54276012110665,1.181334,1.1601176288906414,0.1380184430468084
7565,214,11,201,107.88750622363408,15.657306598214983,1.181334,1.2916905620775563,0.22582077367539244
7566,179,11,201,117.19647486609462,17.777046464517046,1.181334,1.1768659836485806,0.1502855772075692
7567,165,11,201,115.13472232079829,18.558528657081116,1.181334,1.2107717219376357,0.1740804795146117
7568,180,12,201,115.73129603455048,13.593246765173287,1.181334,1.1523047992271525,0.13217405614322084
7569,214,12,201,107.80615254864853,13.279254250350807,1.181334,1.2717325819685965,0.21367116469404612
7570,179,12,201,118.33974600555887,17.208279935665256,1.181334,1.1579377407601097,0.13639571040877724
7571,165,12,201,114.60267250043529,19.23669591508969,1.181334,1.225205659156716,0.1838104953838692
7572,180,13,201,117.86973921627903,17.802195309078847,1.181334,1.169349498711969,0.14482368094270054
7573,214,13,201,107.9140780845086,12.977117466025103,1.181334,1.2672620565848223,0.2108972293426616
7574,179,13,201,118.34981966213944,16.44956336824529,1.181334,1.150094221169854,0.13050602151289914
7575,165,13,201,114.28473662299137,19.483337218897507,1.181334,1.2322138407224494,0.1884525502377915
7576,180,14,201,119.13753019530209,17.369061476365847,1.181334,1.1509718581701656,0.13116902650442136
7577,214,14,201,109.61200221517922,14.513992554899097,1.181334,1.25087420479331,0.20055910005336108
7578,179,14,201,118.13475398152693,15.908298519715768,1.181334,1.1470010951412777,0.12816125090375033
7579,165,14,201,114.16607932768588,18.8007385312925,1.181334,1.226323552073392,0.1845545180068817
7580,180,15,201,115.78181248465476,18.28338563246796,1.181334,1.1994976392918106,0.16631765895729067
7581,214,15,201,112.44278123215162,18.61711845169471,1.181334,1.2486947808618145,0.19916378659817274
7582,179,15,201,121.95558903908326,18.01908459828665,1.181334,1.129730884240892,0.11483344046849082
7583,165,15,201,111.37557306544355,20.263279901144912,1.181334,1.2829948101356734,0.22057362032956893
7584,180,8,210,119.9976021404315,11.414635967484081,1.119558,1.0554461937445558,0.05253341579435852
7585,214,8,210,107.4088580397772,13.11514388396181,1.119558,1.1749835642382513,0.14892426546552948
7586,179,8,210,117.85259679946327,11.966911955489932,1.119558,1.0721034717028552,0.06725420969706503
7587,165,8,210,110.10498882240984,15.45823772101496,1.119558,1.157381462532172,0.13598063182025186
7588,180,9,210,118.67062257312101,10.968185062298955,1.119558,1.0612291356680883,0.057696432947576384
7589,214,9,210,107.65516972424672,14.320687035431368,1.119558,1.1776117376525637,0.15082368150186126
7590,179,9,210,117.25364303360938,12.953762411036225,1.119558,1.0817492209515112,0.07557132408156873
7591,165,9,210,111.06887932106875,14.080855251005001,1.119558,1.1405228250243293,0.12320913000696126
7592,180,10,210,117.62736904632898,10.967250703343774,1.119558,1.068262767702229,0.06390072720502858
7593,214,10,210,108.76481980528314,13.711112983187824,1.119558,1.162498608619656,0.13978391665569898
7594,179,10,210,116.28159047214821,13.21425998401908,1.119558,1.0903643695281295,0.08287538739663328
7595,165,10,210,111.20307583616581,14.346009110928662,1.119558,1.1406045519031454,0.12327195404274068
7596,180,11,210,117.18587098576022,11.40498622125737,1.119558,1.073756187895409,0.06868988391114472
7597,214,11,210,107.59374563350033,14.760518198532118,1.119558,1.180395212469409,0.1528261132913432
7598,179,11,210,116.18788821659177,13.199601640845039,1.119558,1.0909956640759026,0.08340607306902359
7599,165,11,210,111.49717542037138,14.433821703564098,1.119558,1.138231763697922,0.12144430344206038
7600,180,12,210,117.08182555374192,10.632873378082612,1.119558,1.0703925053547079,0.06576326441241395
7601,214,12,210,107.6548567157741,14.157376460197314,1.119558,1.176849651265599,0.15027378482494572
7602,179,12,210,117.13936353988524,12.952002550045883,1.119558,1.0825600667609874,0.07626372826406441
7603,165,12,210,110.87788998774053,15.223107992775741,1.119558,1.1484684016369524,0.12927512975135858
7604,180,13,210,117.6973258231248,12.446354820530047,1.119558,1.0758089604561885,0.07046693534142182
7605,214,13,210,107.46005489887072,14.467081765768143,1.119558,1.1804905299447688,0.15289451746234112
7606,179,13,210,117.24817960405092,12.72898197914445,1.119558,1.0805408184028167,0.07453750661809032
7607,165,13,210,110.58546783661633,14.68217213108751,1.119558,1.1484528603759347,0.1292633468014875
7608,180,14,210,118.97059178307278,12.284072693650023,1.119558,1.0664337693394084,0.062295260380361074
7609,214,14,210,108.8431212499916,15.011923433408205,1.119558,1.16806215995995,0.14388117834902941
7610,179,14,210,116.9875080941546,12.18354766120394,1.119558,1.0794221149314178,0.07357836552798808
7611,165,14,210,110.56333345498948,14.450038976931548,1.119558,1.1474545746893188,0.12850580575640053
7612,180,15,210,111.84861969778628,14.189317978930513,1.119558,1.1335763000425894,0.11783617921226017
7613,214,15,210,108.00397936367956,14.784703271883894,1.119558,1.1759778166604653,0.14964382335051696
7614,179,15,210,117.14125866975851,14.551577760655421,1.119558,1.091573942182724,0.08389165281795903
7615,165,15,210,108.0167046295012,14.759711625735193,1.119558,1.1757157458479888,0.14945427623005356
7616,180,8,148,122.73282716390922,15.582385968544196,1.326444,1.2002706350191068,0.16685456527553783
7617,214,8,148,109.77314374893555,17.701116346994333,1.326444,1.5947518123827893,0.37294318010157596
7618,179,8,148,118.85243880981587,14.210491698508243,1.326444,1.243210237830503,0.1956308196551884
7619,165,8,148,113.90696299897944,20.552945319095567,1.326444,1.5441993311452435,0.35241520972661106
7620,180,9,148,121.8313106278086,15.275391345501994,1.326444,1.2092474162946334,0.17303937430423272
7621,214,9,148,110.15773826327658,19.135511910941357,1.326444,1.6258875095399854,0.38495129943957107
7622,179,9,148,118.48586767387032,15.483051725875997,1.326444,1.2802894879541888,0.21892664947368382
7623,165,9,148,114.79970358318685,18.533045224846347,1.326444,1.4554350964574605,0.3129202377804361
7624,180,10,148,120.82593723507868,15.493303374175673,1.326444,1.2324377907966804,0.18860001902929838
7625,214,10,148,111.23746229706748,18.50580601895103,1.326444,1.5676376634832343,0.3620974901955111
7626,179,10,148,117.70335436778942,15.660132912502721,1.326444,1.302326461891468,0.23214337628706114
7627,165,10,148,114.97532504299359,19.00422089461051,1.326444,1.4642103740487133,0.3170380310618325
7628,180,11,148,120.45935600797975,16.25129219949465,1.326444,1.2568993619192679,0.20439135359810043
7629,214,11,148,110.65116059130393,19.867781409086806,1.326444,1.6318563098963035,0.38720094781902387
7630,179,11,148,117.4934241479941,15.90377323446651,1.326444,1.313257191276385,0.23853453333990363
7631,165,11,148,115.33822487649145,19.002502899595637,1.326444,1.4537011866569944,0.3121007197499432
7632,180,12,148,120.30854850911518,15.320364259184425,1.326444,1.238551401885518,0.1926051688467329
7633,214,12,148,110.40732323158367,19.07716871419317,1.326444,1.6149549845965574,0.38078769406082447
7634,179,12,148,118.3336079292326,15.08993401296032,1.326444,1.2743876784935968,0.21530942516482865
7635,165,12,148,114.70717180825773,18.819413107063255,1.326444,1.4665679657476622,0.3181359314021318
7636,180,13,148,116.89841629702921,13.187338176785605,1.326444,1.2637209382932166,0.20868605583871905
7637,214,13,148,110.37480435477613,19.0374770286862,1.326444,1.614854487454274,0.3807491586585966
7638,179,13,148,117.90142455779946,14.370266351420193,1.326444,1.2673524660106321,0.21095352175563545
7639,165,13,148,114.39599342772578,19.38808550987365,1.326444,1.4928877926731208,0.3301572931952042
7640,180,14,148,118.14740664937614,13.395256336418198,1.326444,1.24029623413491,0.19374100115889925
7641,214,14,148,112.43093797318348,20.163809599054566,1.326444,1.5796612234056235,0.3669528724367369
7642,179,14,148,118.23710142270112,14.200475585352768,1.326444,1.2561063242025041,0.2038890492531393
7643,165,14,148,114.24187088015044,18.96177501489878,1.326444,1.4846510415361422,0.32644104774592847
7644,180,15,148,113.85293699938562,16.28077660840321,1.326444,1.4195446506758258,0.295548752535601
7645,214,15,148,111.45318687880068,17.810862231797334,1.326444,1.5390310306136104,0.3502405214004679
7646,179,15,148,120.88227369638011,17.686138840281163,1.326444,1.2827559391818206,0.22042847789281775
7647,165,15,148,111.83962120547544,19.296825263029092,1.326444,1.5718590733984013,0.3638106513976642
7648,180,8,98,125.45007452719486,18.890207641953868,1.309016,1.2114082723475614,0.17451446978967544
7649,214,8,98,110.4575563481458,18.09088003858768,1.309016,1.5394611484500378,0.35042206098749473
7650,179,8,98,120.99635778461085,17.03987628960993,1.309016,1.246531487818774,0.19777397540928854
7651,165,8,98,113.32124690070486,16.344544857376114,1.309016,1.4067238143493928,0.2891284061594577
7652,180,9,98,124.66909201465785,18.635486937594038,1.309016,1.2181466357654163,0.1790807685713017
7653,214,9,98,110.82737099704336,19.16563916825528,1.309016,1.5576411940644317,0.358003625089903
7654,179,9,98,120.40912478415476,19.123399735748677,1.309016,1.3054727282890124,0.2339939561122607
7655,165,9,98,114.2150542485229,14.727122400757269,1.309016,1.3442065852643441,0.2560667303952051
7656,180,10,98,123.61726242913521,19.164295125469568,1.309016,1.2466202347218491,0.19783108588549103
7657,214,10,98,111.86682229136515,18.319172041134696,1.309016,1.5009739766473862,0.3337659309499652
7658,179,10,98,119.62093879617201,19.00226916588832,1.309016,1.3189015803562858,0.24179331127204978
7659,165,10,98,114.3930647513765,15.095104470491606,1.309016,1.3479550295551044,0.25813548814751464
7660,180,11,98,123.32628060055987,20.782921307756144,1.309016,1.2884522020078546,0.22387497305553608
7661,214,11,98,110.61595589475125,18.927347768277627,1.309016,1.5577519910590572,0.3580492878586292
7662,179,11,98,119.284406795865,19.371799601766163,1.309016,1.3351706193873418,0.2510320512753184
7663,165,11,98,114.67107309873474,14.879920422615244,1.309016,1.335873311482966,0.2514260211622236
7664,180,12,98,123.14986294818468,19.479580819829664,1.309016,1.2617264821475636,0.2074351976048591
7665,214,12,98,110.70100380617038,16.825925737283182,1.309016,1.4975487172042021,0.33224209101730184
7666,179,12,98,118.85481043056166,16.642294272449394,1.309016,1.2796032924414809,0.21850779385538954
7667,165,12,98,114.11199480800613,15.381805548027792,1.309016,1.3619914083641305,0.26578097786895255
7668,180,13,98,116.39278339054093,14.194723560510528,1.309016,1.2791378995600533,0.2182234610170334
7669,214,13,98,110.5880327883863,15.678633416615428,1.309016,1.4719912586905137,0.32064813965702355
7670,179,13,98,118.42646533641461,15.503734576781167,1.309016,1.2632169794063703,0.20837036209730586
7671,165,13,98,113.86923133242026,15.674340185413577,1.309016,1.3753915058610666,0.27293429126280083
7672,180,14,98,117.65769715172787,14.357382945157005,1.309016,1.2547702701028864,0.2030413663546525
7673,214,14,98,112.01375959584898,16.767407036152246,1.309016,1.4553145810302814,0.3128633403150157
7674,179,14,98,119.06807166246581,15.340120298666436,1.309016,1.2467235773474343,0.19789757876591269
7675,165,14,98,113.7199749460572,14.970019829471823,1.309016,1.3629116890842938,0.2662767455814581
7676,180,15,98,118.71855279699386,18.590957526724228,1.309016,1.3283362638084084,0.24717857424674342
7677,214,15,98,113.5773189543646,16.55134916866429,1.309016,1.4047261335445829,0.28811746566095886
7678,179,15,98,123.18611015109512,16.96730214084765,1.309016,1.2072988877423805,0.17170469537168576
7679,165,15,98,111.32722466683374,14.420192874959174,1.309016,1.4189958010376202,0.29527627969810455
7680,180,8,219,121.57195705928959,16.6017209512996,1.257496,1.1806436247352416,0.15300436215521923
7681,214,8,219,110.99904865343355,22.503615084635204,1.257496,1.5006297000336777,0.3336130825762294
7682,179,8,219,119.15507523363395,16.8196986504012,1.257496,1.2204229779107199,0.1806119533147998
7683,165,8,219,116.13045881577946,27.794972381320108,1.257496,1.4930376900912323,0.330224543803114
7684,180,9,219,120.72371328248424,16.1143277686053,1.257496,1.184922105476941,0.15606266827346285
7685,214,9,219,111.51022708110698,24.236180863302142,1.257496,1.5253902725148691,0.34443006618147143
7686,179,9,219,118.80926645235517,18.21318665173076,1.257496,1.2501910668748641,0.2001222641114157
7687,165,9,219,116.97832984176385,26.12296229038845,1.257496,1.439542470256022,0.30533484029675734
7688,180,10,219,119.74978699289254,16.626178622786593,1.257496,1.2077921314237268,0.17204295840111544
7689,214,10,219,112.46299209975452,23.96090322597085,1.257496,1.4957205227937156,0.3314259015900951
7690,179,10,219,118.08497670179115,18.635832811117567,1.257496,1.2703025359687394,0.21278595320019988
7691,165,10,219,117.15870684345964,26.391824514981504,1.257496,1.4413603186092114,0.30621095427067546
7692,180,11,219,119.37309084705967,17.81543987458219,1.257496,1.2338812353382238,0.18954922778618458
7693,214,11,219,111.6525226185306,24.459287060495726,1.257496,1.5266875579032733,0.34498712927654757
7694,179,11,219,118.07722430194599,18.879019152386338,1.257496,1.2748663446692314,0.21560404807811165
7695,165,11,219,117.42973035183994,26.510409873775487,1.257496,1.438173131352607,0.30467342338714365
7696,180,12,219,119.24786955905597,16.80908450819467,1.257496,1.2187527881819606,0.17948905660210124
7697,214,12,219,111.6195515345826,24.56524126982147,1.257496,1.5298463059851966,0.3463395662115117
7698,179,12,219,119.65068474209795,18.963432754682028,1.257496,1.2494608608373678,0.19965480204812766
7699,165,12,219,116.96239779570443,26.975948126249715,1.257496,1.457705619142776,0.31399043341270516
7700,180,13,219,117.90754988917985,18.079256594810047,1.257496,1.2634094632492578,0.20849096901001274
7701,214,13,219,111.70977953609436,24.672729137566666,1.257496,1.5299287595406088,0.3463747944052835
7702,179,13,219,119.0768217019679,18.548396429051884,1.257496,1.2516230730633577,0.2010374197141542
7703,165,13,219,116.68279243992949,26.87251265005661,1.257496,1.4615107483056062,0.3157764996532909
7704,180,14,219,119.19653755995247,17.970493201378346,1.257496,1.2394634914710416,0.19319931011992728
7705,214,14,219,113.42655663609975,25.492967888252757,1.257496,1.50572998940151,0.335870304079236
7706,179,14,219,119.38127270590594,18.351250223665872,1.257496,1.2430815193119185,0.19554752889132412
7707,165,14,219,116.47393933029203,26.692342773668834,1.257496,1.4622172841520358,0.31610711291795685
7708,180,15,219,117.85032074784598,22.675122514495975,1.257496,1.3516250820943607,0.26014986459818656
7709,214,15,219,114.5253577013162,26.494329268471503,1.257496,1.5015678263819843,0.33402941749924675
7710,179,15,219,124.21435422821096,24.092190587107357,1.257496,1.270355477439042,0.21281875997737412
7711,165,15,219,113.74148033322466,26.096403016145896,1.257496,1.5113329186747828,0.3383324166082128
7712,180,8,128,123.02920581347087,15.197744185038369,1.333715,1.1926222357060756,0.16151152472185484
7713,214,8,128,102.90156950631118,9.477426758870031,1.333715,1.7043555408224227,0.4132679619667512
7714,179,8,128,120.38198411944208,14.352257718980848,1.333715,1.2218395230496548,0.1815619145270024
7715,165,8,128,107.421839125279,10.861296136495836,1.333715,1.5252011167408075,0.34434876225576494
7716,180,9,128,120.45830640949194,13.366887011805344,1.333715,1.1991291233867791,0.16606145201808264
7717,214,9,128,103.22813011519754,10.206881373890326,1.333715,1.700705351592816,0.41200867095323834
7718,179,9,128,118.72866074467724,14.563884230933958,1.333715,1.2607660826438498,0.20683145448917734
7719,165,9,128,108.40996139005563,9.883187979497475,1.333715,1.4676882556975426,0.31865639987373623
7720,180,10,128,119.25730902637926,13.366364336225615,1.333715,1.2225646540507173,0.18204734883614948
7721,214,10,128,104.30079812929468,11.161879521638726,1.333715,1.667638805807201,0.40034976607781575
7722,179,10,128,117.61854725647272,14.65076434059491,1.333715,1.2880428226888183,0.2236282968352888
7723,165,10,128,108.56436767187493,9.811915263764124,1.333715,1.4603969782841673,0.31525467741318636
7724,180,11,128,118.65165646201494,13.773638833834553,1.333715,1.2442767077231909,0.19632024469072848
7725,214,11,128,103.3839824205263,11.456078556107856,1.333715,1.7168746267608135,0.4175462876478778
7726,179,11,128,117.23717278555517,14.20197617212899,1.333715,1.2863280948553568,0.22259336167850197
7727,165,11,128,108.83156128012578,9.661319175222497,1.333715,1.4474366527684988,0.309123478331636
7728,180,12,128,118.61992819286057,13.171540457835604,1.333715,1.231583196657675,0.1880369895319745
7729,214,12,128,103.247490690513,10.644972561069373,1.333715,1.7076441050849454,0.41439788476870254
7730,179,12,128,115.38971031442925,12.180067909516465,1.333715,1.2860173350045687,0.22240550513539742
7731,165,12,128,108.16838734675116,10.24582590414287,1.333715,1.4836156106770622,0.3259709639051045
7732,180,13,128,114.83483803798771,10.95273657740349,1.333715,1.2746946548126368,0.21549839702827753
7733,214,13,128,103.09547439160762,10.530848364301598,1.333715,1.7128921604951446,0.4161920854895321
7734,179,13,128,115.81928900623451,11.904222861460832,1.333715,1.2689619566049628,0.2119543105331192
7735,165,13,128,107.89767850593002,10.185721191857242,1.333715,1.4933913903132312,0.3303831758463164
7736,180,14,128,116.00146180996752,11.179478214217951,1.333715,1.249149820340811,0.19945551468985065
7737,214,14,128,104.6963730781792,10.033913003421324,1.333715,1.6287620805752643,0.3860367871243608
7738,179,14,128,116.29401819003469,11.877239837152331,1.333715,1.2565608792991305,0.20417703871397935
7739,165,14,128,107.7859938241258,9.56344382079951,1.333715,1.4873736354587332,0.3276739777012508
7740,180,15,128,109.79878435087473,11.45160373132634,1.333715,1.444875300058739,0.30789875087535473
7741,214,15,128,105.56219291473275,11.325004846788067,1.333715,1.6136308829756507,0.3802795852816547
7742,179,15,128,114.4928938621136,10.916421167608817,1.333715,1.2832800967787377,0.22074689499963518
7743,165,15,128,104.8673616136292,10.960495949508177,1.333715,1.637672219919641,0.3893771978075875
7744,180,8,18,125.81194885922056,21.340816719082554,1.1133950000000001,1.0746735621576715,0.06948487874564065
7745,214,8,18,105.26098098155944,13.013262680733654,1.1133950000000001,1.1890042275999153,0.15896009720792414
7746,179,8,18,120.17494110862697,17.78506462745549,1.1133950000000001,1.0850317525995234,0.07836798544909311
7747,165,8,18,105.25544233173163,12.671502226972652,1.1133950000000001,1.1878964048946665,0.1581757501078789
7748,180,9,18,123.85519543576828,20.45312389297986,1.1133950000000001,1.0794855806606534,0.07363283223478315
7749,214,9,18,105.49087827642418,14.246822160557997,1.1133950000000001,1.1909682070538368,0.1603470234744933
7750,179,9,18,118.87162537263012,19.262048701873123,1.1133950000000001,1.1011407643635467,0.0918508946692256
7751,165,9,18,106.09313985095999,11.145177722855202,1.1133950000000001,1.1732743537197408,0.14768442962244335
7752,180,10,18,122.73020625341044,20.96908848161246,1.1133950000000001,1.0880868079289057,0.08095568045400028
7753,214,10,18,106.64525902642666,13.700150928535079,1.1133950000000001,1.175901348043194,0.14958852486725152
7754,179,10,18,117.98789061612678,18.635383033960085,1.1133950000000001,1.1033267414201429,0.09365017409724542
7755,165,10,18,106.21125067034379,11.221428069414742,1.1133950000000001,1.172116558974922,0.14684252829381328
7756,180,11,18,122.29304045190169,22.730298326436117,1.1133950000000001,1.1000358985287808,0.09093875814650382
7757,214,11,18,105.19075733577543,14.10968190304031,1.1133950000000001,1.1938477641240712,0.16237226382569622
7758,179,11,18,117.32072058717739,18.76631672985519,1.1133950000000001,1.108512120263001,0.09788988165258483
7759,165,11,18,106.47308635328334,11.641994668640333,1.1133950000000001,1.170384294469074,0.14557978543822325
7760,180,12,18,122.13743378357853,21.41045339368371,1.1133950000000001,1.0937103776853538,0.08568116349382678
7761,214,12,18,105.27820654458937,13.31055480419035,1.1133950000000001,1.189859635342461,0.15956473327025367
7762,179,12,18,115.08712207794036,14.037402459652961,1.1133950000000001,1.098557236864667,0.08971515871667633
7763,165,12,18,106.01053324223398,12.247940556329981,1.1133950000000001,1.1777032394892029,0.15088965838820045
7764,180,13,18,113.02978054680676,12.6542687440191,1.1133950000000001,1.1082157398722796,0.09764862199552529
7765,214,13,18,104.90132873282298,12.566523442334365,1.1133950000000001,1.1917137541388167,0.16087231809903654
7766,179,13,18,115.14797948051375,13.729563091902845,1.1133950000000001,1.0964807512121126,0.08799128585290465
7767,165,13,18,105.75411047048166,11.624894872143631,1.1133950000000001,1.1786896152965436,0.15160022874349963
7768,180,14,18,114.26463831730769,12.850423847709889,1.1133950000000001,1.0988844244095204,0.08998619164399878
7769,214,14,18,106.14398499580669,12.770405904411973,1.1133950000000001,1.1779875624905995,0.1510946024882329
7770,179,14,18,115.68953213605974,13.917302965895779,1.1133950000000001,1.0934067119017845,0.08542723479291646
7771,165,14,18,105.66789665223467,11.145568448499388,1.1133950000000001,1.178295144391783,0.15131620056349815
7772,180,15,18,109.59156155851254,10.798315841532093,1.1133950000000001,1.1331037147065737,0.11746825376972836
7773,214,15,18,104.46941599272382,10.977654712604947,1.1133950000000001,1.1923008830731345,0.16128553270671275
7774,179,15,18,113.30766656915944,11.929364238597046,1.1133950000000001,1.1023396215009003,0.09283855855744244
7775,165,15,18,103.11519454166371,11.551129515256353,1.1133950000000001,1.2105260370442363,0.17391285325698705
7776,180,8,230,121.22397654889693,15.873939583349355,1.313036,1.2213510472844076,0.18123458261780415
7777,214,8,230,110.77306011098634,21.239040835872895,1.313036,1.6326676106663696,0.3875054582654137
7778,179,8,230,119.81105545599291,17.156105863915435,1.313036,1.2764160865631125,0.21655641093288983
7779,165,8,230,115.58925030487663,25.83513517106102,1.313036,1.623147944217907,0.3839132140959356
7780,180,9,230,120.19756652369749,15.291650925918441,1.313036,1.2278089795981184,0.18554106003743673
7781,214,9,230,111.09431894019833,22.40073891458428,1.313036,1.6583964834903222,0.397007886862276
7782,179,9,230,119.43528424720407,18.72545059226288,1.313036,1.321720400444447,0.24341033121397232
7783,165,9,230,116.45548838004795,23.81917707051502,1.313036,1.5359565451189379,0.34893991423268794
7784,180,10,230,119.16336163209913,15.709333658293481,1.313036,1.2568914786016905,0.20438636348102693
7785,214,10,230,112.0955371051692,21.74916419942558,1.313036,1.6044166293871436,0.3767204966069313
7786,179,10,230,118.64230411127969,19.10100268300059,1.313036,1.3487157905322018,0.2585539466358579
7787,165,10,230,116.61531969040092,24.21540993952539,1.313036,1.5434014182000426,0.35208041912632965
7788,180,11,230,118.77203889592283,16.878650927253407,1.313036,1.291550247902708,0.22573666675078544
7789,214,11,230,110.9539395815414,22.50610921976272,1.313036,1.6665958312090536,0.39997449815139824
7790,179,11,230,118.52726436332883,19.55878127920351,1.313036,1.3631231450998502,0.2663905652289772
7791,165,11,230,116.88624060056053,24.067279282930645,1.313036,1.5313993285960412,0.3470024562980698
7792,180,12,230,118.63141009057051,15.696273944632695,1.313036,1.2675177839921017,0.21105643437170793
7793,214,12,230,111.17163964446551,21.896558848139765,1.313036,1.639749835539817,0.39015087647757374
7794,179,12,230,120.06233769865256,19.317083618513635,1.313036,1.322944785704174,0.2441105548726871
7795,165,12,230,116.41017790454953,25.24478161208459,1.313036,1.580588966697643,0.36732444609598874
7796,180,13,230,119.90667265024081,19.50797542307343,1.313036,1.3310317123930404,0.2487030994910586
7797,214,13,230,111.1858915780185,21.70807731108731,1.313036,1.633330497924101,0.3877540392033573
7798,179,13,230,120.16013059029505,18.921141288012798,1.313036,1.3111407980397396,0.23730540496102323
7799,165,13,230,116.13199202310122,25.068733903120012,1.313036,1.5832357471705003,0.368382123895849
7800,180,14,230,121.17261520978525,18.37521391258582,1.313036,1.27773544034544,0.21736537281172483
7801,214,14,230,112.36910681749461,21.72890718667134,1.313036,1.5949300456243156,0.3730132536260784
7802,179,14,230,119.96634209243817,18.255675724261174,1.313036,1.2990735273897525,0.23022063115294583
7803,165,14,230,115.97478353546136,24.284340985234735,1.313036,1.5637299019214064,0.3605033716044778
7804,180,15,230,118.33057973861074,24.672037541569942,1.313036,1.510353189992183,0.33790320924526557
7805,214,15,230,114.39736944547032,25.669782080243177,1.313036,1.654653678603672,0.3956439266228331
7806,179,15,230,124.07553799687342,23.500946279792828,1.313036,1.346437345494098,0.2572992695526928
7807,165,15,230,113.26900646979095,25.16590944386121,1.313036,1.674677482810913,0.40287009871206975
7808,180,8,89,122.60775212632696,16.188149912947132,1.1987709999999998,1.118231474966909,0.10573077007191882
7809,214,8,89,108.90105615609427,19.44507032623183,1.1987709999999998,1.3513805877084704,0.26001600948279474
7810,179,8,89,121.13675075012806,17.50781258798605,1.1987709999999998,1.1473161468144484,0.1284006568054283
7811,165,8,89,114.9068842954268,21.505642695463578,1.1987709999999998,1.2764223403365678,0.2165602493792772
7812,180,9,89,121.01649569895812,15.56598598374637,1.1987709999999998,1.1272105176744633,0.11285426784067813
7813,214,9,89,109.35611666850417,20.45984985239578,1.1987709999999998,1.3560426779636472,0.26256008291590954
7814,179,9,89,120.20519651896142,19.766483558699406,1.1987709999999998,1.183897121835315,0.15533201191521756
7815,165,9,89,115.9956250591537,19.35999850516299,1.1987709999999998,1.2330085975387917,0.18897564705055594
7816,180,10,89,119.94393258911234,15.810884741680242,1.1987709999999998,1.1412611417285463,0.12377635281141103
7817,214,10,89,110.38331781429574,19.679332336870285,1.1987709999999998,1.3270306976221573,0.24643792958832672
7818,179,10,89,119.37500691138526,19.059132425045036,1.1987709999999998,1.1852259367741513,0.1562790106317482
7819,165,10,89,116.16402358685005,19.836848073463813,1.1987709999999998,1.2366361274912196,0.19135469377826325
7820,180,11,89,119.51792435904376,17.231276212773974,1.1987709999999998,1.1620789209769542,0.13947324751463114
7821,214,11,89,109.52266783612562,20.560251811907577,1.1987709999999998,1.3542664219248406,0.2615928566118593
7822,179,11,89,119.15317202030553,20.59978489879861,1.1987709999999998,1.2066420188618885,0.17125378996563903
7823,165,11,89,116.4577771746118,20.121773558883405,1.1987709999999998,1.2361205141456535,0.1910173898447503
7824,180,12,89,119.4029477920391,15.767176338259157,1.1987709999999998,1.1468185435906428,0.12802247087055277
7825,214,12,89,109.49054057147137,18.74771887055389,1.1987709999999998,1.3313723046802404,0.2488952966163939
7826,179,12,89,119.94451824557967,18.40370187494716,1.1987709999999998,1.1707777939325954,0.14586695683641188
7827,165,12,89,115.74448287343647,20.995645107465418,1.1987709999999998,1.2574222950728082,0.2047222290248184
7828,180,13,89,119.43438205098482,18.03173191478431,1.1987709999999998,1.1723492508443414,0.14701186589253432
7829,214,13,89,109.49208837591299,18.346299798031662,1.1987709999999998,1.3262712855800551,0.2460064461377205
7830,179,13,89,119.9529509284148,17.911424771721602,1.1987709999999998,1.1649447288132717,0.14159017568267018
7831,165,13,89,115.4556300163292,20.643630803430458,1.1987709999999998,1.2570960082330922,0.20451580988985302
7832,180,14,89,120.68774151532503,17.016752021520414,1.1987709999999998,1.1465961181048032,0.12785331799928856
7833,214,14,89,111.13327016120589,18.971789152729833,1.1987709999999998,1.3046544196931835,0.233513499892814
7834,179,14,89,120.0078249540136,17.206380872670955,1.1987709999999998,1.1562162019004867,0.13510985371396128
7835,165,14,89,115.43959991700046,19.941686719672422,1.1987709999999998,1.2483440919732562,0.19893881308053374
7836,180,15,89,117.55245682992786,27.507177756784237,1.1987709999999998,1.3164906221972947,0.24040476769143604
7837,214,15,89,113.74383539437649,22.834867629165583,1.1987709999999998,1.3119937687187408,0.2378012580223044
7838,179,15,89,123.36671410186737,21.495387769669534,1.1987709999999998,1.169724224488575,0.14509764005510067
7839,165,15,89,112.49318350023637,21.543060392419363,1.1987709999999998,1.3151260902516997,0.2396166364484399
7840,180,8,168,119.37921919919884,15.894967212556292,1.301839,1.2451275280660543,0.19686941501228317
7841,214,8,168,103.82504808599725,11.682802742269873,1.301839,1.6184074696513775,0.3821086353392753
7842,179,8,168,118.05862937139395,15.56875432632308,1.301839,1.2644307028718482,0.20913024515401113
7843,165,8,168,110.0246807310195,15.863048453464474,1.301839,1.4798876827883922,0.3242730434002882
7844,180,9,168,117.45930785187377,14.553832904303391,1.301839,1.255687028008983,0.20362321367164254
7845,214,9,168,104.3525543153735,12.493629261046733,1.301839,1.6112736085564574,0.37937294157265966
7846,179,9,168,116.75377512123447,16.842785633580657,1.301839,1.3207386685573612,0.24284794274078692
7847,165,9,168,110.92615542114265,13.856340978059817,1.301839,1.4066598386004407,0.28909607528501546
7848,180,10,168,116.4070199912693,15.154352902870778,1.301839,1.2911030463719186,0.2254684838595468
7849,214,10,168,105.33757389393178,12.102589179545415,1.301839,1.5650930417988358,0.3610603502200403
7850,179,10,168,115.93534649563038,17.24329073029714,1.301839,1.349162923117521,0.25879967284507616
7851,165,10,168,111.12257899338053,14.097150139892403,1.301839,1.4059140582125125,0.28871896958523485
7852,180,11,168,115.93713219163304,16.42840686959494,1.301839,1.3301788161575472,0.2482213760638033
7853,214,11,168,104.65380858074852,12.962483702700974,1.301839,1.6080988474528415,0.3781476794265748
7854,179,11,168,115.55310191083309,16.811980471262217,1.301839,1.3482412522320901,0.2582929810637057
7855,165,11,168,111.36577169850608,14.24464651595262,1.301839,1.4018843535271988,0.28667439829543795
7856,180,12,168,115.81368489279713,14.892743467001,1.301839,1.2990446598007852,0.23020352498631197
7857,214,12,168,104.46562708577709,10.570137404445813,1.301839,1.5747002142427275,0.3649584911748428
7858,179,12,168,115.0382945461115,14.283335660175009,1.301839,1.3044235425024315,0.23337783517646382
7859,165,12,168,110.78800883723989,14.832012404867866,1.301839,1.4321868711845287,0.3017670946997838
7860,180,13,168,113.07866090000358,13.44150363670245,1.301839,1.3367160387813521,0.25189795664330256
7861,214,13,168,104.4973730708439,11.55687474647847,1.301839,1.5889248916527354,0.3706436312670258
7862,179,13,168,115.11158189864081,13.362924834644929,1.301839,1.2837414635913489,0.22102695257467495
7863,165,13,168,110.54191627750238,14.780208309804877,1.301839,1.4385576624444372,0.3048592864183336
7864,180,14,168,114.28483540165051,12.556223556249204,1.301839,1.2879188320525843,0.22355355390969925
7865,214,14,168,106.27404365271673,11.525844662219257,1.301839,1.5192349377464747,0.34177395796115045
7866,179,14,168,115.35901033230635,13.496416829612915,1.301839,1.2805901497589387,0.21911003283271985
7867,165,14,168,110.36851774444486,14.061733959133532,1.301839,1.4281001657599817,0.2997690050208507
7868,180,15,168,113.51380373869617,15.52922755673737,1.301839,1.3703670560147838,0.2702685053534943
7869,214,15,168,109.04473440186739,15.707579145462244,1.301839,1.5079807728517542,0.33686157144504425
7870,179,15,168,118.27006295880821,15.51471978986643,1.301839,1.2589794229130276,0.20570584252584587
7871,165,15,168,107.65674505666786,16.275402445775615,1.301839,1.5694202466225577,0.36282203434546495
7872,180,8,238,123.70691616834587,19.463142024778477,1.177123,1.124826535654,0.1109740317260767
7873,214,8,238,108.71366403629581,18.526205584031548,1.177123,1.2981841863270323,0.22969328194536728
7874,179,8,238,120.03638943781384,18.109000148877772,1.177123,1.1451452396863786,0.12674832384242332
7875,165,8,238,106.0256337283894,15.469855666701552,1.177123,1.3155846943561063,0.2398817010489504
7876,180,9,238,122.14246935681153,18.492694338668283,1.177123,1.129089046260478,0.11433026180531858
7877,214,9,238,108.56920518908437,18.696407927755192,1.177123,1.3023478906202905,0.2321560105390015
7878,179,9,238,119.32655472313357,19.638600612109492,1.177123,1.1677563937873914,0.1436570115821041
7879,165,9,238,107.08104027981885,13.749653188235738,1.177123,1.2814864449616474,0.21965620164641836
7880,180,10,238,121.10016674751739,18.962009282887777,1.177123,1.1432368819271224,0.12529064115362684
7881,214,10,238,109.88863231898678,18.576508654825748,1.177123,1.2797260922034237,0.21858278416578442
7882,179,10,238,118.16893566992462,19.840341224653127,1.177123,1.182343184815505,0.15422187665754442
7883,165,10,238,107.17958871383212,14.044871811849966,1.177123,1.282120280596758,0.2200419764559423
7884,180,11,238,120.68020186531074,20.33867427316435,1.177123,1.1610538388637628,0.1387134975767999
7885,214,11,238,107.87710298673693,18.49515490578897,1.177123,1.311897787681522,0.23774549405463194
7886,179,11,238,117.87538169627088,19.517545272817575,1.177123,1.182271283327191,0.15417043947327927
7887,165,11,238,107.37113035274285,14.434455348501256,1.177123,1.2819596376764546,0.21994423957645423
7888,180,12,238,120.51008956704942,19.232051664990863,1.177123,1.1516184827564084,0.13165686816132746
7889,214,12,238,108.27607843553216,18.08650441418228,1.177123,1.3009430567351665,0.23132684799472328
7890,179,12,238,118.457399946818,18.569815751451788,1.177123,1.1661182243364856,0.14245401612774372
7891,165,12,238,106.9376876532452,14.69027939306368,1.177123,1.2919837729493169,0.22599647074729248
7892,180,13,238,121.90714285296676,24.049107129065256,1.177123,1.1867189994805363,0.15734053264696105
7893,214,13,238,107.53991342161589,17.138169685133057,1.177123,1.3040055072684087,0.2331320731192541
7894,179,13,238,119.43984608754238,19.321360624306145,1.177123,1.1633426152958481,0.14040800461376438
7895,165,13,238,106.44124873810296,14.330953393617946,1.177123,1.2980520341238786,0.22961485848681643
7896,180,14,238,123.13128951783528,22.39566588352798,1.177123,1.1583215464057477,0.13668186255968112
7897,214,14,238,108.214824299645,15.871563298242384,1.177123,1.2801509680371816,0.21884213271090128
7898,179,14,238,118.70629388094977,18.378576982892675,1.177123,1.1615091023923483,0.13905108626328425
7899,165,14,238,106.49875669642937,13.916378623182677,1.177123,1.2935774852660338,0.22695005796707832
7900,180,15,238,104.04186726640623,7.587951298357304,1.177123,1.3079013121420757,0.2354163187112307
7901,214,15,238,102.44584794311652,11.493753182914277,1.177123,1.3587253557608507,0.2640160899624736
7902,179,15,238,111.11290198982245,10.987028840561468,1.177123,1.190699443828384,0.16015749802925883
7903,165,15,238,103.71262497851524,13.704589175065106,1.177123,1.3463677086953598,0.25726085560310463
7904,180,8,217,122.61480192150557,19.067956684193923,1.2550499,1.2036615783776115,0.16920169426037704
7905,214,8,217,107.81891184845975,20.53446727968233,1.2550499,1.5367523684176514,0.3492770725125542
7906,179,8,217,119.49265325786256,18.705136207641253,1.2550499,1.2444868299176632,0.19645593994260171
7907,165,8,217,111.2259420376646,23.61662796484149,1.2550499,1.512046520621065,0.33864468694438354
7908,180,9,217,121.38382211616417,18.78072636366396,1.2550499,1.2164861350760106,0.1779602157672629
7909,214,9,217,108.17237938282874,22.12413507450781,1.2550499,1.5606552168291665,0.3592434836236717
7910,179,9,217,118.58816969092273,20.53186373514519,1.2550499,1.2926982612408804,0.22642427085800745
7911,165,9,217,112.14586583471484,22.153980550588322,1.2550499,1.4585275172776697,0.3143770082127129
7912,180,10,217,120.35773354412038,19.34617988377846,1.2550499,1.2417902318671747,0.1947110112982732
7913,214,10,217,109.2595006041837,22.09539134148033,1.2550499,1.53037297768916,0.34656452082028727
7914,179,10,217,117.81894676228987,20.534777631503463,1.2550499,1.306599679785719,0.23465464176143144
7915,165,10,217,112.30336211497026,22.53242917515199,1.2550499,1.462677632654103,0.3163223545126283
7916,180,11,217,119.94483823494775,21.254005140230717,1.2550499,1.2826376822341312,0.22035660276394317
7917,214,11,217,108.13363097344659,21.671046043459523,1.2550499,1.5520121668720686,0.3556751542641551
7918,179,11,217,117.50312531043357,21.057363420869212,1.2550499,1.3223532843003578,0.24377243821866507
7919,165,11,217,112.56844622736519,22.62520477048358,1.2550499,1.4583255051385082,0.31428203341679717
7920,180,12,217,119.80476920375854,19.743194632662163,1.2550499,1.257664209571849,0.20487520246725205
7921,214,12,217,108.16248282320477,21.522291639182995,1.2550499,1.548035114298854,0.3540198211505516
7922,179,12,217,117.33892662697687,18.347970533590516,1.2550499,1.275136126081006,0.21577000325965767
7923,165,12,217,112.03488500118448,23.20624747748835,1.2550499,1.483335740680897,0.32584379073818504
7924,180,13,217,115.72638126023753,16.79587316913706,1.2550499,1.2776042606002223,0.21728501474298698
7925,214,13,217,107.99779133229657,21.370415293635048,1.2550499,1.5493878704301678,0.35458382043331554
7926,179,13,217,117.26412572152914,18.24911111073412,1.2550499,1.274717163315775,0.21551224947908043
7927,165,13,217,111.77502622650509,22.988675343161763,1.2550499,1.4850536524073328,0.32662365539523835
7928,180,14,217,117.02184618015573,16.434275892867078,1.2550499,1.247349644759862,0.19830016852049642
7929,214,14,217,109.44811866353541,21.640863277992025,1.2550499,1.5156830233778005,0.3402314437939448
7930,179,14,217,117.49738530049918,17.79198485520542,1.2550499,1.2624082591468684,0.20786323065107565
7931,165,14,217,111.638660270052,22.48583070373271,1.2550499,1.4777632451616642,0.3233016159563489
7932,180,15,217,115.02366298656798,26.49087074699093,1.2550499,1.4832463972619772,0.32580318290611304
7933,214,15,217,110.37584086313302,23.19491916791129,1.2550499,1.5246276176106193,0.34410213454798244
7934,179,15,217,119.71378278482591,23.684529043870246,1.2550499,1.332297657797254,0.24941697964601717
7935,165,15,217,109.05333745859261,22.306323385610742,1.2550499,1.540428569684351,0.35083000946619036
7936,180,8,47,113.96485583145838,13.189725075932595,1.191394,1.182301696478365,0.15419219732270847
7937,214,8,47,108.58535648323374,21.14982483474884,1.191394,1.3618979726516545,0.26573060531621817
7938,179,8,47,118.0806346600282,18.753341593116275,1.191394,1.1887327226344746,0.15876800481794118
7939,165,8,47,118.88706095318068,32.60130615981272,1.191394,1.343768541176486,0.25582422168888724
7940,180,9,47,112.64252052419745,12.347966133123261,1.191394,1.1942175514687898,0.16263163376716255
7941,214,9,47,109.31001431443853,22.135001513174764,1.191394,1.3612070504193712,0.2653579044481791
7942,179,9,47,118.2597924524075,21.645915960117588,1.191394,1.2203875676416966,0.18058817828468898
7943,165,9,47,119.9880274363294,31.993018364669766,1.191394,1.3221477494473544,0.24365487864878124
7944,180,10,47,111.60330293614676,12.65173514358925,1.191394,1.2140569258226876,0.1763153945006616
7945,214,10,47,110.15481843842763,21.397655646769678,1.191394,1.3371635241518236,0.252148311004587
7946,179,10,47,117.15283673757285,21.13549755382324,1.191394,1.2283754026951066,0.1859166197841812
7947,165,10,47,120.1630466866065,32.24615663480302,1.191394,1.322827665079131,0.244043629870577
7948,180,11,47,111.0959423869359,13.869554821493221,1.191394,1.2345260284876851,0.1899725263589488
7949,214,11,47,109.6719392199857,22.555531029306227,1.191394,1.360130168210267,0.26477625202898475
7950,179,11,47,117.62272013111485,22.80950558735644,1.191394,1.2424675157842167,0.1951499839665239
7951,165,11,47,120.50344625704574,30.925431355167486,1.191394,1.3031102776086447,0.23260523903233002
7952,180,12,47,110.94881390157983,12.769906582331249,1.191394,1.2262869078944483,0.18453015068307796
7953,214,12,47,109.69987469254366,21.43950340174292,1.191394,1.3455922849296622,0.2568328377029356
7954,179,12,47,121.26133658361861,25.04619210705523,1.191394,1.2247923112146386,0.18353504439598406
7955,165,12,47,119.74962234760531,31.739258203980036,1.191394,1.3222821878221938,0.2437317773696962
7956,180,13,47,123.56662794561761,29.19508639700664,1.191394,1.2467625825831525,0.19792267271278552
7957,214,13,47,110.00498584569748,21.418042308473982,1.191394,1.3400076069932594,0.2537355797226976
7958,179,13,47,122.00138824284609,24.87445034862457,1.191394,1.2144385833891895,0.1765742511167143
7959,165,13,47,119.45519548954158,32.84754259569368,1.191394,1.3390505514958326,0.253202204440366
7960,180,14,47,124.83039699244082,28.895895535277866,1.191394,1.2296826350038417,0.18678204315955402
7961,214,14,47,111.77603960256072,22.498972906356133,1.191394,1.3238590501531124,0.24463257634236527
7962,179,14,47,120.83020151714877,22.86634100193678,1.191394,1.2042443536871545,0.16960374616812554
7963,165,14,47,119.41671266415344,31.324641702455278,1.191394,1.321770668375341,0.2434391048871182
7964,180,15,47,121.73063568406832,30.660173242370167,1.191394,1.2848792165605063,0.22171672861446043
7965,214,15,47,118.14678152628169,32.72019406811848,1.191394,1.3552366651293566,0.2621214982369514
7966,179,15,47,128.14215529195346,30.364037942298456,1.191394,1.2124202378405848,0.1752034741839363
7967,165,15,47,116.60778093203987,31.30096673706723,1.191394,1.3600271392534904,0.2647205550994422
7968,180,8,205,117.00517130196714,12.816511980707222,1.322055,1.2491551575403224,0.1994589351341486
7969,214,8,205,106.60006452314879,15.75949807983949,1.322055,1.6485232295914158,0.3933964762826857
7970,179,8,205,118.03782171878815,14.94185456076036,1.322055,1.2728454436941323,0.21435865999744877
7971,165,8,205,116.78311252393611,27.876245681918913,1.322055,1.6825327491726378,0.4056579282086865
7972,180,9,205,115.35367889454125,11.644518633167454,1.322055,1.2642059969328738,0.2089896722321137
7973,214,9,205,107.29284622731254,17.814219459924384,1.322055,1.680946785266414,0.40509716978249877
7974,179,9,205,117.14436827182142,16.156517000358203,1.322055,1.322276008982718,0.24372824341769483
7975,165,9,205,117.62598468416775,25.204334057004882,1.322055,1.5699885714136401,0.3630526882755677
7976,180,10,205,114.43434844391578,11.993260609607386,1.322055,1.295050981230836,0.22782962640622462
7977,214,10,205,108.18800675726601,17.116068530465306,1.322055,1.6249261278023293,0.3845874080734524
7978,179,10,205,116.43207211211201,16.413369009464144,1.322055,1.3461547100930937,0.25714333389596455
7979,165,10,205,117.82173986879309,25.85960030562623,1.322055,1.5852899423501632,0.36920056496572584
7980,180,11,205,114.09413310112086,12.839700801100031,1.322055,1.3222487698471246,0.24371266375568817
7981,214,11,205,107.93075853012809,19.229773581817835,1.322055,1.7004659028947737,0.41192587378690837
7982,179,11,205,116.42697670671099,17.083924414569594,1.322055,1.3635256164727092,0.26660710446578184
7983,165,11,205,118.1383222658643,25.538457153809315,1.322055,1.5659881535413254,0.36142556523266145
7984,180,12,205,113.9620661159753,11.765874430375636,1.322055,1.3031281779945059,0.23261578033023234
7985,214,12,205,107.67668825719201,17.569854774090146,1.322055,1.6582933829379238,0.3969703972234726
7986,179,12,205,118.05152598707298,16.977239347789066,1.322055,1.3213385838379847,0.24319170556922565
7987,165,12,205,117.64141005140213,26.932785919738294,1.322055,1.6252535103994863,0.384711373578759
7988,180,13,205,115.82914119022816,15.71944746657494,1.322055,1.3440096916674344,0.25595774628726203
7989,214,13,205,107.98845314290553,17.869556769564337,1.322055,1.655283257753259,0.39587379059381345
7990,179,13,205,117.87187802349715,16.197807483960897,1.322055,1.3062307483159843,0.23443847781931512
7991,165,13,205,117.38581690794338,27.217916602414846,1.322055,1.6422332251696397,0.39107309201060536
7992,180,14,205,117.05276544912805,14.889852876475532,1.322055,1.2940376198960895,0.22722493950345934
7993,214,14,205,110.09260912081832,18.97014395173884,1.322055,1.611017176718561,0.37927415396223524
7994,179,14,205,117.83488684345139,15.848432901891165,1.322055,1.2986385585087785,0.22996279954270263
7995,165,14,205,117.27950742079457,25.903967119772155,1.322055,1.6025764294108618,0.3760047997413643
7996,180,15,205,121.0860685368236,21.644530795723014,1.322055,1.3754433997779238,0.2729617226259853
7997,214,15,205,116.27515662481092,25.201608068019485,1.322055,1.6098438849920225,0.3788217545051237
7998,179,15,205,126.112188451772,22.219906821392925,1.322055,1.2897845462670872,0.22467670829658
7999,165,15,205,114.42535026740914,28.059392106054048,1.322055,1.7660536380557665,0.4337657823910198
